"tourney_date","year","id_i","id_j","elo_i_pre","elo_j_pre","p_elo","y"
2019-01-07,2019,105376,105550,1645.61430928578,1659.37170767085,0.480211853224382,1
2019-01-07,2019,105173,111442,1659.68166870744,1472.54283846682,0.74597467821147,0
2019-01-07,2019,104259,105614,1728.05850642739,1510.17313030447,0.778034524924828,1
2019-01-07,2019,105077,124187,1593.59743455425,1532.57391184348,0.586927852466416,0
2019-01-07,2019,104655,200005,1679.81391469553,1496.50787288558,0.741771118043013,0
2019-01-07,2019,200282,105583,1735.75198254878,1726.12363865304,0.513852754633344,1
2019-01-07,2019,105815,109739,1577.49810206502,1519.68613962476,0.582438657023165,1
2019-01-07,2019,104291,105023,1646.03094057281,1749.21802139103,0.355719295144159,0
2019-01-07,2019,126610,111456,1636.73242686499,1562.99313643754,0.604554172853897,1
2019-01-07,2019,105357,126207,1698.97320025118,1646.49421713399,0.574954164057752,1
2019-01-07,2019,105449,104919,1702.89397891,1618.19977579377,0.619526518145675,0
2019-01-07,2019,105916,105902,1701.4793594509,1508.77691974683,0.751995679763341,1
2019-01-07,2019,111202,104907,1737.55433493491,1392.89515118896,0.879108805010036,0
2019-01-07,2019,106298,126094,1700.38036408414,1651.2918011555,0.570177769581863,0
2019-01-07,2019,105526,111513,1717.72105105844,1596.50892861281,0.667689409757701,1
2019-01-07,2019,106415,105992,1710.48595544123,1654.08256169151,0.580465361080298,1
2019-01-07,2019,104898,103970,1610.43801667304,1617.63107912393,0.489649829760906,0
2019-01-07,2019,106045,104198,1604.97206359011,1563.808022598,0.558964173131294,0
2019-01-07,2019,133430,105311,1741.10133213181,1643.77035962626,0.636517813954364,0
2019-01-07,2019,104871,104312,1726.05479433568,1657.95576198292,0.596766361844443,0
2019-01-07,2019,105332,111815,1698.59776187266,1654.00350369764,0.563826181570365,0
2019-01-07,2019,105373,200615,1800.40938660477,1486.34100446177,0.859110655025917,1
2019-01-07,2019,126203,105657,1646.71845497525,1646.88933823461,0.499754079241307,1
2019-01-07,2019,105051,105819,1647.87318414141,1499.05288691417,0.701966229916931,0
2019-01-07,2019,104926,105376,1829.74331347989,1645.61430928578,0.742677502540126,1
2019-01-07,2019,111442,106121,1472.54283846682,1605.85843705673,0.317036117465121,1
2019-01-07,2019,104259,200005,1728.05850642739,1496.50787288558,0.79132200365661,1
2019-01-07,2019,200282,124187,1735.75198254878,1532.57391184348,0.763070354489478,1
2019-01-07,2019,106065,105815,1667.9086140978,1577.49810206502,0.627251756252217,0
2019-01-07,2019,104468,105023,1756.34569095323,1749.21802139103,0.510256102267663,1
2019-01-07,2019,126610,104919,1636.73242686499,1618.19977579377,0.526645362339813,0
2019-01-07,2019,105916,105357,1701.4793594509,1698.97320025118,0.503606590456484,0
2019-01-07,2019,105526,104907,1717.72105105844,1392.89515118896,0.866440710477411,1
2019-01-07,2019,106415,126094,1710.48595544123,1651.2918011555,0.584372438696148,1
2019-01-07,2019,105807,103970,1734.24359519239,1617.63107912393,0.66178872916008,1
2019-01-07,2019,106043,104198,1746.0361369534,1563.808022598,0.740580779248178,1
2019-01-07,2019,105311,111815,1643.77035962626,1654.00350369764,0.485277578867441,0
2019-01-07,2019,104312,105373,1657.95576198292,1800.40938660477,0.305757508013087,1
2019-01-07,2019,104545,126203,1797.49155594014,1646.71845497525,0.704312654202262,0
2019-01-07,2019,126774,105819,1880.73300158081,1499.05288691417,0.899991249722285,1
2019-01-07,2019,104926,104259,1829.74331347989,1728.05850642739,0.64229631576869,0
2019-01-07,2019,200282,111442,1735.75198254878,1472.54283846682,0.819823718849117,1
2019-01-07,2019,104919,105815,1618.19977579377,1577.49810206502,0.558307924328213,0
2019-01-07,2019,104468,105357,1756.34569095323,1698.97320025118,0.581823271213125,1
2019-01-07,2019,105807,105526,1734.24359519239,1717.72105105844,0.523759943693747,0
2019-01-07,2019,106043,106415,1746.0361369534,1710.48595544123,0.550983021837155,1
2019-01-07,2019,126203,111815,1646.71845497525,1654.00350369764,0.489517508328145,0
2019-01-07,2019,126774,104312,1880.73300158081,1657.95576198292,0.782859541651575,0
2019-01-07,2019,104259,105815,1728.05850642739,1577.49810206502,0.704057605521632,0
2019-01-07,2019,200282,104468,1735.75198254878,1756.34569095323,0.47039793054982,1
2019-01-07,2019,105526,111815,1717.72105105844,1654.00350369764,0.590682542864626,0
2019-01-07,2019,106043,104312,1746.0361369534,1657.95576198292,0.624110306967952,0
2019-01-07,2019,105815,111815,1577.49810206502,1654.00350369764,0.391645543848087,1
2019-01-07,2019,200282,104312,1735.75198254878,1657.95576198292,0.61012342174731,1
2019-01-14,2019,104925,106283,2141.51004826109,1474.69088176382,0.97892813884346,1
2019-01-14,2019,105373,104542,1800.40938660477,1812.48477341309,0.48262911536113,0
2019-01-14,2019,106121,106423,1605.85843705673,1587.83477038422,0.525914898596767,1
2019-01-14,2019,133430,104665,1741.10133213181,1574.79848317752,0.72258413245496,1
2019-01-14,2019,105676,106426,1892.30490331948,1451.15139831299,0.926863836461909,1
2019-01-14,2019,105657,104719,1646.88933823461,1562.23127300364,0.619477482316581,1
2019-01-14,2019,105992,106210,1654.08256169151,1626.02903756253,0.540284756667123,1
2019-01-14,2019,106421,144750,1923.40103413606,1548.43294872675,0.896459456718283,1
2019-01-14,2019,104926,144719,1829.74331347989,1577.59262633103,0.810228568227652,1
2019-01-14,2019,111797,104919,1673.26982472013,1618.19977579377,0.578595073116494,0
2019-01-14,2019,104291,125802,1646.03094057281,1568.85426030559,0.609274749033843,0
2019-01-14,2019,105807,104563,1734.24359519239,1444.38628881115,0.841382774021591,1
2019-01-14,2019,104259,104810,1728.05850642739,1493.36756661135,0.794291376554758,1
2019-01-14,2019,105311,105550,1643.77035962626,1659.37170767085,0.477562933988401,1
2019-01-14,2019,103333,128034,1600.82618240262,1497.86318694418,0.643985017669653,1
2019-01-14,2019,105453,111794,1999.792944915,1509.93120872822,0.943740208503536,1
2019-01-14,2019,100644,105379,2019.12177234514,1640.64614385762,0.898318641306473,1
2019-01-14,2019,104871,200005,1726.05479433568,1496.50787288558,0.789410928106539,1
2019-01-14,2019,106058,106109,1616.41154732785,1402.93480208836,0.773620899208985,0
2019-01-14,2019,104468,106216,1756.34569095323,1515.56840753629,0.799956972160969,1
2019-01-14,2019,111202,105614,1737.55433493491,1510.17313030447,0.787330941802799,1
2019-01-14,2019,105023,105732,1749.21802139103,1693.47267327422,0.579542603297428,0
2019-01-14,2019,104527,105208,1835.94173115111,1704.99827955393,0.679999846984925,1
2019-01-14,2019,105683,106401,1828.57368308499,1818.94270387633,0.51385654424158,1
2019-01-14,2019,106432,104327,1907.88215494032,1678.7420467122,0.789021359489652,1
2019-01-14,2019,105916,105077,1701.4793594509,1593.59743455425,0.650450105062255,1
2019-01-14,2019,111513,105539,1596.50892861281,1564.15741480646,0.546423477882475,0
2019-01-14,2019,106065,105936,1667.9086140978,1644.65253742014,0.533418289611014,0
2019-01-14,2019,106298,105062,1700.38036408414,1697.95591491514,0.503489006190716,1
2019-01-14,2019,109739,105163,1519.68613962476,1505.71269394464,0.520098569162659,1
2019-01-14,2019,104999,200615,1589.65053429822,1486.34100446177,0.644442233433786,0
2019-01-14,2019,106233,105332,1898.5647668638,1698.59776187266,0.75971225589483,1
2019-01-14,2019,105227,106071,1924.75181833124,1662.56324092715,0.818954296701618,1
2019-01-14,2019,111456,126094,1562.99313643754,1651.2918011555,0.37559495035328,1
2019-01-14,2019,105430,111581,1538.02059632298,1528.46707896212,0.513745152610849,1
2019-01-14,2019,104269,200175,1768.77053957827,1502.77833047039,0.822178054415187,1
2019-01-14,2019,105138,104918,1879.58568869354,1954.4349007174,0.39391939071542,1
2019-01-14,2019,105357,105643,1698.97320025118,1603.51982020498,0.634013505758071,1
2019-01-14,2019,105815,106415,1577.49810206502,1710.48595544123,0.317444764492871,0
2019-01-14,2019,111575,105376,1937.4264662829,1645.61430928578,0.842878815000534,1
2019-01-14,2019,126774,126610,1880.73300158081,1636.73242686499,0.802909693683428,1
2019-01-14,2019,106148,104678,1575.85319233616,1588.08935053536,0.482398029722372,0
2019-01-14,2019,105819,105882,1499.05288691417,1457.80892172563,0.559077590620689,0
2019-01-14,2019,105932,111153,1793.75629515582,1472.06572500161,0.864338279146723,1
2019-01-14,2019,104792,106000,1786.31881280776,1656.568277598,0.678503748654692,1
2019-01-14,2019,126203,111815,1646.71845497525,1654.00350369764,0.489517508328145,1
2019-01-14,2019,105147,105554,1522.24946017518,1648.10776406634,0.326403122923614,0
2019-01-14,2019,103819,104797,2139.09713184669,1576.04000510029,0.962356235503053,1
2019-01-14,2019,104731,105173,1994.78657573247,1659.68166870744,0.873140788149899,1
2019-01-14,2019,126207,105432,1646.49421713399,1472.6617971504,0.731188292708481,1
2019-01-14,2019,103852,111442,1714.61904238238,1472.54283846682,0.801150831982076,0
2019-01-14,2019,105449,104312,1702.89397891,1657.95576198292,0.564313050288568,0
2019-01-14,2019,105583,104655,1726.12363865304,1679.81391469553,0.566253157221991,0
2019-01-14,2019,105341,106186,1534.82412666373,1496.46356151711,0.554982052769568,1
2019-01-14,2019,104545,124187,1797.49155594014,1532.57391184348,0.821271894994058,0
2019-01-14,2019,106378,104607,1816.17232507699,1802.10101226576,0.520239182115929,0
2019-01-14,2019,104898,104198,1610.43801667304,1563.808022598,0.566705914992419,1
2019-01-14,2019,106045,117360,1604.97206359011,1475.41677755387,0.678258526241924,1
2019-01-14,2019,106043,200484,1746.0361369534,1507.34368302105,0.798029548117282,1
2019-01-14,2019,200282,105155,1735.75198254878,1527.60530131823,0.768202391167779,1
2019-01-14,2019,105806,105967,1582.56940191341,1635.89659132677,0.423853039311062,0
2019-01-14,2019,105051,105526,1647.87318414141,1717.72105105844,0.400813506537108,1
2019-01-14,2019,104745,105902,2200.71103118547,1508.77691974683,0.981712718964133,1
2019-01-14,2019,104925,104542,2141.51004826109,1812.48477341309,0.869213406282232,1
2019-01-14,2019,133430,106121,1741.10133213181,1605.85843705673,0.68536120021735,1
2019-01-14,2019,105676,105657,1892.30490331948,1646.88933823461,0.804195479218694,1
2019-01-14,2019,106421,105992,1923.40103413606,1654.08256169151,0.824960197644403,1
2019-01-14,2019,104926,104919,1829.74331347989,1618.19977579377,0.771666025789186,1
2019-01-14,2019,105807,125802,1734.24359519239,1568.85426030559,0.721528778151046,1
2019-01-14,2019,104259,105311,1728.05850642739,1643.77035962626,0.61897539656754,0
2019-01-14,2019,105453,103333,1999.792944915,1600.82618240262,0.908598158440496,1
2019-01-14,2019,100644,104871,2019.12177234514,1726.05479433568,0.843833062831392,1
2019-01-14,2019,104468,106109,1756.34569095323,1402.93480208836,0.884361463294745,0
2019-01-14,2019,111202,105732,1737.55433493491,1693.47267327422,0.563100380401621,0
2019-01-14,2019,105683,104527,1828.57368308499,1835.94173115111,0.489398115771127,1
2019-01-14,2019,106432,105916,1907.88215494032,1701.4793594509,0.766410029959227,1
2019-01-14,2019,105936,105539,1644.65253742014,1564.15741480646,0.613812658673293,1
2019-01-14,2019,106298,109739,1700.38036408414,1519.68613962476,0.738880793871566,1
2019-01-14,2019,106233,200615,1898.5647668638,1486.34100446177,0.914741268523042,0
2019-01-14,2019,105227,111456,1924.75181833124,1562.99313643754,0.889185709630955,1
2019-01-14,2019,104269,105430,1768.77053957827,1538.02059632298,0.79055986686721,1
2019-01-14,2019,105138,105357,1879.58568869354,1698.97320025118,0.738790005302663,1
2019-01-14,2019,111575,106415,1937.4264662829,1710.48595544123,0.78690586177644,1
2019-01-14,2019,126774,104678,1880.73300158081,1588.08935053536,0.843511666376676,1
2019-01-14,2019,105932,105882,1793.75629515582,1457.80892172563,0.873676990284396,1
2019-01-14,2019,104792,126203,1786.31881280776,1646.71845497525,0.690744938334636,0
2019-01-14,2019,103819,105554,2139.09713184669,1648.10776406634,0.944083863647212,1
2019-01-14,2019,104731,126207,1994.78657573247,1646.49421713399,0.881313932736198,0
2019-01-14,2019,104312,111442,1657.95576198292,1472.54283846682,0.744087412039732,1
2019-01-14,2019,105777,104655,1838.46687218639,1679.81391469553,0.713670849742767,1
2019-01-14,2019,124187,105341,1532.57391184348,1534.82412666373,0.496761725840133,0
2019-01-14,2019,104607,104898,1802.10101226576,1610.43801667304,0.750878082145213,1
2019-01-14,2019,106043,106045,1746.0361369534,1604.97206359011,0.69254193350666,1
2019-01-14,2019,200282,105967,1735.75198254878,1635.89659132677,0.639873199571289,1
2019-01-14,2019,104745,105051,2200.71103118547,1647.87318414141,0.960166194922892,1
2019-01-14,2019,104925,133430,2141.51004826109,1741.10133213181,0.90928516493784,1
2019-01-14,2019,106421,105676,1923.40103413606,1892.30490331948,0.544631817515484,1
2019-01-14,2019,104926,105807,1829.74331347989,1734.24359519239,0.634075399007715,0
2019-01-14,2019,105453,105311,1999.792944915,1643.77035962626,0.885890085944315,1
2019-01-14,2019,100644,106109,2019.12177234514,1402.93480208836,0.971997442568908,1
2019-01-14,2019,105683,105732,1828.57368308499,1693.47267327422,0.685185047027087,1
2019-01-14,2019,106432,105936,1907.88215494032,1644.65253742014,0.819841126822245,1
2019-01-14,2019,106298,200615,1700.38036408414,1486.34100446177,0.774187589778467,1
2019-01-14,2019,105227,104269,1924.75181833124,1768.77053957827,0.710517846876431,1
2019-01-14,2019,111575,105138,1937.4264662829,1879.58568869354,0.582478997507337,0
2019-01-14,2019,126774,105932,1880.73300158081,1793.75629515582,0.62261869022427,1
2019-01-14,2019,103819,126203,2139.09713184669,1646.71845497525,0.944504551823901,1
2019-01-14,2019,104312,126207,1657.95576198292,1646.49421713399,0.516488508047956,0
2019-01-14,2019,105777,105341,1838.46687218639,1534.82412666373,0.851688764073722,1
2019-01-14,2019,106043,104607,1746.0361369534,1802.10101226576,0.42000926338735,0
2019-01-14,2019,104745,200282,2200.71103118547,1735.75198254878,0.935626809276338,1
2019-01-14,2019,104925,106421,2141.51004826109,1923.40103413606,0.778256768962735,1
2019-01-14,2019,105453,105807,1999.792944915,1734.24359519239,0.821805036750866,1
2019-01-14,2019,100644,105683,2019.12177234514,1828.57368308499,0.749675613446316,0
2019-01-14,2019,106432,106298,1907.88215494032,1700.38036408414,0.767540695460319,0
2019-01-14,2019,105227,105138,1924.75181833124,1879.58568869354,0.564635589250585,0
2019-01-14,2019,103819,126774,2139.09713184669,1880.73300158081,0.815667181685512,0
2019-01-14,2019,105777,126207,1838.46687218639,1646.49421713399,0.751211375862256,0
2019-01-14,2019,104745,104607,2200.71103118547,1802.10101226576,0.9084274704013,1
2019-01-14,2019,104925,105453,2141.51004826109,1999.792944915,0.69334177890279,1
2019-01-14,2019,105683,106298,1828.57368308499,1700.38036408414,0.676545240681456,0
2019-01-14,2019,126774,105138,1880.73300158081,1879.58568869354,0.501651109967893,1
2019-01-14,2019,104745,126207,2200.71103118547,1646.49421713399,0.960468692577285,1
2019-01-14,2019,104925,106298,2141.51004826109,1700.38036408414,0.92685454067602,1
2019-01-14,2019,104745,126774,2200.71103118547,1880.73300158081,0.863178175563776,1
2019-01-14,2019,104925,104745,2141.51004826109,2200.71103118547,0.415618013962448,1
2019-02-01,2019,105357,106000,1698.97320025118,1656.568277598,0.560724361634816,1
2019-02-01,2019,111797,200514,1673.26982472013,1486.46604268584,0.745609024455968,1
2019-02-01,2019,106329,105963,1561.08754193662,1498.10744491546,0.589655781673716,1
2019-02-01,2019,133430,106110,1741.10133213181,1502.08214715955,0.798332524937308,1
2019-02-01,2019,106210,134868,1626.02903756253,1508.24296209399,0.663299129776599,1
2019-02-01,2019,104259,200436,1728.05850642739,1513.96289822843,0.774244190593773,1
2019-02-01,2019,104312,106368,1657.95576198292,1581.32936918337,0.608520386740894,1
2019-02-01,2019,106415,104810,1710.48595544123,1493.36756661135,0.777271109540618,0
2019-02-01,2019,105311,122330,1643.77035962626,1530.19739561745,0.657861440968583,0
2019-02-01,2019,105583,122109,1726.12363865304,1412.78765083373,0.858599579242594,1
2019-02-01,2019,106421,105967,1923.40103413606,1635.89659132677,0.839566829967938,1
2019-02-01,2019,111200,105053,1485.62582902384,1539.08242848001,0.423671133069706,0
2019-02-01,2019,200282,105806,1735.75198254878,1582.56940191341,0.707192977742805,1
2019-02-01,2019,106426,110602,1451.15139831299,1566.65359984999,0.339643316967489,0
2019-02-01,2019,104297,106293,1502.08955966519,1452.95738279458,0.57023929754513,0
2019-02-01,2019,105373,2e+05,1800.40938660477,1508.56028270528,0.842906979493903,1
2019-02-01,2019,104898,104586,1610.43801667304,1647.42774162425,0.446967725419557,1
2019-02-01,2019,126610,105432,1636.73242686499,1472.6617971504,0.720000979090832,1
2019-02-01,2019,106121,105585,1605.85843705673,1480.84443306738,0.672527397426818,1
2019-02-01,2019,105062,105155,1697.95591491514,1527.60530131823,0.727230617263911,1
2019-02-01,2019,105936,104797,1644.65253742014,1576.04000510029,0.597477465129006,1
2019-02-01,2019,111575,144817,1937.4264662829,1501.79425410048,0.924679900166247,1
2019-02-01,2019,144707,123755,1545.98741627459,1508.09374008609,0.554318172617159,0
2019-02-01,2019,111797,110602,1673.26982472013,1566.65359984999,0.648791725067284,1
2019-02-01,2019,106329,106293,1561.08754193662,1452.95738279458,0.650774928325643,0
2019-02-01,2019,133430,105373,1741.10133213181,1800.40938660477,0.415468322040778,1
2019-02-01,2019,100644,121896,2019.12177234514,1458.0593813145,0.961938042256738,1
2019-02-01,2019,104312,105432,1657.95576198292,1472.6617971504,0.743956993289838,1
2019-02-01,2019,106415,200059,1710.48595544123,1488.75196633546,0.781836941275097,1
2019-02-01,2019,105311,105062,1643.77035962626,1697.95591491514,0.422646858373237,0
2019-02-01,2019,105583,104797,1726.12363865304,1576.04000510029,0.703485437278079,0
2019-02-01,2019,111575,105967,1937.4264662829,1635.89659132677,0.850145856708267,1
2019-02-01,2019,111200,105292,1485.62582902384,1465.0558624431,0.529568021842232,0
2019-02-01,2019,106426,200514,1451.15139831299,1486.46604268584,0.449352442245642,1
2019-02-01,2019,2e+05,105613,1508.56028270528,1406.53467870138,0.642746913379814,1
2019-02-01,2019,106121,104810,1605.85843705673,1493.36756661135,0.656458036607897,1
2019-02-01,2019,105936,122109,1644.65253742014,1412.78765083373,0.79162056677716,1
2019-02-04,2019,105819,144719,1499.05288691417,1577.59262633103,0.388858954552793,0
2019-02-04,2019,105936,103917,1644.65253742014,1601.255082543,0.562131170267549,1
2019-02-04,2019,105526,105882,1717.72105105844,1457.80892172563,0.817003221073875,1
2019-02-04,2019,106148,105413,1575.85319233616,1617.32967738768,0.44059248408921,1
2019-02-04,2019,104607,104897,1802.10101226576,1605.85943997556,0.755775649008738,1
2019-02-04,2019,105062,111513,1697.95591491514,1596.50892861281,0.641981722932213,1
2019-02-04,2019,104919,105643,1618.19977579377,1603.51982020498,0.521113591410735,0
2019-02-04,2019,105332,105539,1698.59776187266,1564.15741480646,0.684364120689069,1
2019-02-04,2019,104792,104678,1786.31881280776,1588.08935053536,0.757881637038109,1
2019-02-04,2019,111815,106398,1654.00350369764,1475.89719040618,0.735996374135385,0
2019-02-04,2019,103333,104719,1600.82618240262,1562.23127300364,0.555315198454326,0
2019-02-04,2019,104898,106220,1610.43801667304,1468.04041037592,0.694174037592001,1
2019-02-04,2019,104665,132283,1574.79848317752,1551.26672561879,0.533813232988905,0
2019-02-04,2019,125802,105341,1568.85426030559,1534.82412666373,0.548817288635034,1
2019-02-04,2019,105373,105806,1800.40938660477,1582.56940191341,0.777989396993638,1
2019-02-04,2019,111797,106228,1673.26982472013,1465.80958743384,0.76749801391106,0
2019-02-04,2019,105732,106045,1693.47267327422,1604.97206359011,0.624677640970703,1
2019-02-04,2019,105932,104978,1793.75629515582,1524.00187950843,0.825322274840742,0
2019-02-04,2019,105550,103893,1659.37170767085,1499.46631004712,0.715141826488529,1
2019-02-04,2019,104871,104629,1726.05479433568,1467.28716982906,0.816016153367326,1
2019-02-04,2019,104312,105916,1657.95576198292,1701.4793594509,0.437690107109277,0
2019-02-04,2019,105077,106198,1593.59743455425,1450.61229481913,0.694891576531326,1
2019-02-04,2019,126156,104327,1489.68009562654,1678.7420467122,0.251933243391265,1
2019-02-04,2019,105173,120424,1659.68166870744,1534.66735649005,0.672527788189115,0
2019-02-04,2019,105561,205734,1498.21786947972,1485.6758879218,0.518041526292705,1
2019-02-04,2019,200005,104542,1496.50787288558,1812.48477341309,0.139564805525396,0
2019-02-04,2019,104291,104122,1646.03094057281,1537.92214841933,0.6507469743684,1
2019-02-04,2019,104259,105430,1728.05850642739,1538.02059632298,0.749124078284499,0
2019-02-04,2019,104655,105487,1679.81391469553,1466.25365535187,0.773705081921593,1
2019-02-04,2019,128034,105208,1497.86318694418,1704.99827955393,0.232836145455607,0
2019-02-04,2019,105657,104527,1646.88933823461,1835.94173115111,0.251943612995237,1
2019-02-04,2019,105379,109739,1640.64614385762,1519.68613962476,0.667367314583961,1
2019-02-04,2019,104571,105074,1600.97988874762,1542.2867385678,0.583671796264253,1
2019-02-04,2019,126610,104797,1636.73242686499,1576.04000510029,0.58646568584138,1
2019-02-04,2019,106065,144719,1667.9086140978,1577.59262633103,0.627124527120243,0
2019-02-04,2019,105676,105936,1892.30490331948,1644.65253742014,0.806215071191446,0
2019-02-04,2019,126774,105526,1880.73300158081,1717.72105105844,0.718770735828179,1
2019-02-04,2019,106148,105643,1575.85319233616,1603.51982020498,0.460268466852756,0
2019-02-04,2019,105332,104607,1698.59776187266,1802.10101226576,0.355302287349248,0
2019-02-04,2019,104792,105062,1786.31881280776,1697.95591491514,0.624491762056177,1
2019-02-04,2019,105807,106398,1734.24359519239,1475.89719040618,0.815651839637618,0
2019-02-04,2019,133430,104719,1741.10133213181,1562.23127300364,0.736849747436493,1
2019-02-04,2019,106421,104898,1923.40103413606,1610.43801667304,0.858338720308575,1
2019-02-04,2019,106228,132283,1465.80958743384,1551.26672561879,0.379438818771877,1
2019-02-04,2019,105732,125802,1693.47267327422,1568.85426030559,0.672025681893915,1
2019-02-04,2019,105373,104978,1800.40938660477,1524.00187950843,0.830774958372314,1
2019-02-04,2019,105550,105077,1659.37170767085,1593.59743455425,0.593541946052713,1
2019-02-04,2019,104871,126156,1726.05479433568,1489.68009562654,0.795870541625276,1
2019-02-04,2019,105916,120424,1701.4793594509,1534.66735649005,0.723171271604206,1
2019-02-04,2019,106043,105561,1746.0361369534,1498.21786947972,0.80636423040902,1
2019-02-04,2019,104468,104542,1756.34569095323,1812.48477341309,0.419905207533981,0
2019-02-04,2019,105138,105051,1879.58568869354,1647.87318414141,0.791475832143414,1
2019-02-04,2019,104291,104655,1646.03094057281,1679.81391469553,0.451535036287072,0
2019-02-04,2019,105208,105430,1704.99827955393,1538.02059632298,0.723362162999997,0
2019-02-04,2019,104269,105657,1768.77053957827,1646.88933823461,0.668543435104659,1
2019-02-04,2019,104926,105379,1829.74331347989,1640.64614385762,0.748104962558008,0
2019-02-04,2019,106298,104571,1700.38036408414,1600.97988874762,0.639269535928423,0
2019-02-04,2019,111575,126610,1937.4264662829,1636.73242686499,0.849531854170159,0
2019-02-04,2019,105643,144719,1603.51982020498,1577.59262633103,0.537243123677272,1
2019-02-04,2019,105936,104607,1644.65253742014,1802.10101226576,0.287748083320299,0
2019-02-04,2019,126774,104792,1880.73300158081,1786.31881280776,0.632624315386581,0
2019-02-04,2019,106228,106398,1465.80958743384,1475.89719040618,0.485486850321325,1
2019-02-04,2019,133430,105732,1741.10133213181,1693.47267327422,0.568116983932917,0
2019-02-04,2019,106421,105373,1923.40103413606,1800.40938660477,0.669958382672888,1
2019-02-04,2019,106043,105550,1746.0361369534,1659.37170767085,0.622196221993413,0
2019-02-04,2019,104871,104542,1726.05479433568,1812.48477341309,0.378121079081231,0
2019-02-04,2019,105138,105916,1879.58568869354,1701.4793594509,0.735996391976997,0
2019-02-04,2019,105379,104655,1640.64614385762,1679.81391469553,0.443870626987757,0
2019-02-04,2019,105430,104571,1538.02059632298,1600.97988874762,0.410373196201461,1
2019-02-04,2019,104269,126610,1768.77053957827,1636.73242686499,0.68136946871119,0
2019-02-04,2019,105643,106228,1603.51982020498,1465.80958743384,0.688415888729914,0
2019-02-04,2019,105732,104607,1693.47267327422,1802.10101226576,0.348573608241938,1
2019-02-04,2019,106421,104792,1923.40103413606,1786.31881280776,0.687639918805434,1
2019-02-04,2019,105550,104655,1659.37170767085,1679.81391469553,0.470615199940242,1
2019-02-04,2019,105430,104542,1538.02059632298,1812.48477341309,0.170803582123642,0
2019-02-04,2019,105916,126610,1701.4793594509,1636.73242686499,0.592114445391619,1
2019-02-04,2019,105550,106228,1659.37170767085,1465.80958743384,0.752917455440949,0
2019-02-04,2019,105732,104542,1693.47267327422,1812.48477341309,0.33512650119087,0
2019-02-04,2019,106421,105916,1923.40103413606,1701.4793594509,0.782021167621604,1
2019-02-11,2019,111575,134868,1937.4264662829,1508.24296209399,0.922053377336202,0
2019-02-11,2019,105643,144719,1603.51982020498,1577.59262633103,0.537243123677272,0
2019-02-11,2019,106368,105359,1581.32936918337,1482.41585167606,0.638622865243195,0
2019-02-11,2019,105341,104542,1534.82412666373,1812.48477341309,0.168213307768858,0
2019-02-11,2019,105430,103333,1538.02059632298,1600.82618240262,0.410587306773186,1
2019-02-11,2019,104269,105051,1768.77053957827,1647.87318414141,0.667287252942414,1
2019-02-11,2019,105583,104919,1726.12363865304,1618.19977579377,0.650504992178542,0
2019-02-11,2019,105023,144750,1749.21802139103,1548.43294872675,0.76057086215165,1
2019-02-11,2019,106421,104871,1923.40103413606,1726.05479433568,0.756947471643566,1
2019-02-11,2019,126774,106000,1880.73300158081,1656.568277598,0.784214188360173,0
2019-02-11,2019,106426,2e+05,1451.15139831299,1508.56028270528,0.418125757535687,1
2019-02-11,2019,105062,104898,1697.95591491514,1610.43801667304,0.623350407383625,1
2019-02-11,2019,106121,106148,1605.85843705673,1575.85319233616,0.543073983776087,0
2019-02-11,2019,105992,105166,1654.08256169151,1471.1475293774,0.74136182006587,1
2019-02-11,2019,104312,105376,1657.95576198292,1645.61430928578,0.517753311826712,1
2019-02-11,2019,111797,132283,1673.26982472013,1551.26672561879,0.668698908574217,0
2019-02-11,2019,105815,103893,1577.49810206502,1499.46631004712,0.610445942959063,0
2019-02-11,2019,105676,104792,1892.30490331948,1786.31881280776,0.647964749109863,0
2019-02-11,2019,104291,103970,1646.03094057281,1617.63107912393,0.540779900741125,0
2019-02-11,2019,105173,124187,1659.68166870744,1532.57391184348,0.675176255489959,0
2019-02-11,2019,133430,105015,1741.10133213181,1461.03381066001,0.83371636086973,1
2019-02-11,2019,105077,104297,1593.59743455425,1502.08955966519,0.628727507092378,1
2019-02-11,2019,111456,104797,1562.99313643754,1576.04000510029,0.481232867326384,0
2019-02-11,2019,104468,104607,1756.34569095323,1802.10101226576,0.434530848843025,0
2019-02-11,2019,105379,105819,1640.64614385762,1499.05288691417,0.69319017830164,1
2019-02-11,2019,104198,200615,1563.808022598,1486.34100446177,0.609672548897764,1
2019-02-11,2019,105332,104527,1698.59776187266,1835.94173115111,0.312036537646827,0
2019-02-11,2019,105683,104259,1828.57368308499,1728.05850642739,0.640747934782319,1
2019-02-11,2019,105311,106228,1643.77035962626,1465.80958743384,0.735833552255406,1
2019-02-11,2019,111442,111511,1472.54283846682,1531.31449583215,0.41621839087205,1
2019-02-11,2019,105932,111202,1793.75629515582,1737.55433493491,0.580182956285928,1
2019-02-11,2019,104655,105656,1679.81391469553,1534.61827105679,0.697582719031644,1
2019-02-11,2019,104629,111153,1467.28716982906,1472.06572500161,0.49312353990207,0
2019-02-11,2019,105916,105373,1701.4793594509,1800.40938660477,0.361355202017024,1
2019-02-11,2019,109739,105487,1519.68613962476,1466.25365535187,0.576294970800612,1
2019-02-11,2019,106071,105041,1662.56324092715,1545.0440189373,0.662955974166817,1
2019-02-11,2019,105657,105208,1646.88933823461,1704.99827955393,0.417145633016,0
2019-02-11,2019,105453,105732,1999.792944915,1693.47267327422,0.85362513276383,1
2019-02-11,2019,104926,144719,1829.74331347989,1577.59262633103,0.810228568227652,0
2019-02-11,2019,126207,105359,1646.49421713399,1482.41585167606,0.720009956336176,0
2019-02-11,2019,104542,134868,1812.48477341309,1508.24296209399,0.852123833305634,1
2019-02-11,2019,105550,104919,1659.37170767085,1618.19977579377,0.558975371070088,1
2019-02-11,2019,105023,105430,1749.21802139103,1538.02059632298,0.771314782501937,1
2019-02-11,2019,106421,104269,1923.40103413606,1768.77053957827,0.708915901311822,1
2019-02-11,2019,106065,106426,1667.9086140978,1451.15139831299,0.776910970353324,1
2019-02-11,2019,105449,111790,1702.89397891,1452.66515041271,0.808521683531982,0
2019-02-11,2019,105062,106000,1697.95591491514,1656.568277598,0.559281454947096,0
2019-02-11,2019,132283,106148,1551.26672561879,1575.85319233616,0.464676174910257,0
2019-02-11,2019,105992,103893,1654.08256169151,1499.46631004712,0.70889898229318,0
2019-02-11,2019,104792,104312,1786.31881280776,1657.95576198292,0.67675901445485,1
2019-02-11,2019,105077,103970,1593.59743455425,1617.63107912393,0.465467867472899,1
2019-02-11,2019,124187,104797,1532.57391184348,1576.04000510029,0.437771578805122,1
2019-02-11,2019,133430,104607,1741.10133213181,1802.10101226576,0.413105423042045,1
2019-02-11,2019,106043,105379,1746.0361369534,1640.64614385762,0.647181624984908,1
2019-02-11,2019,105357,104198,1698.97320025118,1563.808022598,0.685264719198126,0
2019-02-11,2019,105683,104527,1828.57368308499,1835.94173115111,0.489398115771127,0
2019-02-11,2019,105311,104655,1643.77035962626,1679.81391469553,0.448314440883529,0
2019-02-11,2019,111442,111153,1472.54283846682,1472.06572500161,0.500686621038804,1
2019-02-11,2019,105932,105916,1793.75629515582,1701.4793594509,0.629760324336874,0
2019-02-11,2019,106233,109739,1898.5647668638,1519.68613962476,0.898530345683247,1
2019-02-11,2019,104545,106071,1797.49155594014,1662.56324092715,0.684970571322023,1
2019-02-11,2019,105453,105208,1999.792944915,1704.99827955393,0.845139174644841,1
2019-02-11,2019,105550,144719,1659.37170767085,1577.59262633103,0.615563204508978,1
2019-02-11,2019,105023,105359,1749.21802139103,1482.41585167606,0.822858695495794,1
2019-02-11,2019,106421,104542,1923.40103413606,1812.48477341309,0.654410985200219,1
2019-02-11,2019,106065,106148,1667.9086140978,1575.85319233616,0.629462961408518,1
2019-02-11,2019,103893,111790,1499.46631004712,1452.66515041271,0.566947841807756,0
2019-02-11,2019,104792,106000,1786.31881280776,1656.568277598,0.678503748654692,1
2019-02-11,2019,106043,105077,1746.0361369534,1593.59743455425,0.706305491151252,1
2019-02-11,2019,124187,104198,1532.57391184348,1563.808022598,0.455171202583002,1
2019-02-11,2019,133430,104527,1741.10133213181,1835.94173115111,0.366805659010247,0
2019-02-11,2019,106233,104655,1898.5647668638,1679.81391469553,0.778893722387367,1
2019-02-11,2019,104545,111442,1797.49155594014,1472.54283846682,0.866522503592849,1
2019-02-11,2019,105453,105916,1999.792944915,1701.4793594509,0.847771832560853,1
2019-02-11,2019,106065,105550,1667.9086140978,1659.37170767085,0.512283124071883,1
2019-02-11,2019,105023,111790,1749.21802139103,1452.66515041271,0.846459184118881,0
2019-02-11,2019,106421,104792,1923.40103413606,1786.31881280776,0.687639918805434,0
2019-02-11,2019,106233,106043,1898.5647668638,1746.0361369534,0.706412862965801,0
2019-02-11,2019,104545,124187,1797.49155594014,1532.57391184348,0.821271894994058,0
2019-02-11,2019,105453,104527,1999.792944915,1835.94173115111,0.719746276049153,0
2019-02-11,2019,106065,106043,1667.9086140978,1746.0361369534,0.389423019402652,1
2019-02-11,2019,124187,111790,1532.57391184348,1452.66515041271,0.613012232571785,1
2019-02-11,2019,104792,104527,1786.31881280776,1835.94173115111,0.429068543487828,1
2019-02-18,2019,104545,105166,1797.49155594014,1471.1475293774,0.867448768133219,1
2019-02-18,2019,104926,2e+05,1829.74331347989,1508.56028270528,0.86399533078091,0
2019-02-18,2019,105041,133297,1545.0440189373,1529.45437610926,0.522420254746377,1
2019-02-18,2019,105208,200005,1704.99827955393,1496.50787288558,0.76855453608717,0
2019-02-18,2019,106426,109739,1451.15139831299,1519.68613962476,0.402630234889007,1
2019-02-18,2019,103852,104797,1714.61904238238,1576.04000510029,0.689487639983568,0
2019-02-18,2019,104897,104327,1605.85943997556,1678.7420467122,0.396625391170472,1
2019-02-18,2019,104919,144719,1618.19977579377,1577.59262633103,0.558173738645819,0
2019-02-18,2019,105173,111790,1659.68166870744,1452.66515041271,0.767041909531837,1
2019-02-18,2019,104269,106078,1768.77053957827,1675.00095264137,0.631761502141957,1
2019-02-18,2019,105583,111815,1726.12363865304,1654.00350369764,0.602323752331436,0
2019-02-18,2019,126207,105554,1646.49421713399,1648.10776406634,0.497677935998449,0
2019-02-18,2019,106043,104655,1746.0361369534,1679.81391469553,0.5941638833077,0
2019-02-18,2019,144750,105985,1548.43294872675,1569.84887430713,0.469218979798807,1
2019-02-18,2019,105062,106045,1697.95591491514,1604.97206359011,0.630708637253156,1
2019-02-18,2019,106228,111200,1465.80958743384,1485.62582902384,0.471513019338245,1
2019-02-18,2019,111442,104719,1472.54283846682,1562.23127300364,0.373720601651309,1
2019-02-18,2019,104542,126094,1812.48477341309,1651.2918011555,0.716649318477311,0
2019-02-18,2019,105077,132283,1593.59743455425,1551.26672561879,0.560619132090652,1
2019-02-18,2019,104312,106071,1657.95576198292,1662.56324092715,0.493369693465615,1
2019-02-18,2019,104871,126610,1726.05479433568,1636.73242686499,0.625786057652408,0
2019-02-18,2019,104291,105643,1646.03094057281,1603.51982020498,0.56087493261474,0
2019-02-18,2019,105357,106401,1698.97320025118,1818.94270387633,0.333899618747231,0
2019-02-18,2019,104468,126156,1756.34569095323,1489.68009562654,0.822744070247357,1
2019-02-18,2019,111797,106148,1673.26982472013,1575.85319233616,0.636631890825727,0
2019-02-18,2019,105430,103333,1538.02059632298,1600.82618240262,0.410587306773186,1
2019-02-18,2019,106000,105376,1656.568277598,1645.61430928578,0.515758806422715,0
2019-02-18,2019,105819,106198,1499.05288691417,1450.61229481913,0.569263396350175,0
2019-02-18,2019,103893,105065,1499.46631004712,1499.63218061624,0.499761293080739,1
2019-02-18,2019,105332,104620,1698.59776187266,1640.99798881535,0.582141563280748,1
2019-02-18,2019,105155,106329,1527.60530131823,1561.08754193662,0.451963796213074,0
2019-02-18,2019,105449,105359,1702.89397891,1482.41585167606,0.78060133856711,1
2019-02-18,2019,106065,105379,1667.9086140978,1640.64614385762,0.539153523026675,0
2019-02-18,2019,126203,111456,1646.71845497525,1562.99313643754,0.61821098885357,0
2019-02-18,2019,106210,106296,1626.02903756253,1435.97525871213,0.749141245551432,0
2019-02-18,2019,105311,105550,1643.77035962626,1659.37170767085,0.477562933988401,1
2019-02-18,2019,104198,111577,1563.808022598,1613.03722719964,0.429623829271522,1
2019-02-18,2019,104660,106005,1550.23297461868,1488.41304866676,0.588038881858067,1
2019-02-18,2019,134770,104122,1542.97074424734,1537.92214841933,0.507265002104162,1
2019-02-18,2019,124187,105815,1532.57391184348,1577.49810206502,0.435706801894787,1
2019-02-18,2019,105936,128034,1644.65253742014,1497.86318694418,0.699514584594,0
2019-02-18,2019,106121,205734,1605.85843705673,1485.6758879218,0.666373087555452,1
2019-02-18,2019,105223,106415,2042.05611026253,1710.48595544123,0.870869794915987,1
2019-02-18,2019,106233,111513,1898.5647668638,1596.50892861281,0.85053116897489,0
2019-02-18,2019,104545,105041,1797.49155594014,1545.0440189373,0.810491171812523,1
2019-02-18,2019,106432,200005,1907.88215494032,1496.50787288558,0.914359124574837,0
2019-02-18,2019,106426,2e+05,1451.15139831299,1508.56028270528,0.418125757535687,0
2019-02-18,2019,105173,104797,1659.68166870744,1576.04000510029,0.618097322455065,1
2019-02-18,2019,104269,104897,1768.77053957827,1605.85943997556,0.71865337001638,0
2019-02-18,2019,111815,144719,1654.00350369764,1577.59262633103,0.608224805564293,0
2019-02-18,2019,144750,105554,1548.43294872675,1648.10776406634,0.360366367937118,0
2019-02-18,2019,133430,105062,1741.10133213181,1697.95591491514,0.561774027459298,0
2019-02-18,2019,104655,106228,1679.81391469553,1465.80958743384,0.774152332959542,1
2019-02-18,2019,104312,111442,1657.95576198292,1472.54283846682,0.744087412039732,1
2019-02-18,2019,126610,126094,1636.73242686499,1651.2918011555,0.479059632130213,0
2019-02-18,2019,105643,105077,1603.51982020498,1593.59743455425,0.514275579903524,0
2019-02-18,2019,106401,105430,1818.94270387633,1538.02059632298,0.834397233840823,0
2019-02-18,2019,104468,105376,1756.34569095323,1645.61430928578,0.654170257950242,1
2019-02-18,2019,106198,106148,1450.61229481913,1575.85319233616,0.327185018491451,1
2019-02-18,2019,105449,103893,1702.89397891,1499.46631004712,0.763330021549205,1
2019-02-18,2019,105676,105332,1892.30490331948,1698.59776187266,0.753072724507014,1
2019-02-18,2019,105379,106329,1640.64614385762,1561.08754193662,0.612533947532799,1
2019-02-18,2019,111456,104198,1562.99313643754,1563.808022598,0.498827286696908,1
2019-02-18,2019,106296,104660,1435.97525871213,1550.23297461868,0.341251904009685,0
2019-02-18,2019,105311,134770,1643.77035962626,1542.97074424734,0.641124751994864,0
2019-02-18,2019,105223,124187,2042.05611026253,1532.57391184348,0.949444977788675,1
2019-02-18,2019,126774,128034,1880.73300158081,1497.86318694418,0.900605973051236,1
2019-02-18,2019,106121,111513,1605.85843705673,1596.50892861281,0.513451777349831,0
2019-02-18,2019,104545,105173,1797.49155594014,1659.68166870744,0.68853892458235,1
2019-02-18,2019,200005,104897,1496.50787288558,1605.85943997556,0.347628859092763,1
2019-02-18,2019,144719,2e+05,1577.59262633103,1508.56028270528,0.598058522549597,0
2019-02-18,2019,104312,105554,1657.95576198292,1648.10776406634,0.514168613962321,0
2019-02-18,2019,105062,126094,1697.95591491514,1651.2918011555,0.566754142577962,1
2019-02-18,2019,104655,105077,1679.81391469553,1593.59743455425,0.621589884118837,1
2019-02-18,2019,105449,105430,1702.89397891,1538.02059632298,0.720931626347623,0
2019-02-18,2019,105676,104468,1892.30490331948,1756.34569095323,0.686249706476558,1
2019-02-18,2019,105379,106198,1640.64614385762,1450.61229481913,0.749119684780729,1
2019-02-18,2019,105223,111456,2042.05611026253,1562.99313643754,0.940347204178832,0
2019-02-18,2019,126774,104660,1880.73300158081,1550.23297461868,0.870175467378125,1
2019-02-18,2019,111513,134770,1596.50892861281,1542.97074424734,0.57644353676954,1
2019-02-18,2019,104545,105554,1797.49155594014,1648.10776406634,0.702644405865365,0
2019-02-18,2019,105062,200005,1697.95591491514,1496.50787288558,0.761265140553385,1
2019-02-18,2019,104655,2e+05,1679.81391469553,1508.56028270528,0.72826054418919,0
2019-02-18,2019,105430,111456,1538.02059632298,1562.99313643754,0.464123387324473,1
2019-02-18,2019,126774,105676,1880.73300158081,1892.30490331948,0.483352849998481,1
2019-02-18,2019,105379,111513,1640.64614385762,1596.50892861281,0.563179053544636,0
2019-02-18,2019,105430,105554,1538.02059632298,1648.10776406634,0.346669176541442,1
2019-02-18,2019,126774,105062,1880.73300158081,1697.95591491514,0.741187446158299,1
2019-02-18,2019,111513,2e+05,1596.50892861281,1508.56028270528,0.623932397145778,1
2019-02-25,2019,100644,200615,2019.12177234514,1486.34100446177,0.955507953083652,1
2019-02-25,2019,103819,104259,2139.09713184669,1728.05850642739,0.914207699936338,1
2019-02-25,2019,105815,103970,1577.49810206502,1617.63107912393,0.442499519466048,0
2019-02-25,2019,104269,105341,1768.77053957827,1534.82412666373,0.793590218565214,1
2019-02-25,2019,111513,105561,1596.50892861281,1498.21786947972,0.637795520614527,1
2019-02-25,2019,105583,103852,1726.12363865304,1714.61904238238,0.516550396394831,0
2019-02-25,2019,105916,106000,1701.4793594509,1656.568277598,0.56427464546998,1
2019-02-25,2019,105077,105487,1593.59743455425,1466.25365535187,0.675474155362348,1
2019-02-25,2019,200282,111797,1735.75198254878,1673.26982472013,0.588962052093902,1
2019-02-25,2019,105683,105526,1828.57368308499,1717.72105105844,0.654328144494209,0
2019-02-25,2019,104655,2e+05,1679.81391469553,1508.56028270528,0.72826054418919,0
2019-02-25,2019,106043,105657,1746.0361369534,1646.88933823461,0.638932721086504,1
2019-02-25,2019,111575,105932,1937.4264662829,1793.75629515582,0.695726993351227,0
2019-02-25,2019,111815,106415,1654.00350369764,1710.48595544123,0.419423815969025,1
2019-02-25,2019,105138,106368,1879.58568869354,1581.32936918337,0.847729284870812,1
2019-02-25,2019,109739,106148,1519.68613962476,1575.85319233616,0.41986598851778,0
2019-02-25,2019,104607,125802,1802.10101226576,1568.85426030559,0.792929702833412,1
2019-02-25,2019,111200,205734,1485.62582902384,1485.6758879218,0.499927959455363,0
2019-02-25,2019,126207,111442,1646.49421713399,1472.54283846682,0.731322866500187,1
2019-02-25,2019,106432,106210,1907.88215494032,1626.02903756253,0.835136450498616,1
2019-02-25,2019,106121,105477,1605.85843705673,1547.2309135434,0.583579993807031,0
2019-02-25,2019,105357,104719,1698.97320025118,1562.23127300364,0.687219011734224,1
2019-02-25,2019,106421,105575,1923.40103413606,1615.97048086643,0.854421916815078,0
2019-02-25,2019,144719,106203,1577.59262633103,1500,0.609844602967989,1
2019-02-25,2019,105376,105943,1645.61430928578,1478.24977901676,0.723807558883456,1
2019-02-25,2019,126610,106045,1636.73242686499,1604.97206359011,0.545579945238642,0
2019-02-25,2019,106426,105155,1451.15139831299,1527.60530131823,0.391716178072594,1
2019-02-25,2019,105023,104198,1749.21802139103,1563.808022598,0.744084206081644,1
2019-02-25,2019,104571,105633,1600.97988874762,1470.72065576439,0.6791421832861,1
2019-02-25,2019,105643,132283,1603.51982020498,1551.26672561879,0.574636358756662,0
2019-02-25,2019,104545,105173,1797.49155594014,1659.68166870744,0.68853892458235,1
2019-02-25,2019,105227,104792,1924.75181833124,1786.31881280776,0.689307637893484,0
2019-02-25,2019,105449,126204,1702.89397891,1473.34827883725,0.789409759292535,1
2019-02-25,2019,126774,105051,1880.73300158081,1647.87318414141,0.792563746773895,1
2019-02-25,2019,106228,103893,1465.80958743384,1499.46631004712,0.451715026088966,1
2019-02-25,2019,104527,105992,1835.94173115111,1654.08256169151,0.740172541098778,1
2019-02-25,2019,104898,106078,1610.43801667304,1675.00095264137,0.408141384832563,0
2019-02-25,2019,106198,124079,1450.61229481913,1480.3523396026,0.457304862020803,1
2019-02-25,2019,104312,106401,1657.95576198292,1818.94270387633,0.283591577437743,0
2019-02-25,2019,128034,144895,1497.86318694418,1453.37189784884,0.56368040632592,1
2019-02-25,2019,134770,106329,1542.97074424734,1561.08754193662,0.473951436995241,1
2019-02-25,2019,104745,104999,2200.71103118547,1589.65053429822,0.97118293149902,1
2019-02-25,2019,105453,105332,1999.792944915,1698.59776187266,0.849900241046156,1
2019-02-25,2019,100644,103970,2019.12177234514,1617.63107912393,0.909797607388469,1
2019-02-25,2019,103819,104269,2139.09713184669,1768.77053957827,0.893953039648082,1
2019-02-25,2019,111513,104291,1596.50892861281,1646.03094057281,0.42921084282193,1
2019-02-25,2019,200282,103852,1735.75198254878,1714.61904238238,0.530375294625471,1
2019-02-25,2019,105916,105526,1701.4793594509,1717.72105105844,0.476643338291867,1
2019-02-25,2019,2e+05,105077,1508.56028270528,1593.59743455425,0.380008253061097,1
2019-02-25,2019,106043,111815,1746.0361369534,1654.00350369764,0.629432364275742,0
2019-02-25,2019,105138,105932,1879.58568869354,1793.75629515582,0.62106562255912,0
2019-02-25,2019,105550,106148,1659.37170767085,1575.85319233616,0.617929970831961,1
2019-02-25,2019,126207,111456,1646.49421713399,1562.99313643754,0.61790627587038,0
2019-02-25,2019,106432,104607,1907.88215494032,1802.10101226576,0.647695587982196,1
2019-02-25,2019,105477,205734,1547.2309135434,1485.6758879218,0.587669429287907,1
2019-02-25,2019,105357,105376,1698.97320025118,1645.61430928578,0.576191524134574,1
2019-02-25,2019,106045,105575,1604.97206359011,1615.97048086643,0.484177290176422,0
2019-02-25,2019,144719,106426,1577.59262633103,1451.15139831299,0.674334218750111,0
2019-02-25,2019,104545,105023,1797.49155594014,1749.21802139103,0.569027579014374,1
2019-02-25,2019,104792,104571,1786.31881280776,1600.97988874762,0.744006288856819,1
2019-02-25,2019,104919,132283,1618.19977579377,1551.26672561879,0.595150183702895,1
2019-02-25,2019,105449,104527,1702.89397891,1835.94173115111,0.317370058933778,0
2019-02-25,2019,126774,106078,1880.73300158081,1675.00095264137,0.765718078006286,1
2019-02-25,2019,106228,106198,1465.80958743384,1450.61229481913,0.521856724405121,0
2019-02-25,2019,104745,106401,2200.71103118547,1818.94270387633,0.900036945345588,0
2019-02-25,2019,105453,128034,1999.792944915,1497.86318694418,0.947316949617612,0
2019-02-25,2019,105311,134770,1643.77035962626,1542.97074424734,0.641124751994864,0
2019-02-25,2019,100644,200282,2019.12177234514,1735.75198254878,0.836335005437906,1
2019-02-25,2019,103819,105916,2139.09713184669,1701.4793594509,0.925472097523916,1
2019-02-25,2019,111513,2e+05,1596.50892861281,1508.56028270528,0.623932397145778,1
2019-02-25,2019,111815,111456,1654.00350369764,1562.99313643754,0.628058746740774,1
2019-02-25,2019,106432,105932,1907.88215494032,1793.75629515582,0.658577447376664,1
2019-02-25,2019,105550,105477,1659.37170767085,1547.2309135434,0.656003423453622,1
2019-02-25,2019,104545,105357,1797.49155594014,1698.97320025118,0.638097728281506,1
2019-02-25,2019,104792,105575,1786.31881280776,1615.97048086643,0.727228011861221,1
2019-02-25,2019,104919,106426,1618.19977579377,1451.15139831299,0.723443589857797,0
2019-02-25,2019,104527,106401,1835.94173115111,1818.94270387633,0.524444064602488,0
2019-02-25,2019,126774,128034,1880.73300158081,1497.86318694418,0.900605973051236,1
2019-02-25,2019,106198,134770,1450.61229481913,1542.97074424734,0.37013027543421,0
2019-02-25,2019,100644,111815,2019.12177234514,1654.00350369764,0.891077007134409,1
2019-02-25,2019,103819,106432,2139.09713184669,1907.88215494032,0.791002757830089,1
2019-02-25,2019,111513,105550,1596.50892861281,1659.37170767085,0.410507633873021,0
2019-02-25,2019,104545,106401,1797.49155594014,1818.94270387633,0.469168483175125,0
2019-02-25,2019,126774,104792,1880.73300158081,1786.31881280776,0.632624315386581,1
2019-02-25,2019,106426,134770,1451.15139831299,1542.97074424734,0.370854057650134,1
2019-02-25,2019,100644,106401,2019.12177234514,1818.94270387633,0.75993502994904,0
2019-02-25,2019,103819,126774,2139.09713184669,1880.73300158081,0.815667181685512,1
2019-02-25,2019,105550,106426,1659.37170767085,1451.15139831299,0.768277854275507,1
2019-03-04,2019,105147,111577,1522.24946017518,1613.03722719964,0.372240636266575,0
2019-03-04,2019,105992,106148,1654.08256169151,1575.85319233616,0.610716371902863,0
2019-03-04,2019,105062,105936,1697.95591491514,1644.65253742014,0.576113487029644,0
2019-03-04,2019,105311,111456,1643.77035962626,1562.99313643754,0.614197527901569,0
2019-03-04,2019,103852,104607,1714.61904238238,1802.10101226576,0.376698152082491,1
2019-03-04,2019,104898,104797,1610.43801667304,1576.04000510029,0.549341606444041,1
2019-03-04,2019,105208,106109,1704.99827955393,1402.93480208836,0.850536759319542,0
2019-03-04,2019,144719,200615,1577.59262633103,1486.34100446177,0.628383107744121,0
2019-03-04,2019,104312,105376,1657.95576198292,1645.61430928578,0.517753311826712,0
2019-03-04,2019,104527,105554,1835.94173115111,1648.10776406634,0.746732207218603,1
2019-03-04,2019,126207,111797,1646.49421713399,1673.26982472013,0.461542908227652,0
2019-03-04,2019,105430,105657,1538.02059632298,1646.88933823461,0.34825943859835,1
2019-03-04,2019,105583,106121,1726.12363865304,1605.85843705673,0.666478855881122,1
2019-03-04,2019,105449,126203,1702.89397891,1646.71845497525,0.580145889368303,1
2019-03-04,2019,128034,105385,1497.86318694418,1589.71383799126,0.370812012559189,1
2019-03-04,2019,105173,105815,1659.68166870744,1577.49810206502,0.616114061675539,1
2019-03-04,2019,200005,109739,1496.50787288558,1519.68613962476,0.46669318934069,0
2019-03-04,2019,105819,125802,1499.05288691417,1568.85426030559,0.400877784790424,1
2019-03-04,2019,106045,106415,1604.97206359011,1710.48595544123,0.352655537521363,0
2019-03-04,2019,111815,2e+05,1654.00350369764,1508.56028270528,0.697883289690117,0
2019-03-04,2019,105023,126610,1749.21802139103,1636.73242686499,0.656451187363363,1
2019-03-04,2019,104871,106218,1726.05479433568,1494.50967875864,0.791316758378261,0
2019-03-04,2019,105357,105526,1698.97320025118,1717.72105105844,0.473045830087487,0
2019-03-04,2019,105373,104999,1800.40938660477,1589.65053429822,0.770869162733065,1
2019-03-04,2019,111442,105643,1472.54283846682,1603.51982020498,0.319958154398212,1
2019-03-04,2019,104291,105614,1646.03094057281,1510.17313030447,0.686124012011041,1
2019-03-04,2019,105332,105432,1698.59776187266,1472.6617971504,0.785934592227458,0
2019-03-04,2019,105051,103333,1647.87318414141,1600.82618240262,0.567295261202122,0
2019-03-04,2019,106000,105077,1656.568277598,1593.59743455425,0.589642892262304,0
2019-03-04,2019,104919,124187,1618.19977579377,1532.57391184348,0.620789853013886,1
2019-03-04,2019,104259,105732,1728.05850642739,1693.47267327422,0.549609256867708,1
2019-03-04,2019,111200,106216,1485.62582902384,1515.56840753629,0.457015532239289,0
2019-03-04,2019,104745,111577,2200.71103118547,1613.03722719964,0.967166532533566,1
2019-03-04,2019,106043,106148,1746.0361369534,1575.85319233616,0.72703911609896,1
2019-03-04,2019,105676,105936,1892.30490331948,1644.65253742014,0.806215071191446,0
2019-03-04,2019,106421,111456,1923.40103413606,1562.99313643754,0.888417209449171,1
2019-03-04,2019,111575,103852,1937.4264662829,1714.61904238238,0.782889076863947,1
2019-03-04,2019,104898,126094,1610.43801667304,1651.2918011555,0.441476158682867,0
2019-03-04,2019,105550,106109,1659.37170767085,1402.93480208836,0.813993307536915,1
2019-03-04,2019,104545,200615,1797.49155594014,1486.34100446177,0.857065339772222,1
2019-03-04,2019,103819,105376,2139.09713184669,1645.61430928578,0.944836764939854,1
2019-03-04,2019,105916,104527,1701.4793594509,1835.94173115111,0.315608493358874,0
2019-03-04,2019,106378,111797,1816.17232507699,1673.26982472013,0.694790708338154,1
2019-03-04,2019,104926,105430,1829.74331347989,1538.02059632298,0.842810618316066,0
2019-03-04,2019,105227,105583,1924.75181833124,1726.12363865304,0.758302550520036,1
2019-03-04,2019,133430,105449,1741.10133213181,1702.89397891,0.554764218720963,1
2019-03-04,2019,106298,128034,1700.38036408414,1497.86318694418,0.76238185193807,0
2019-03-04,2019,105453,105173,1999.792944915,1659.68166870744,0.876298771595132,1
2019-03-04,2019,109739,200175,1519.68613962476,1502.77833047039,0.524313103246823,0
2019-03-04,2019,111513,105819,1596.50892861281,1499.05288691417,0.636684368709801,1
2019-03-04,2019,105138,106415,1879.58568869354,1710.48595544123,0.725799917387,0
2019-03-04,2019,126774,2e+05,1880.73300158081,1508.56028270528,0.894956295303096,0
2019-03-04,2019,105683,105023,1828.57368308499,1749.21802139103,0.612256650827918,1
2019-03-04,2019,200282,106218,1735.75198254878,1494.50967875864,0.800384996919144,0
2019-03-04,2019,105526,105575,1717.72105105844,1615.97048086643,0.642383286611837,1
2019-03-04,2019,100644,105373,2019.12177234514,1800.40938660477,0.778855585639837,1
2019-03-04,2019,106233,111442,1898.5647668638,1472.54283846682,0.920735274354342,1
2019-03-04,2019,104468,104291,1756.34569095323,1646.03094057281,0.653627481351625,1
2019-03-04,2019,105932,105432,1793.75629515582,1472.6617971504,0.863935433718714,0
2019-03-04,2019,106432,103333,1907.88215494032,1600.82618240262,0.85415350516277,0
2019-03-04,2019,106065,105077,1667.9086140978,1593.59743455425,0.60534092855593,0
2019-03-04,2019,104792,104919,1786.31881280776,1618.19977579377,0.72467498219401,1
2019-03-04,2019,106401,104259,1818.94270387633,1728.05850642739,0.627889068503262,0
2019-03-04,2019,104925,106216,2141.51004826109,1515.56840753629,0.973485978817151,1
2019-03-04,2019,104745,106043,2200.71103118547,1746.0361369534,0.931967923118653,1
2019-03-04,2019,106421,105936,1923.40103413606,1644.65253742014,0.832661060127049,0
2019-03-04,2019,111575,126094,1937.4264662829,1651.2918011555,0.838501909066646,1
2019-03-04,2019,104545,105550,1797.49155594014,1659.37170767085,0.688921439950031,1
2019-03-04,2019,103819,104527,2139.09713184669,1835.94173115111,0.851334052433509,1
2019-03-04,2019,106378,105430,1816.17232507699,1538.02059632298,0.832181853709824,1
2019-03-04,2019,105227,133430,1924.75181833124,1741.10133213181,0.742150731205683,0
2019-03-04,2019,105453,128034,1999.792944915,1497.86318694418,0.947316949617612,0
2019-03-04,2019,111513,200175,1596.50892861281,1502.77833047039,0.631709287693634,0
2019-03-04,2019,2e+05,106415,1508.56028270528,1710.48595544123,0.238235529530888,0
2019-03-04,2019,105683,106218,1828.57368308499,1494.50967875864,0.872475602440859,1
2019-03-04,2019,100644,105526,2019.12177234514,1717.72105105844,0.850051115766829,0
2019-03-04,2019,106233,104468,1898.5647668638,1756.34569095323,0.693955816263219,1
2019-03-04,2019,103333,105432,1600.82618240262,1472.6617971504,0.67650879185415,1
2019-03-04,2019,104792,105077,1786.31881280776,1593.59743455425,0.752016011059657,1
2019-03-04,2019,104925,104259,2141.51004826109,1728.05850642739,0.915290860296023,0
2019-03-04,2019,104745,105936,2200.71103118547,1644.65253742014,0.960869259619385,1
2019-03-04,2019,104545,111575,1797.49155594014,1937.4264662829,0.308843822113123,0
2019-03-04,2019,103819,106378,2139.09713184669,1816.17232507699,0.865169220979881,1
2019-03-04,2019,133430,128034,1741.10133213181,1497.86318694418,0.802214246063407,0
2019-03-04,2019,106415,200175,1710.48595544123,1502.77833047039,0.767752036430679,0
2019-03-04,2019,105683,105526,1828.57368308499,1717.72105105844,0.654328144494209,1
2019-03-04,2019,106233,103333,1898.5647668638,1600.82618240262,0.847344173068967,1
2019-03-04,2019,104792,104259,1786.31881280776,1728.05850642739,0.583066201982701,1
2019-03-04,2019,104745,111575,2200.71103118547,1937.4264662829,0.819887840506991,1
2019-03-04,2019,103819,128034,2139.09713184669,1497.86318694418,0.97566584665731,1
2019-03-04,2019,105683,200175,1828.57368308499,1502.77833047039,0.867085186785542,1
2019-03-04,2019,106233,104792,1898.5647668638,1786.31881280776,0.656140015427688,1
2019-03-04,2019,104745,103819,2200.71103118547,2139.09713184669,0.587751548142191,0
2019-03-04,2019,106233,105683,1898.5647668638,1828.57368308499,0.599384472258276,1
2019-03-04,2019,103819,106233,2139.09713184669,1898.5647668638,0.799731262136408,0
2019-03-18,2019,105023,103970,1749.21802139103,1617.63107912393,0.680805349651353,0
2019-03-18,2019,105208,200175,1704.99827955393,1502.77833047039,0.762071758510617,0
2019-03-18,2019,103333,104665,1600.82618240262,1574.79848317752,0.53738695691583,0
2019-03-18,2019,106000,111153,1656.568277598,1472.06572500161,0.743088230122735,1
2019-03-18,2019,106121,126094,1605.85843705673,1651.2918011555,0.434986293868992,0
2019-03-18,2019,104291,105554,1646.03094057281,1648.10776406634,0.497011246336788,0
2019-03-18,2019,104919,144707,1618.19977579377,1545.98741627459,0.602450908767666,1
2019-03-18,2019,111456,200005,1562.99313643754,1496.50787288558,0.594528951984653,1
2019-03-18,2019,105430,105051,1538.02059632298,1647.87318414141,0.346975080277812,1
2019-03-18,2019,105732,105936,1693.47267327422,1644.65253742014,0.569799040914214,0
2019-03-18,2019,105526,124187,1717.72105105844,1532.57391184348,0.743795962911308,0
2019-03-18,2019,105173,105379,1659.68166870744,1640.64614385762,0.527366944501774,1
2019-03-18,2019,111815,111442,1654.00350369764,1472.54283846682,0.739731127409938,0
2019-03-18,2019,105332,103852,1698.59776187266,1714.61904238238,0.476959852530114,0
2019-03-18,2019,105311,202358,1643.77035962626,1491.63424895064,0.705944033738376,1
2019-03-18,2019,144719,105432,1577.59262633103,1472.6617971504,0.646577857734373,1
2019-03-18,2019,105583,104655,1726.12363865304,1679.81391469553,0.566253157221991,1
2019-03-18,2019,105815,122330,1577.49810206502,1530.19739561745,0.567653722501337,0
2019-03-18,2019,104871,111797,1726.05479433568,1673.26982472013,0.57538456132453,1
2019-03-18,2019,106045,106148,1604.97206359011,1575.85319233616,0.541807581022331,0
2019-03-18,2019,104898,105041,1610.43801667304,1545.0440189373,0.593013732156959,1
2019-03-18,2019,104999,200095,1589.65053429822,1508.38937514264,0.614857428084612,1
2019-03-18,2019,2e+05,134770,1508.56028270528,1542.97074424734,0.450640651154587,1
2019-03-18,2019,126610,128034,1636.73242686499,1497.86318694418,0.689845180182915,0
2019-03-18,2019,105373,132283,1800.40938660477,1551.26672561879,0.807551841650244,0
2019-03-18,2019,105657,105077,1646.88933823461,1593.59743455425,0.576097357438792,0
2019-03-18,2019,105341,125802,1534.82412666373,1568.85426030559,0.451182711364966,0
2019-03-18,2019,126203,109739,1646.71845497525,1519.68613962476,0.675081005694382,0
2019-03-18,2019,105062,105819,1697.95591491514,1499.05288691417,0.758592408881811,0
2019-03-18,2019,105614,104386,1510.17313030447,1573.27128553152,0.410179791649681,0
2019-03-18,2019,105643,105376,1603.51982020498,1645.61430928578,0.439715846372385,1
2019-03-18,2019,106071,106329,1662.56324092715,1561.08754193662,0.642019711001545,1
2019-03-18,2019,100644,103970,2019.12177234514,1617.63107912393,0.909797607388469,0
2019-03-18,2019,126207,200175,1646.49421713399,1502.77833047039,0.695782699024402,1
2019-03-18,2019,105676,104665,1892.30490331948,1574.79848317752,0.861489158973846,1
2019-03-18,2019,106065,106000,1667.9086140978,1656.568277598,0.5163142629071,1
2019-03-18,2019,105227,126094,1924.75181833124,1651.2918011555,0.828376181624021,0
2019-03-18,2019,133430,105554,1741.10133213181,1648.10776406634,0.630721665052239,1
2019-03-18,2019,105550,104919,1659.37170767085,1618.19977579377,0.558975371070088,0
2019-03-18,2019,126774,111456,1880.73300158081,1562.99313643754,0.861649432899919,1
2019-03-18,2019,103819,105430,2139.09713184669,1538.02059632298,0.9695301728509,1
2019-03-18,2019,104527,105936,1835.94173115111,1644.65253742014,0.750475353180112,0
2019-03-18,2019,106043,124187,1746.0361369534,1532.57391184348,0.773606260571845,0
2019-03-18,2019,106421,105173,1923.40103413606,1659.68166870744,0.820257154217822,1
2019-03-18,2019,111575,111442,1937.4264662829,1472.54283846682,0.935600655356789,0
2019-03-18,2019,105777,103852,1838.46687218639,1714.61904238238,0.671047247442911,1
2019-03-18,2019,105449,105311,1702.89397891,1643.77035962626,0.584273817715583,0
2019-03-18,2019,104731,144719,1994.78657573247,1577.59262633103,0.916946292268003,1
2019-03-18,2019,105453,105583,1999.792944915,1726.12363865304,0.828547394179707,0
2019-03-18,2019,106401,122330,1818.94270387633,1530.19739561745,0.840526619188428,1
2019-03-18,2019,104468,104871,1756.34569095323,1726.05479433568,0.54348199004626,0
2019-03-18,2019,106432,106148,1907.88215494032,1575.85319233616,0.871166511693312,1
2019-03-18,2019,104898,144750,1610.43801667304,1548.43294872675,0.588297037795467,1
2019-03-18,2019,105932,104999,1793.75629515582,1589.65053429822,0.764034476300697,1
2019-03-18,2019,105916,2e+05,1701.4793594509,1508.56028270528,0.752228181655496,0
2019-03-18,2019,106233,128034,1898.5647668638,1497.86318694418,0.909424128243202,0
2019-03-18,2019,104545,132283,1797.49155594014,1551.26672561879,0.804927991884746,1
2019-03-18,2019,106298,105077,1700.38036408414,1593.59743455425,0.649010355915262,0
2019-03-18,2019,106378,125802,1816.17232507699,1568.85426030559,0.805914241768272,1
2019-03-18,2019,105683,109739,1828.57368308499,1519.68613962476,0.855462050366224,1
2019-03-18,2019,104926,105819,1829.74331347989,1499.05288691417,0.870299235593629,1
2019-03-18,2019,105138,104386,1879.58568869354,1573.27128553152,0.853620911717392,1
2019-03-18,2019,105357,105643,1698.97320025118,1603.51982020498,0.634013505758071,0
2019-03-18,2019,104925,106071,2141.51004826109,1662.56324092715,0.940309682393376,1
2019-03-18,2019,126207,103970,1646.49421713399,1617.63107912393,0.541442101950772,1
2019-03-18,2019,106065,105676,1667.9086140978,1892.30490331948,0.215560324345046,0
2019-03-18,2019,133430,126094,1741.10133213181,1651.2918011555,0.6264425396757,1
2019-03-18,2019,126774,104919,1880.73300158081,1618.19977579377,0.819248268018254,1
2019-03-18,2019,103819,105936,2139.09713184669,1644.65253742014,0.945124614060556,1
2019-03-18,2019,106421,124187,1923.40103413606,1532.57391184348,0.904631708877415,1
2019-03-18,2019,105777,111442,1838.46687218639,1472.54283846682,0.891526384386867,0
2019-03-18,2019,104731,105311,1994.78657573247,1643.77035962626,0.882944252270852,1
2019-03-18,2019,106401,105583,1818.94270387633,1726.12363865304,0.630487669945453,1
2019-03-18,2019,106432,104871,1907.88215494032,1726.05479433568,0.740137325032126,1
2019-03-18,2019,105932,104898,1793.75629515582,1610.43801667304,0.741784610355284,1
2019-03-18,2019,128034,2e+05,1497.86318694418,1508.56028270528,0.484610504217935,0
2019-03-18,2019,104545,105077,1797.49155594014,1593.59743455425,0.763814764418125,1
2019-03-18,2019,105683,106378,1828.57368308499,1816.17232507699,0.517839413283554,0
2019-03-18,2019,104926,105138,1829.74331347989,1879.58568869354,0.428759103414943,0
2019-03-18,2019,104925,105643,2141.51004826109,1603.51982020498,0.956765548026435,1
2019-03-18,2019,105676,126207,1892.30490331948,1646.49421713399,0.804553385807898,0
2019-03-18,2019,126774,133430,1880.73300158081,1741.10133213181,0.690783440112325,0
2019-03-18,2019,103819,106421,2139.09713184669,1923.40103413606,0.775850489736009,1
2019-03-18,2019,104731,111442,1994.78657573247,1472.54283846682,0.952856879011676,1
2019-03-18,2019,106432,106401,1907.88215494032,1818.94270387633,0.62526972953707,1
2019-03-18,2019,105932,2e+05,1793.75629515582,1508.56028270528,0.837768871761308,0
2019-03-18,2019,104545,106378,1797.49155594014,1816.17232507699,0.473142088821344,1
2019-03-18,2019,104925,105138,2141.51004826109,1879.58568869354,0.81872867733872,0
2019-03-18,2019,133430,126207,1741.10133213181,1646.49421713399,0.632882386410776,1
2019-03-18,2019,103819,104731,2139.09713184669,1994.78657573247,0.696506797226423,1
2019-03-18,2019,106432,2e+05,1907.88215494032,1508.56028270528,0.908767780493787,0
2019-03-18,2019,104545,105138,1797.49155594014,1879.58568869354,0.384007710227002,1
2019-03-18,2019,103819,133430,2139.09713184669,1741.10133213181,0.908132918575648,1
2019-03-18,2019,104545,2e+05,1797.49155594014,1508.56028270528,0.840670058503013,1
2019-03-18,2019,103819,104545,2139.09713184669,1797.49155594014,0.87722819470045,1
2019-04-05,2019,105657,111761,1646.88933823461,1525.53209172558,0.667874742834882,0
2019-04-05,2019,105656,126190,1534.61827105679,1514.1754255923,0.52938571567501,1
2019-04-05,2019,105827,104467,1444.44444600338,1522.71623645739,0.389225574174811,0
2019-04-05,2019,106021,105626,1516,1452.187820006,0.590814244012856,1
2019-04-05,2019,105656,122669,1534.61827105679,1411.07659408505,0.670658102467984,1
2019-04-05,2019,105575,104467,1615.97048086643,1522.71623645739,0.631071097823764,1
2019-04-05,2019,105657,105626,1646.88933823461,1452.187820006,0.754135601000643,1
2019-04-08,2019,104926,106210,1829.74331347989,1626.02903756253,0.763627948196763,0
2019-04-08,2019,106426,104655,1451.15139831299,1679.81391469553,0.21143666088645,1
2019-04-08,2019,106228,104122,1465.80958743384,1537.92214841933,0.397686691043067,1
2019-04-08,2019,103333,105992,1600.82618240262,1654.08256169151,0.423952582856787,0
2019-04-08,2019,104665,105643,1574.79848317752,1603.51982020498,0.458760571007269,1
2019-04-08,2019,111456,105967,1562.99313643754,1635.89659132677,0.396596671104743,0
2019-04-08,2019,104259,200221,1728.05850642739,1500,0.787983039626447,1
2019-04-08,2019,104468,106075,1756.34569095323,1560.24292658171,0.755628132527664,1
2019-04-08,2019,105815,104386,1577.49810206502,1573.27128553152,0.506082577880778,0
2019-04-08,2019,105077,105819,1593.59743455425,1499.05288691417,0.632798700465905,0
2019-04-08,2019,104198,111511,1563.808022598,1531.31449583215,0.546626081449634,1
2019-04-08,2019,104999,106121,1589.65053429822,1605.85843705673,0.47669185846608,0
2019-04-08,2019,105023,106216,1749.21802139103,1515.56840753629,0.793310215625685,1
2019-04-08,2019,104269,104629,1768.77053957827,1467.28716982906,0.850111748399596,0
2019-04-08,2019,126203,104719,1646.71845497525,1562.23127300364,0.619245576248681,0
2019-04-08,2019,111513,132283,1596.50892861281,1551.26672561879,0.564743235065123,0
2019-04-08,2019,106071,106045,1662.56324092715,1604.97206359011,0.582129526855613,1
2019-04-08,2019,104898,104291,1610.43801667304,1646.03094057281,0.448956107223304,1
2019-04-08,2019,106198,134770,1450.61229481913,1542.97074424734,0.37013027543421,0
2019-04-08,2019,106378,200005,1816.17232507699,1496.50787288558,0.862964850941398,1
2019-04-08,2019,111442,106353,1472.54283846682,1519.17731331743,0.43328775143651,1
2019-04-08,2019,105732,105341,1693.47267327422,1534.82412666373,0.713665661182629,1
2019-04-08,2019,105614,105053,1510.17313030447,1539.08242848001,0.458491925317006,0
2019-04-08,2019,105379,105332,1640.64614385762,1698.59776187266,0.417365838977283,0
2019-04-08,2019,103893,123755,1499.46631004712,1508.09374008609,0.487586681435043,0
2019-04-08,2019,144719,105487,1577.59262633103,1466.25365535187,0.654961090249667,1
2019-04-08,2019,100644,104797,2019.12177234514,1576.04000510029,0.927612717034945,1
2019-04-08,2019,104871,106426,1726.05479433568,1451.15139831299,0.829554209020792,0
2019-04-08,2019,106228,106210,1465.80958743384,1626.02903756253,0.284490036210566,0
2019-04-08,2019,105992,105967,1654.08256169151,1635.89659132677,0.526147839272962,0
2019-04-08,2019,104259,104665,1728.05850642739,1574.79848317752,0.707285280571853,0
2019-04-08,2019,111815,104386,1654.00350369764,1573.27128553152,0.614136137199776,0
2019-04-08,2019,104468,105819,1756.34569095323,1499.05288691417,0.814738134039007,1
2019-04-08,2019,105023,104198,1749.21802139103,1563.808022598,0.744084206081644,1
2019-04-08,2019,106121,104629,1605.85843705673,1467.28716982906,0.689478063880407,1
2019-04-08,2019,106071,104719,1662.56324092715,1562.23127300364,0.640505132485928,0
2019-04-08,2019,104898,132283,1610.43801667304,1551.26672561879,0.584340472408988,0
2019-04-08,2019,124187,134770,1532.57391184348,1542.97074424734,0.485042219939258,0
2019-04-08,2019,106378,104542,1816.17232507699,1812.48477341309,0.505306614171598,0
2019-04-08,2019,111442,105053,1472.54283846682,1539.08242848001,0.405395662635062,1
2019-04-08,2019,105732,105332,1693.47267327422,1698.59776187266,0.492624939544726,0
2019-04-08,2019,105449,123755,1702.89397891,1508.09374008609,0.754240953738364,0
2019-04-08,2019,100644,144719,2019.12177234514,1577.59262633103,0.927010281935811,0
2019-04-08,2019,106426,105967,1451.15139831299,1635.89659132677,0.256645209421592,1
2019-04-08,2019,104665,106210,1574.79848317752,1626.02903756253,0.426803033424694,1
2019-04-08,2019,105023,104386,1749.21802139103,1573.27128553152,0.733573781244793,1
2019-04-08,2019,104468,106121,1756.34569095323,1605.85843705673,0.703969859894197,1
2019-04-08,2019,134770,104719,1542.97074424734,1562.23127300364,0.472310230395264,1
2019-04-08,2019,132283,104542,1551.26672561879,1812.48477341309,0.181875526971969,0
2019-04-08,2019,111442,123755,1472.54283846682,1508.09374008609,0.449015952620294,0
2019-04-08,2019,144719,105332,1577.59262633103,1698.59776187266,0.332575016127453,0
2019-04-08,2019,105023,106426,1749.21802139103,1451.15139831299,0.847588273761483,0
2019-04-08,2019,104468,104665,1756.34569095323,1574.79848317752,0.739827029839784,0
2019-04-08,2019,134770,123755,1542.97074424734,1508.09374008609,0.550024125987555,1
2019-04-08,2019,105332,104542,1698.59776187266,1812.48477341309,0.341731775375655,1
2019-04-08,2019,106426,134770,1451.15139831299,1542.97074424734,0.370854057650134,1
2019-04-08,2019,105332,104665,1698.59776187266,1574.79848317752,0.670985550700517,1
2019-04-15,2019,105138,105357,1879.58568869354,1698.97320025118,0.738790005302663,1
2019-04-15,2019,105777,126610,1838.46687218639,1636.73242686499,0.761564641609466,1
2019-04-15,2019,133430,105526,1741.10133213181,1717.72105105844,0.533596231370987,0
2019-04-15,2019,106065,106000,1667.9086140978,1656.568277598,0.5163142629071,1
2019-04-15,2019,106298,104527,1700.38036408414,1835.94173115111,0.314243605133795,0
2019-04-15,2019,111513,105550,1596.50892861281,1659.37170767085,0.410507633873021,0
2019-04-15,2019,2e+05,106228,1508.56028270528,1465.80958743384,0.561214569423595,1
2019-04-15,2019,104468,200615,1756.34569095323,1486.34100446177,0.825529872989105,1
2019-04-15,2019,104926,126094,1829.74331347989,1651.2918011555,0.736382302833768,1
2019-04-15,2019,106432,128034,1907.88215494032,1497.86318694418,0.913746213353084,1
2019-04-15,2019,144719,200031,1577.59262633103,1469.01821576199,0.651355897510709,1
2019-04-15,2019,104269,105732,1768.77053957827,1693.47267327422,0.606697042529889,0
2019-04-15,2019,104312,132283,1657.95576198292,1551.26672561879,0.648887224016223,0
2019-04-15,2019,111815,105173,1654.00350369764,1659.68166870744,0.491829191133617,1
2019-04-15,2019,105932,105916,1793.75629515582,1701.4793594509,0.629760324336874,0
2019-04-15,2019,105676,105819,1892.30490331948,1499.05288691417,0.905829196960905,1
2019-04-15,2019,105583,104291,1726.12363865304,1646.03094057281,0.613263385555291,1
2019-04-15,2019,105373,105643,1800.40938660477,1603.51982020498,0.756463499348537,1
2019-04-15,2019,104871,105062,1726.05479433568,1697.95591491514,0.540349603789587,0
2019-04-15,2019,105430,105379,1538.02059632298,1640.64614385762,0.356460461955295,1
2019-04-15,2019,106421,105311,1923.40103413606,1643.77035962626,0.833367447795547,1
2019-04-15,2019,106378,106043,1816.17232507699,1746.0361369534,0.599585027170436,0
2019-04-15,2019,126203,104542,1646.71845497525,1812.48477341309,0.278035405844877,1
2019-04-15,2019,104259,106121,1728.05850642739,1605.85843705673,0.668950054852522,1
2019-04-15,2019,104745,105138,2200.71103118547,1879.58568869354,0.863956304153983,1
2019-04-15,2019,105777,105526,1838.46687218639,1717.72105105844,0.667093560671816,1
2019-04-15,2019,106065,104527,1667.9086140978,1835.94173115111,0.275423710945727,1
2019-04-15,2019,105227,105550,1924.75181833124,1659.37170767085,0.821662326006131,0
2019-04-15,2019,100644,2e+05,2019.12177234514,1508.56028270528,0.949742360721896,1
2019-04-15,2019,104926,104468,1829.74331347989,1756.34569095323,0.604083876866652,1
2019-04-15,2019,106432,144719,1907.88215494032,1577.59262633103,0.870038517138654,1
2019-04-15,2019,105453,105732,1999.792944915,1693.47267327422,0.85362513276383,0
2019-04-15,2019,111575,132283,1937.4264662829,1551.26672561879,0.902288420793068,0
2019-04-15,2019,105916,111815,1701.4793594509,1654.00350369764,0.567901150972749,0
2019-04-15,2019,105676,105583,1892.30490331948,1726.12363865304,0.722443812151376,0
2019-04-15,2019,106233,105373,1898.5647668638,1800.40938660477,0.63761507350478,1
2019-04-15,2019,126774,105062,1880.73300158081,1697.95591491514,0.741187446158299,1
2019-04-15,2019,106421,105430,1923.40103413606,1538.02059632298,0.901892200131689,1
2019-04-15,2019,106043,126203,1746.0361369534,1646.71845497525,0.639159623489393,0
2019-04-15,2019,104925,104259,2141.51004826109,1728.05850642739,0.915290860296023,1
2019-04-15,2019,104745,105777,2200.71103118547,1838.46687218639,0.889460777788037,1
2019-04-15,2019,106065,105550,1667.9086140978,1659.37170767085,0.512283124071883,0
2019-04-15,2019,100644,104926,2019.12177234514,1829.74331347989,0.748409974213801,0
2019-04-15,2019,106432,105732,1907.88215494032,1693.47267327422,0.774559845055719,1
2019-04-15,2019,111815,132283,1654.00350369764,1551.26672561879,0.643686405791297,0
2019-04-15,2019,106233,105583,1898.5647668638,1726.12363865304,0.729611212185132,0
2019-04-15,2019,126774,106421,1880.73300158081,1923.40103413606,0.438902612101822,0
2019-04-15,2019,104925,126203,2141.51004826109,1646.71845497525,0.945228119765803,1
2019-04-15,2019,104745,105550,2200.71103118547,1659.37170767085,0.957556040498928,1
2019-04-15,2019,106432,104926,1907.88215494032,1829.74331347989,0.61059247259821,0
2019-04-15,2019,105583,132283,1726.12363865304,1551.26672561879,0.732345867716561,1
2019-04-15,2019,104925,106421,2141.51004826109,1923.40103413606,0.778256768962735,0
2019-04-15,2019,104745,104926,2200.71103118547,1829.74331347989,0.89430240527102,0
2019-04-15,2019,106421,105583,1923.40103413606,1726.12363865304,0.756874553785794,0
2019-04-15,2019,104926,105583,1829.74331347989,1726.12363865304,0.644851213871757,1
2019-04-22,2019,111797,104719,1673.26982472013,1562.23127300364,0.654570174348009,1
2019-04-22,2019,104269,103852,1768.77053957827,1714.61904238238,0.577305300457263,1
2019-04-22,2019,111456,106121,1562.99313643754,1605.85843705673,0.438622978913104,1
2019-04-22,2019,111815,105077,1654.00350369764,1593.59743455425,0.586065858191313,0
2019-04-22,2019,126203,124187,1646.71845497525,1532.57391184348,0.658601629923405,1
2019-04-22,2019,104291,105819,1646.03094057281,1499.05288691417,0.699742860953932,1
2019-04-22,2019,105373,106426,1800.40938660477,1451.15139831299,0.881894130462974,0
2019-04-22,2019,105643,200095,1603.51982020498,1508.38937514264,0.633582043866117,0
2019-04-22,2019,105550,105311,1659.37170767085,1643.77035962626,0.522437066011599,1
2019-04-22,2019,105332,106228,1698.59776187266,1465.80958743384,0.79249593568407,1
2019-04-22,2019,144719,105155,1577.59262633103,1527.60530131823,0.571445249163196,1
2019-04-22,2019,106043,106415,1746.0361369534,1710.48595544123,0.550983021837155,1
2019-04-22,2019,105916,106045,1701.4793594509,1604.97206359011,0.635420106695096,1
2019-04-22,2019,105526,106198,1717.72105105844,1450.61229481913,0.823115798030557,1
2019-04-22,2019,104999,103970,1589.65053429822,1617.63107912393,0.45981958898869,0
2019-04-22,2019,104919,105657,1618.19977579377,1646.88933823461,0.458805987583666,1
2019-04-22,2019,100644,111797,2019.12177234514,1673.26982472013,0.879836612926791,0
2019-04-22,2019,104269,105777,1768.77053957827,1838.46687218639,0.401023018382692,0
2019-04-22,2019,104898,105341,1610.43801667304,1534.82412666373,0.60713104283971,1
2019-04-22,2019,104468,111456,1756.34569095323,1562.99313643754,0.75269296500177,0
2019-04-22,2019,104312,105936,1657.95576198292,1644.65253742014,0.51913552844992,0
2019-04-22,2019,106421,105077,1923.40103413606,1593.59743455425,0.869721902377746,1
2019-04-22,2019,105430,104660,1538.02059632298,1550.23297461868,0.482432209424767,1
2019-04-22,2019,105453,126203,1999.792944915,1646.71845497525,0.884163280510534,1
2019-04-22,2019,2e+05,104291,1508.56028270528,1646.03094057281,0.31188000516414,1
2019-04-22,2019,105732,106078,1693.47267327422,1675.00095264137,0.526557924593536,1
2019-04-22,2019,133430,106426,1741.10133213181,1451.15139831299,0.841453921622019,0
2019-04-22,2019,128034,105226,1497.86318694418,1539.39856479075,0.440508928694619,0
2019-04-22,2019,106148,200095,1575.85319233616,1508.38937514264,0.595886142614318,1
2019-04-22,2019,105357,200175,1698.97320025118,1502.77833047039,0.755726023195713,1
2019-04-22,2019,111575,105550,1937.4264662829,1659.37170767085,0.832103883013042,0
2019-04-22,2019,111513,105208,1596.50892861281,1704.99827955393,0.348755304343075,1
2019-04-22,2019,105807,105332,1734.24359519239,1698.59776187266,0.551119240827153,0
2019-04-22,2019,206173,200218,1500,1480.08410818062,0.528629921022299,1
2019-04-22,2019,126207,144719,1646.49421713399,1577.59262633103,0.597877578080223,0
2019-04-22,2019,105376,144750,1645.61430928578,1548.43294872675,0.636318532583305,1
2019-04-22,2019,106233,106043,1898.5647668638,1746.0361369534,0.706412862965801,1
2019-04-22,2019,126774,105916,1880.73300158081,1701.4793594509,0.737277675270124,1
2019-04-22,2019,105062,126610,1697.95591491514,1636.73242686499,0.58720689959092,0
2019-04-22,2019,105676,105526,1892.30490331948,1717.72105105844,0.732037645632887,0
2019-04-22,2019,105379,106071,1640.64614385762,1662.56324092715,0.46850053377766,1
2019-04-22,2019,106298,103970,1700.38036408414,1617.63107912393,0.616883997790968,0
2019-04-22,2019,104655,120424,1679.81391469553,1534.66735649005,0.697523106867619,1
2019-04-22,2019,104745,104919,2200.71103118547,1618.19977579377,0.966209609255599,1
2019-04-22,2019,105777,111797,1838.46687218639,1673.26982472013,0.721306320672368,0
2019-04-22,2019,106432,104898,1907.88215494032,1610.43801667304,0.847124796352254,1
2019-04-22,2019,106421,111456,1923.40103413606,1562.99313643754,0.888417209449171,1
2019-04-22,2019,105430,105936,1538.02059632298,1644.65253742014,0.351187660651968,0
2019-04-22,2019,105453,2e+05,1999.792944915,1508.56028270528,0.944157750215797,1
2019-04-22,2019,105732,104897,1693.47267327422,1605.85943997556,0.623479246775608,1
2019-04-22,2019,106426,106148,1451.15139831299,1575.85319233616,0.327868535826239,0
2019-04-22,2019,105357,105226,1698.97320025118,1539.39856479075,0.714753792120231,0
2019-04-22,2019,105550,105332,1659.37170767085,1698.59776187266,0.443787809058963,1
2019-04-22,2019,111513,206173,1596.50892861281,1500,0.63542228404909,1
2019-04-22,2019,106233,144719,1898.5647668638,1577.59262633103,0.863852615889001,1
2019-04-22,2019,105932,105376,1793.75629515582,1645.61430928578,0.701148690774466,1
2019-04-22,2019,126774,105526,1880.73300158081,1717.72105105844,0.718770735828179,0
2019-04-22,2019,126610,105379,1636.73242686499,1640.64614385762,0.494367946713232,1
2019-04-22,2019,104745,103970,2200.71103118547,1617.63107912393,0.96631632739311,1
2019-04-22,2019,105227,104655,1924.75181833124,1679.81391469553,0.803762144620135,0
2019-04-22,2019,106421,111797,1923.40103413606,1673.26982472013,0.808434671967993,1
2019-04-22,2019,106432,105936,1907.88215494032,1644.65253742014,0.819841126822245,0
2019-04-22,2019,105453,106148,1999.792944915,1575.85319233616,0.919856093411836,1
2019-04-22,2019,105732,105226,1693.47267327422,1539.39856479075,0.708254545051554,1
2019-04-22,2019,106233,105550,1898.5647668638,1659.37170767085,0.798493619499262,1
2019-04-22,2019,105932,111513,1793.75629515582,1596.50892861281,0.756842743373106,0
2019-04-22,2019,104745,105526,2200.71103118547,1717.72105105844,0.941602702928177,1
2019-04-22,2019,126610,104655,1636.73242686499,1679.81391469553,0.438316572055073,1
2019-04-22,2019,105453,106421,1999.792944915,1923.40103413606,0.608198788931065,0
2019-04-22,2019,105732,105936,1693.47267327422,1644.65253742014,0.569799040914214,0
2019-04-22,2019,104745,106233,2200.71103118547,1898.5647668638,0.850597331334153,0
2019-04-22,2019,111513,126610,1596.50892861281,1636.73242686499,0.442370975707294,0
2019-04-22,2019,106233,106421,1898.5647668638,1923.40103413606,0.46431849550044,1
2019-04-22,2019,126610,105936,1636.73242686499,1644.65253742014,0.488604018607015,1
2019-04-29,2019,104655,106099,1679.81391469553,1478.79026762378,0.760820862596835,1
2019-04-29,2019,104259,104312,1728.05850642739,1657.95576198292,0.599538806189497,1
2019-04-29,2019,111456,106415,1562.99313643754,1710.48595544123,0.299634925410492,0
2019-04-29,2019,126610,104797,1636.73242686499,1576.04000510029,0.58646568584138,1
2019-04-29,2019,126207,105062,1646.49421713399,1697.95591491514,0.426477551999724,1
2019-04-29,2019,106378,106045,1816.17232507699,1604.97206359011,0.77131766251117,0
2019-04-29,2019,124187,105155,1532.57391184348,1527.60530131823,0.507149917919357,1
2019-04-29,2019,105657,200484,1646.88933823461,1507.34368302105,0.690677667870038,0
2019-04-29,2019,126203,200221,1646.71845497525,1500,0.699428795930902,0
2019-04-29,2019,200005,106121,1496.50787288558,1605.85843705673,0.347630168372441,0
2019-04-29,2019,105807,104871,1734.24359519239,1726.05479433568,0.511782450062655,0
2019-04-29,2019,105550,104999,1659.37170767085,1589.65053429822,0.599011329023194,1
2019-04-29,2019,105583,104919,1726.12363865304,1618.19977579377,0.650504992178542,0
2019-04-29,2019,105916,132283,1701.4793594509,1551.26672561879,0.703640312466702,1
2019-04-29,2019,111797,104291,1673.26982472013,1646.03094057281,0.539119787870221,0
2019-04-29,2019,105526,106329,1717.72105105844,1561.08754193662,0.711289478218475,0
2019-04-29,2019,105311,200615,1643.77035962626,1486.34100446177,0.712229359097223,1
2019-04-29,2019,105373,105208,1800.40938660477,1704.99827955393,0.633957038532649,1
2019-04-29,2019,200282,106249,1735.75198254878,1545.96305936063,0.748854614759855,0
2019-04-29,2019,106043,105332,1746.0361369534,1698.59776187266,0.56784820593145,1
2019-04-29,2019,105357,106071,1698.97320025118,1662.56324092715,0.552207165679258,1
2019-04-29,2019,106426,120424,1451.15139831299,1534.66735649005,0.382073504499095,1
2019-04-29,2019,105819,106198,1499.05288691417,1450.61229481913,0.569263396350175,1
2019-04-29,2019,106228,109739,1465.80958743384,1519.68613962476,0.423080965938935,1
2019-04-29,2019,104655,111795,1679.81391469553,1487.05767824948,0.752053429814149,1
2019-04-29,2019,111575,104259,1937.4264662829,1728.05850642739,0.769451888032525,0
2019-04-29,2019,126207,106415,1646.49421713399,1710.48595544123,0.408935898783013,1
2019-04-29,2019,126610,106045,1636.73242686499,1604.97206359011,0.545579945238642,1
2019-04-29,2019,104792,124187,1786.31881280776,1532.57391184348,0.811635596884812,1
2019-04-29,2019,105138,200484,1879.58568869354,1507.34368302105,0.894993784801186,1
2019-04-29,2019,104871,200221,1726.05479433568,1500,0.786049653275646,0
2019-04-29,2019,105550,106121,1659.37170767085,1605.85843705673,0.576408520677829,1
2019-04-29,2019,104919,104291,1618.19977579377,1646.03094057281,0.460033183243453,0
2019-04-29,2019,105916,106329,1701.4793594509,1561.08754193662,0.69171732952867,1
2019-04-29,2019,105676,105311,1892.30490331948,1643.77035962626,0.807007220379675,1
2019-04-29,2019,106065,105373,1667.9086140978,1800.40938660477,0.318052598243331,1
2019-04-29,2019,105357,106249,1698.97320025118,1545.96305936063,0.706987387835495,0
2019-04-29,2019,106043,106426,1746.0361369534,1451.15139831299,0.845207023691871,0
2019-04-29,2019,126774,105819,1880.73300158081,1499.05288691417,0.899991249722285,1
2019-04-29,2019,100644,106228,2019.12177234514,1465.80958743384,0.960270497751583,1
2019-04-29,2019,126207,104655,1646.49421713399,1679.81391469553,0.452195565831689,0
2019-04-29,2019,126610,104259,1636.73242686499,1728.05850642739,0.371516809024436,1
2019-04-29,2019,104792,200221,1786.31881280776,1500,0.838645404324839,0
2019-04-29,2019,105138,105550,1879.58568869354,1659.37170767085,0.780340814047523,1
2019-04-29,2019,105676,104291,1892.30490331948,1646.03094057281,0.804972397554978,1
2019-04-29,2019,106065,105916,1667.9086140978,1701.4793594509,0.451837606352274,1
2019-04-29,2019,126774,106249,1880.73300158081,1545.96305936063,0.872927054151325,1
2019-04-29,2019,100644,106426,2019.12177234514,1451.15139831299,0.963367540826366,0
2019-04-29,2019,104655,200221,1679.81391469553,1500,0.737901913722495,1
2019-04-29,2019,105138,126610,1879.58568869354,1636.73242686499,0.801862474343993,0
2019-04-29,2019,126774,105676,1880.73300158081,1892.30490331948,0.483352849998481,1
2019-04-29,2019,106065,106426,1667.9086140978,1451.15139831299,0.776910970353324,0
2019-04-29,2019,126774,104655,1880.73300158081,1679.81391469553,0.760711316747821,1
2019-04-29,2019,126610,106426,1636.73242686499,1451.15139831299,0.744271637404346,0
2019-05-06,2019,133430,2e+05,1741.10133213181,1508.56028270528,0.792261902886333,0
2019-05-06,2019,105062,104259,1697.95591491514,1728.05850642739,0.456786965987776,0
2019-05-06,2019,105932,126207,1793.75629515582,1646.49421713399,0.700086261678758,0
2019-05-06,2019,106421,105550,1923.40103413606,1659.37170767085,0.820520069741774,0
2019-05-06,2019,104527,105732,1835.94173115111,1693.47267327422,0.694261349918585,1
2019-05-06,2019,104468,106198,1756.34569095323,1450.61229481913,0.853202508798227,0
2019-05-06,2019,105138,103970,1879.58568869354,1617.63107912393,0.818754519337862,0
2019-05-06,2019,200282,128034,1735.75198254878,1497.86318694418,0.797282871797564,0
2019-05-06,2019,106432,106298,1907.88215494032,1700.38036408414,0.767540695460319,0
2019-05-06,2019,111575,144719,1937.4264662829,1577.59262633103,0.888089202641511,1
2019-05-06,2019,104269,105430,1768.77053957827,1538.02059632298,0.79055986686721,1
2019-05-06,2019,105173,105311,1659.68166870744,1643.77035962626,0.522882219615878,1
2019-05-06,2019,105807,124187,1734.24359519239,1532.57391184348,0.761496940538041,0
2019-05-06,2019,105357,105449,1698.97320025118,1702.89397891,0.494357785450421,1
2019-05-06,2019,104926,106378,1829.74331347989,1816.17232507699,0.519520295764723,1
2019-05-06,2019,104792,104312,1786.31881280776,1657.95576198292,0.67675901445485,1
2019-05-06,2019,105676,105916,1892.30490331948,1701.4793594509,0.749975219747113,0
2019-05-06,2019,104755,200221,1789.67595146173,1500,0.841243399377411,1
2019-05-06,2019,105583,111513,1726.12363865304,1596.50892861281,0.678333169988844,0
2019-05-06,2019,106401,105526,1818.94270387633,1717.72105105844,0.64168353557799,0
2019-05-06,2019,105227,105373,1924.75181833124,1800.40938660477,0.671675430731819,1
2019-05-06,2019,106065,106043,1667.9086140978,1746.0361369534,0.389423019402652,0
2019-05-06,2019,104871,105077,1726.05479433568,1593.59743455425,0.68189319638557,1
2019-05-06,2019,105777,126203,1838.46687218639,1646.71845497525,0.750970053223336,0
2019-05-06,2019,104745,2e+05,2200.71103118547,1508.56028270528,0.981735093864,1
2019-05-06,2019,126207,104259,1646.49421713399,1728.05850642739,0.384729435362695,1
2019-05-06,2019,105550,104527,1659.37170767085,1835.94173115111,0.265725569461716,0
2019-05-06,2019,105453,106198,1999.792944915,1450.61229481913,0.959353151272133,1
2019-05-06,2019,100644,103970,2019.12177234514,1617.63107912393,0.909797607388469,1
2019-05-06,2019,106298,128034,1700.38036408414,1497.86318694418,0.76238185193807,0
2019-05-06,2019,111575,104269,1937.4264662829,1768.77053957827,0.725291191001758,0
2019-05-06,2019,126774,105173,1880.73300158081,1659.68166870744,0.781165920665881,1
2019-05-06,2019,106233,124187,1898.5647668638,1532.57391184348,0.891563577585824,1
2019-05-06,2019,104926,105357,1829.74331347989,1698.97320025118,0.679782683213153,1
2019-05-06,2019,104792,105916,1786.31881280776,1701.4793594509,0.619723584927766,1
2019-05-06,2019,103819,104755,2139.09713184669,1789.67595146173,0.881991941290793,1
2019-05-06,2019,105223,111513,2042.05611026253,1596.50892861281,0.928559912717148,0
2019-05-06,2019,105227,105526,1924.75181833124,1717.72105105844,0.767056565914459,1
2019-05-06,2019,106043,104871,1746.0361369534,1726.05479433568,0.528723802454939,0
2019-05-06,2019,104925,126203,2141.51004826109,1646.71845497525,0.945228119765803,1
2019-05-06,2019,104745,126207,2200.71103118547,1646.49421713399,0.960468692577285,1
2019-05-06,2019,105453,104527,1999.792944915,1835.94173115111,0.719746276049153,0
2019-05-06,2019,100644,128034,2019.12177234514,1497.86318694418,0.952601479251615,1
2019-05-06,2019,126774,104269,1880.73300158081,1768.77053957827,0.655771729325994,1
2019-05-06,2019,106233,104926,1898.5647668638,1829.74331347989,0.597766665398364,1
2019-05-06,2019,103819,104792,2139.09713184669,1786.31881280776,0.883988553019464,1
2019-05-06,2019,105227,111513,1924.75181833124,1596.50892861281,0.868700559112391,1
2019-05-06,2019,104925,104871,2141.51004826109,1726.05479433568,0.916180881348643,1
2019-05-06,2019,104745,104527,2200.71103118547,1835.94173115111,0.890881879832164,1
2019-05-06,2019,100644,126774,2019.12177234514,1880.73300158081,0.689253101807562,0
2019-05-06,2019,103819,106233,2139.09713184669,1898.5647668638,0.799731262136408,0
2019-05-06,2019,104925,105227,2141.51004826109,1924.75181833124,0.776911982176286,1
2019-05-06,2019,104745,126774,2200.71103118547,1880.73300158081,0.863178175563776,0
2019-05-06,2019,104925,106233,2141.51004826109,1898.5647668638,0.801946620264984,1
2019-05-06,2019,104925,126774,2141.51004826109,1880.73300158081,0.817746431357026,1
2019-05-13,2019,104755,104871,1789.67595146173,1726.05479433568,0.590548382268214,0
2019-05-13,2019,111513,105062,1596.50892861281,1697.95591491514,0.358018277067787,1
2019-05-13,2019,105932,105916,1793.75629515582,1701.4793594509,0.629760324336874,1
2019-05-13,2019,111575,132283,1937.4264662829,1551.26672561879,0.902288420793068,1
2019-05-13,2019,105138,104312,1879.58568869354,1657.95576198292,0.781734748491142,1
2019-05-13,2019,106378,104269,1816.17232507699,1768.77053957827,0.567796518145581,0
2019-05-13,2019,126207,105311,1646.49421713399,1643.77035962626,0.503919865748204,0
2019-05-13,2019,111815,105357,1654.00350369764,1698.97320025118,0.435642396927089,1
2019-05-13,2019,106432,2e+05,1907.88215494032,1508.56028270528,0.908767780493787,1
2019-05-13,2019,104926,104542,1829.74331347989,1812.48477341309,0.524816627248403,1
2019-05-13,2019,105430,105332,1538.02059632298,1698.59776187266,0.28407106588147,1
2019-05-13,2019,105449,206173,1702.89397891,1500,0.762774563351375,0
2019-05-13,2019,105550,126203,1659.37170767085,1646.71845497525,0.518201447988693,0
2019-05-13,2019,105777,105526,1838.46687218639,1717.72105105844,0.667093560671816,0
2019-05-13,2019,105227,109640,1924.75181833124,1500,0.920200035211608,1
2019-05-13,2019,104792,105077,1786.31881280776,1593.59743455425,0.752016011059657,0
2019-05-13,2019,106043,106415,1746.0361369534,1710.48595544123,0.550983021837155,1
2019-05-13,2019,106298,126610,1700.38036408414,1636.73242686499,0.590585657451895,0
2019-05-13,2019,105676,104527,1892.30490331948,1835.94173115111,0.580408975628997,1
2019-05-13,2019,134770,105554,1542.97074424734,1648.10776406634,0.353150958540749,1
2019-05-13,2019,106421,106401,1923.40103413606,1818.94270387633,0.645956067334112,0
2019-05-13,2019,106065,200282,1667.9086140978,1735.75198254878,0.403587837680562,1
2019-05-13,2019,104468,104259,1756.34569095323,1728.05850642739,0.540618820015109,0
2019-05-13,2019,133430,105807,1741.10133213181,1734.24359519239,0.509867795333241,1
2019-05-13,2019,104745,104871,2200.71103118547,1726.05479433568,0.938908250377099,1
2019-05-13,2019,105932,111513,1793.75629515582,1596.50892861281,0.756842743373106,1
2019-05-13,2019,111575,105138,1937.4264662829,1879.58568869354,0.582478997507337,1
2019-05-13,2019,106233,104269,1898.5647668638,1768.77053957827,0.678558610074204,0
2019-05-13,2019,103819,105311,2139.09713184669,1643.77035962626,0.945387396874792,1
2019-05-13,2019,106432,111815,1907.88215494032,1654.00350369764,0.811753277816924,1
2019-05-13,2019,104926,105430,1829.74331347989,1538.02059632298,0.842810618316066,1
2019-05-13,2019,126774,206173,1880.73300158081,1500,0.899499458389907,1
2019-05-13,2019,105453,126203,1999.792944915,1646.71845497525,0.884163280510534,1
2019-05-13,2019,105227,105526,1924.75181833124,1717.72105105844,0.767056565914459,0
2019-05-13,2019,106043,105077,1746.0361369534,1593.59743455425,0.706305491151252,1
2019-05-13,2019,100644,126610,2019.12177234514,1636.73242686499,0.900358118152493,0
2019-05-13,2019,105223,105676,2042.05611026253,1892.30490331948,0.703086116758599,1
2019-05-13,2019,106401,134770,1818.94270387633,1542.97074424734,0.830422182146771,0
2019-05-13,2019,106065,104259,1667.9086140978,1728.05850642739,0.414291931837481,0
2019-05-13,2019,104925,133430,2141.51004826109,1741.10133213181,0.90928516493784,1
2019-05-13,2019,104745,105932,2200.71103118547,1793.75629515582,0.9123458171907,1
2019-05-13,2019,111575,104269,1937.4264662829,1768.77053957827,0.725291191001758,0
2019-05-13,2019,103819,106432,2139.09713184669,1907.88215494032,0.791002757830089,1
2019-05-13,2019,126774,104926,1880.73300158081,1829.74331347989,0.572857726539592,1
2019-05-13,2019,105453,105526,1999.792944915,1717.72105105844,0.835309773057463,1
2019-05-13,2019,106043,126610,1746.0361369534,1636.73242686499,0.652308662496506,1
2019-05-13,2019,105223,134770,2042.05611026253,1542.97074424734,0.946493770862589,1
2019-05-13,2019,104925,104259,2141.51004826109,1728.05850642739,0.915290860296023,1
2019-05-13,2019,104745,104269,2200.71103118547,1768.77053957827,0.923186391924507,1
2019-05-13,2019,103819,126774,2139.09713184669,1880.73300158081,0.815667181685512,0
2019-05-13,2019,105453,106043,1999.792944915,1746.0361369534,0.81164607561352,0
2019-05-13,2019,104925,105223,2141.51004826109,2042.05611026253,0.639340502608541,1
2019-05-13,2019,104745,126774,2200.71103118547,1880.73300158081,0.863178175563776,1
2019-05-13,2019,104925,106043,2141.51004826109,1746.0361369534,0.906914591081243,1
2019-05-13,2019,104925,104745,2141.51004826109,2200.71103118547,0.415618013962448,0
2019-05-20,2019,106000,103852,1656.568277598,1714.61904238238,0.417227059062844,1
2019-05-20,2019,124187,144895,1532.57391184348,1453.37189784884,0.612046658841634,0
2019-05-20,2019,106228,104999,1465.80958743384,1589.65053429822,0.328961498753484,1
2019-05-20,2019,126203,106210,1646.71845497525,1626.02903756253,0.529739320759304,1
2019-05-20,2019,105430,132283,1538.02059632298,1551.26672561879,0.480946518412087,1
2019-05-20,2019,104755,126125,1789.67595146173,1497.61580333349,0.843067779026035,1
2019-05-20,2019,106121,126523,1605.85843705673,1510.7480610168,0.633555223282407,1
2019-05-20,2019,111815,200005,1654.00350369764,1496.50787288558,0.712307547234229,0
2019-05-20,2019,111442,106045,1472.54283846682,1604.97206359011,0.318141935337281,0
2019-05-20,2019,105332,111456,1698.59776187266,1562.99313643754,0.685810053801831,1
2019-05-20,2019,105051,111797,1647.87318414141,1673.26982472013,0.46351625347097,0
2019-05-20,2019,128034,104655,1497.86318694418,1679.81391469553,0.259726110614101,0
2019-05-20,2019,105173,105077,1659.68166870744,1593.59743455425,0.593972331280704,0
2019-05-20,2019,104871,105732,1726.05479433568,1693.47267327422,0.546752467168447,0
2019-05-20,2019,104919,105311,1618.19977579377,1643.77035962626,0.463267270914192,0
2019-05-20,2019,105449,144750,1702.89397891,1548.43294872675,0.708714558655542,1
2019-05-20,2019,105777,105643,1838.46687218639,1603.51982020498,0.794532161751928,0
2019-05-20,2019,105357,104665,1698.97320025118,1574.79848317752,0.671462488645894,1
2019-05-20,2019,104312,106198,1657.95576198292,1450.61229481913,0.76737804480005,0
2019-05-20,2019,105583,104542,1726.12363865304,1812.48477341309,0.378214271694825,0
2019-05-20,2019,105376,104386,1645.61430928578,1573.27128553152,0.602631040974972,0
2019-05-20,2019,106071,105731,1662.56324092715,1466.8546500012,0.755208900765549,0
2019-05-20,2019,106415,105208,1710.48595544123,1704.99827955393,0.50789674376225,0
2019-05-20,2019,206173,106137,1500,1482.50700861002,0.525153187323379,0
2019-05-20,2019,104527,106000,1835.94173115111,1656.568277598,0.737411245878362,0
2019-05-20,2019,105138,144895,1879.58568869354,1453.37189784884,0.920815841618255,1
2019-05-20,2019,105430,106228,1538.02059632298,1465.80958743384,0.602449046659615,1
2019-05-20,2019,104755,126203,1789.67595146173,1646.71845497525,0.694857837742322,0
2019-05-20,2019,106426,106121,1451.15139831299,1605.85843705673,0.290993182520274,0
2019-05-20,2019,133430,200005,1741.10133213181,1496.50787288558,0.80344921501016,1
2019-05-20,2019,111797,106045,1673.26982472013,1604.97206359011,0.597041613174857,1
2019-05-20,2019,104655,105332,1679.81391469553,1698.59776187266,0.472994177980742,0
2019-05-20,2019,105311,105077,1643.77035962626,1593.59743455425,0.571706875558518,0
2019-05-20,2019,105732,105449,1693.47267327422,1702.89397891,0.486444973547219,0
2019-05-20,2019,105916,105643,1701.4793594509,1603.51982020498,0.637354544919837,0
2019-05-20,2019,2e+05,105357,1508.56028270528,1698.97320025118,0.250470436843184,1
2019-05-20,2019,106198,104386,1450.61229481913,1573.27128553152,0.330465172406677,1
2019-05-20,2019,104542,105731,1812.48477341309,1466.8546500012,0.879701545858525,1
2019-05-20,2019,100644,105208,2019.12177234514,1704.99827955393,0.859149049523956,1
2019-05-20,2019,105932,106137,1793.75629515582,1482.50700861002,0.857134952791507,1
2019-05-20,2019,105430,106000,1538.02059632298,1656.568277598,0.335722443958506,1
2019-05-20,2019,105138,126203,1879.58568869354,1646.71845497525,0.792570765449791,0
2019-05-20,2019,111797,106121,1673.26982472013,1605.85843705673,0.595813463227107,1
2019-05-20,2019,133430,105332,1741.10133213181,1698.59776187266,0.560864228165942,0
2019-05-20,2019,105643,105077,1603.51982020498,1593.59743455425,0.514275579903524,1
2019-05-20,2019,2e+05,105449,1508.56028270528,1702.89397891,0.246257199570295,1
2019-05-20,2019,100644,106198,2019.12177234514,1450.61229481913,0.963476901586524,1
2019-05-20,2019,105932,104542,1793.75629515582,1812.48477341309,0.473073628491116,1
2019-05-20,2019,105430,111797,1538.02059632298,1673.26982472013,0.314630938088792,0
2019-05-20,2019,126203,105332,1646.71845497525,1698.59776187266,0.425889663040185,0
2019-05-20,2019,100644,105643,2019.12177234514,1603.51982020498,0.91624570779413,1
2019-05-20,2019,105932,2e+05,1793.75629515582,1508.56028270528,0.837768871761308,0
2019-05-20,2019,100644,111797,2019.12177234514,1673.26982472013,0.879836612926791,1
2019-05-20,2019,2e+05,105332,1508.56028270528,1698.59776187266,0.250876387926504,0
2019-05-27,2019,104925,128034,2141.51004826109,1497.86318694418,0.975993450105587,1
2019-05-27,2019,105967,124079,1635.89659132677,1480.3523396026,0.710000132032858,1
2019-05-27,2019,144719,106099,1577.59262633103,1478.79026762378,0.638475177929459,0
2019-05-27,2019,104468,104660,1756.34569095323,1550.23297461868,0.766110954532193,1
2019-05-27,2019,133430,105526,1741.10133213181,1717.72105105844,0.533596231370987,0
2019-05-27,2019,105430,105815,1538.02059632298,1577.49810206502,0.443430544070566,1
2019-05-27,2019,144750,104586,1548.43294872675,1647.42774162425,0.361269167586012,1
2019-05-27,2019,106432,105379,1907.88215494032,1640.64614385762,0.823222427488031,1
2019-05-27,2019,104926,104312,1829.74331347989,1657.95576198292,0.72886835168454,1
2019-05-27,2019,105643,104198,1603.51982020498,1563.808022598,0.556902287627887,1
2019-05-27,2019,126203,106071,1646.71845497525,1662.56324092715,0.477213315193959,1
2019-05-27,2019,105138,105449,1879.58568869354,1702.89397891,0.73441108312749,1
2019-05-27,2019,105583,106329,1726.12363865304,1561.08754193662,0.721120032798822,1
2019-05-27,2019,111815,200611,1654.00350369764,1494.50556206262,0.714663773237961,0
2019-05-27,2019,144707,105641,1545.98741627459,1508.13844137786,0.554254600616168,1
2019-05-27,2019,100644,105357,2019.12177234514,1698.97320025118,0.863294077121515,1
2019-05-27,2019,106233,126205,1898.5647668638,1585.61578167316,0.858328898168143,1
2019-05-27,2019,122330,200484,1530.19739561745,1507.34368302105,0.532841783469401,1
2019-05-27,2019,104655,126125,1679.81391469553,1497.61580333349,0.740547596456956,1
2019-05-27,2019,106378,104871,1816.17232507699,1726.05479433568,0.626857347820023,1
2019-05-27,2019,104269,105554,1768.77053957827,1648.10776406634,0.666987387195633,1
2019-05-27,2019,106000,126156,1656.568277598,1489.68009562654,0.723259052668277,0
2019-05-27,2019,105173,105882,1659.68166870744,1457.80892172563,0.761709175626093,1
2019-05-27,2019,104792,106121,1786.31881280776,1605.85843705673,0.738620991279852,1
2019-05-27,2019,105051,106296,1647.87318414141,1435.97525871213,0.772025273107061,0
2019-05-27,2019,105062,105373,1697.95591491514,1800.40938660477,0.356687722438833,0
2019-05-27,2019,106298,104620,1700.38036408414,1640.99798881535,0.584635573355622,1
2019-05-27,2019,111442,200221,1472.54283846682,1500,0.460568024010169,1
2019-05-27,2019,103333,103852,1600.82618240262,1714.61904238238,0.341853704854983,1
2019-05-27,2019,111456,106415,1562.99313643754,1710.48595544123,0.299634925410492,0
2019-05-27,2019,105223,111797,2042.05611026253,1673.26982472013,0.893109524937097,1
2019-05-27,2019,126774,109739,1880.73300158081,1519.68613962476,0.888781313856318,1
2019-05-27,2019,106198,105432,1450.61229481913,1472.6617971504,0.468310748107994,1
2019-05-27,2019,106148,124186,1575.85319233616,1484.66619179481,0.628296237256254,1
2019-05-27,2019,126207,105936,1646.49421713399,1644.65253742014,0.50265036533598,0
2019-05-27,2019,104527,106075,1835.94173115111,1560.24292658171,0.83020063888738,1
2019-05-27,2019,106426,124187,1451.15139831299,1532.57391184348,0.384922641126359,1
2019-05-27,2019,105777,104386,1838.46687218639,1573.27128553152,0.82150662428477,1
2019-05-27,2019,105227,105341,1924.75181833124,1534.82412666373,0.904184089372017,1
2019-05-27,2019,106065,103917,1667.9086140978,1601.255082543,0.594762432314368,0
2019-05-27,2019,104259,104898,1728.05850642739,1610.43801667304,0.663086217942222,1
2019-05-27,2019,104919,106210,1618.19977579377,1626.02903756253,0.488734693379124,1
2019-05-27,2019,106043,105916,1746.0361369534,1701.4793594509,0.563773120759419,1
2019-05-27,2019,126610,104665,1636.73242686499,1574.79848317752,0.588197870196385,1
2019-05-27,2019,134770,105208,1542.97074424734,1704.99827955393,0.282376156073337,1
2019-05-27,2019,104291,106214,1646.03094057281,1488.74584316709,0.712059128448169,0
2019-05-27,2019,103819,132283,2139.09713184669,1551.26672561879,0.967195147206985,1
2019-05-27,2019,105453,111460,1999.792944915,1480.74017892359,0.952024847019724,1
2019-05-27,2019,104542,105376,1812.48477341309,1645.61430928578,0.723238637932418,1
2019-05-27,2019,200005,200615,1496.50787288558,1486.34100446177,0.514627124967507,0
2019-05-27,2019,111513,105077,1596.50892861281,1593.59743455425,0.504189878685307,1
2019-05-27,2019,200282,105614,1735.75198254878,1510.17313030447,0.78558853428728,1
2019-05-27,2019,105807,105311,1734.24359519239,1643.77035962626,0.627336172053251,1
2019-05-27,2019,105332,105657,1698.59776187266,1646.88933823461,0.573869801389508,1
2019-05-27,2019,106421,105732,1923.40103413606,1693.47267327422,0.789775719142249,0
2019-05-27,2019,105932,106228,1793.75629515582,1465.80958743384,0.868505969201988,0
2019-05-27,2019,104755,104999,1789.67595146173,1589.65053429822,0.759773632361023,1
2019-05-27,2019,144895,106072,1453.37189784884,1513.00632182993,0.415012135835044,1
2019-05-27,2019,105550,105819,1659.37170767085,1499.05288691417,0.715626387900668,1
2019-05-27,2019,105676,105575,1892.30490331948,1615.97048086643,0.830715803531474,1
2019-05-27,2019,106045,200175,1604.97206359011,1502.77833047039,0.64296911876829,0
2019-05-27,2019,120424,106293,1534.66735649005,1452.95738279458,0.615469059056352,1
2019-05-27,2019,104745,105870,2200.71103118547,1526.96612064225,0.979735011950107,1
2019-05-27,2019,104925,105967,2141.51004826109,1635.89659132677,0.948365260012015,1
2019-05-27,2019,104468,106099,1756.34569095323,1478.79026762378,0.83170192505732,0
2019-05-27,2019,105430,105526,1538.02059632298,1717.72105105844,0.262224422614576,0
2019-05-27,2019,106432,144750,1907.88215494032,1548.43294872675,0.887868958270961,1
2019-05-27,2019,104926,105643,1829.74331347989,1603.51982020498,0.786212924769443,1
2019-05-27,2019,105138,126203,1879.58568869354,1646.71845497525,0.792570765449791,1
2019-05-27,2019,105583,200611,1726.12363865304,1494.50556206262,0.791386105964979,1
2019-05-27,2019,100644,144707,2019.12177234514,1545.98741627459,0.938403807036048,1
2019-05-27,2019,106233,122330,1898.5647668638,1530.19739561745,0.892879096385572,1
2019-05-27,2019,106378,104655,1816.17232507699,1679.81391469553,0.6867442725894,0
2019-05-27,2019,104269,126156,1768.77053957827,1489.68009562654,0.832935151669445,0
2019-05-27,2019,104792,105173,1786.31881280776,1659.68166870744,0.674581839871899,1
2019-05-27,2019,111575,106296,1937.4264662829,1435.97525871213,0.947179296891695,1
2019-05-27,2019,106298,105373,1700.38036408414,1800.40938660477,0.359896511888889,0
2019-05-27,2019,111442,103333,1472.54283846682,1600.82618240262,0.323341365557299,1
2019-05-27,2019,105223,106415,2042.05611026253,1710.48595544123,0.870869794915987,1
2019-05-27,2019,126774,106198,1880.73300158081,1450.61229481913,0.922440237253155,1
2019-05-27,2019,105936,106148,1644.65253742014,1575.85319233616,0.597736065061984,1
2019-05-27,2019,104527,106426,1835.94173115111,1451.15139831299,0.901591221249961,1
2019-05-27,2019,105227,105777,1924.75181833124,1838.46687218639,0.621682583435873,0
2019-05-27,2019,104259,103917,1728.05850642739,1601.255082543,0.674791926775124,0
2019-05-27,2019,106043,104919,1746.0361369534,1618.19977579377,0.676095418946241,0
2019-05-27,2019,126610,134770,1636.73242686499,1542.97074424734,0.631750916794417,0
2019-05-27,2019,103819,106214,2139.09713184669,1488.74584316709,0.97688129141497,1
2019-05-27,2019,105453,104542,1999.792944915,1812.48477341309,0.746159356324072,1
2019-05-27,2019,111513,200615,1596.50892861281,1486.34100446177,0.653436104483288,1
2019-05-27,2019,200282,105807,1735.75198254878,1734.24359519239,0.502170730262468,0
2019-05-27,2019,105332,105732,1698.59776187266,1693.47267327422,0.507375060455274,1
2019-05-27,2019,104755,106228,1789.67595146173,1465.80958743384,0.865800225915924,0
2019-05-27,2019,105550,144895,1659.37170767085,1453.37189784884,0.765994474535503,0
2019-05-27,2019,105676,200175,1892.30490331948,1502.77833047039,0.90398385965319,1
2019-05-27,2019,104745,120424,2200.71103118547,1534.66735649005,0.978835857183068,1
2019-05-27,2019,104925,106099,2141.51004826109,1478.79026762378,0.978435822734946,1
2019-05-27,2019,106432,105526,1907.88215494032,1717.72105105844,0.749257332350373,0
2019-05-27,2019,104926,105138,1829.74331347989,1879.58568869354,0.428759103414943,1
2019-05-27,2019,100644,105583,2019.12177234514,1726.12363865304,0.843780831800028,1
2019-05-27,2019,106233,104655,1898.5647668638,1679.81391469553,0.778893722387367,1
2019-05-27,2019,104792,126156,1786.31881280776,1489.68009562654,0.846523398499119,1
2019-05-27,2019,111575,105373,1937.4264662829,1800.40938660477,0.68755936953436,1
2019-05-27,2019,105223,111442,2042.05611026253,1472.54283846682,0.963679691612671,1
2019-05-27,2019,126774,105936,1880.73300158081,1644.65253742014,0.795595236012865,1
2019-05-27,2019,104527,105777,1835.94173115111,1838.46687218639,0.496366093918375,1
2019-05-27,2019,104919,103917,1618.19977579377,1601.255082543,0.524366057945619,1
2019-05-27,2019,103819,134770,2139.09713184669,1542.97074424734,0.968677023152453,1
2019-05-27,2019,105453,111513,1999.792944915,1596.50892861281,0.910641213794761,1
2019-05-27,2019,105332,105807,1698.59776187266,1734.24359519239,0.448880759172846,1
2019-05-27,2019,106228,144895,1465.80958743384,1453.37189784884,0.517891631872669,1
2019-05-27,2019,104745,105676,2200.71103118547,1892.30490331948,0.855119056594089,1
2019-05-27,2019,104925,105526,2141.51004826109,1717.72105105844,0.919792093828826,1
2019-05-27,2019,100644,104926,2019.12177234514,1829.74331347989,0.748409974213801,1
2019-05-27,2019,106233,104792,1898.5647668638,1786.31881280776,0.656140015427688,1
2019-05-27,2019,105223,111575,2042.05611026253,1937.4264662829,0.646181566759433,0
2019-05-27,2019,126774,104527,1880.73300158081,1835.94173115111,0.56410506472914,0
2019-05-27,2019,103819,104919,2139.09713184669,1618.19977579377,0.952507501828485,1
2019-05-27,2019,105453,105332,1999.792944915,1698.59776187266,0.849900241046156,1
2019-05-27,2019,104745,106228,2200.71103118547,1465.80958743384,0.985662461158932,1
2019-05-27,2019,104925,100644,2141.51004826109,2019.12177234514,0.669189937097855,1
2019-05-27,2019,106233,111575,1898.5647668638,1937.4264662829,0.444305591227552,1
2019-05-27,2019,103819,104527,2139.09713184669,1835.94173115111,0.851334052433509,1
2019-05-27,2019,104745,105453,2200.71103118547,1999.792944915,0.760710268255363,1
2019-05-27,2019,104925,106233,2141.51004826109,1898.5647668638,0.801946620264984,0
2019-05-27,2019,104745,103819,2200.71103118547,2139.09713184669,0.587751548142191,1
2019-05-27,2019,104745,106233,2200.71103118547,1898.5647668638,0.850597331334153,1
2019-06-10,2019,126203,200514,1646.71845497525,1486.46604268584,0.715548585931435,1
2019-06-10,2019,126610,106401,1636.73242686499,1818.94270387633,0.259438948213192,1
2019-06-10,2019,200005,104898,1496.50787288558,1610.43801667304,0.341675924631039,0
2019-06-10,2019,106045,105634,1604.97206359011,1510.19689125504,0.633107129086084,1
2019-06-10,2019,106426,106099,1451.15139831299,1478.79026762378,0.460308162635493,1
2019-06-10,2019,104792,105449,1786.31881280776,1702.89397891,0.617802644249551,1
2019-06-10,2019,105173,105217,1659.68166870744,1559.97672549604,0.639673607127793,1
2019-06-10,2019,106298,103852,1700.38036408414,1714.61904238238,0.47952035894005,1
2019-06-10,2019,105732,105051,1693.47267327422,1647.87318414141,0.565248722603263,1
2019-06-10,2019,104259,200175,1728.05850642739,1502.77833047039,0.785298791405596,0
2019-06-10,2019,105676,200221,1892.30490331948,1500,0.905363094898006,1
2019-06-10,2019,133430,105526,1741.10133213181,1717.72105105844,0.533596231370987,0
2019-06-10,2019,126207,105311,1646.49421713399,1643.77035962626,0.503919865748204,1
2019-06-10,2019,105683,200615,1828.57368308499,1486.34100446177,0.877616447085715,1
2019-06-10,2019,111442,126205,1472.54283846682,1585.61578167316,0.342786711685791,1
2019-06-10,2019,104542,104999,1812.48477341309,1589.65053429822,0.782915313002339,1
2019-06-10,2019,104312,105341,1657.95576198292,1534.82412666373,0.670136539668677,1
2019-06-10,2019,105916,144719,1701.4793594509,1577.59262633103,0.671096679911998,1
2019-06-10,2019,104755,105379,1789.67595146173,1640.64614385762,0.702218483362415,1
2019-06-10,2019,2e+05,105208,1508.56028270528,1704.99827955393,0.244015706120667,1
2019-06-10,2019,105062,132283,1697.95591491514,1551.26672561879,0.69939337827857,1
2019-06-10,2019,104468,105376,1756.34569095323,1645.61430928578,0.654170257950242,1
2019-06-10,2019,111797,206173,1673.26982472013,1500,0.730551271219724,1
2019-06-10,2019,105357,104460,1698.97320025118,1538.36790909319,0.715961860147327,0
2019-06-10,2019,106432,126203,1907.88215494032,1646.71845497525,0.81807791712334,1
2019-06-10,2019,111575,126610,1937.4264662829,1636.73242686499,0.849531854170159,0
2019-06-10,2019,106426,104898,1451.15139831299,1610.43801667304,0.285584354365924,1
2019-06-10,2019,104792,106045,1786.31881280776,1604.97206359011,0.739604856048751,0
2019-06-10,2019,104269,105173,1768.77053957827,1659.68166870744,0.652028120403349,0
2019-06-10,2019,106421,106298,1923.40103413606,1700.38036408414,0.783097654608069,0
2019-06-10,2019,105676,105732,1892.30490331948,1693.47267327422,0.758517767169141,1
2019-06-10,2019,105526,200175,1717.72105105844,1502.77833047039,0.775095392054957,1
2019-06-10,2019,126207,111442,1646.49421713399,1472.54283846682,0.731322866500187,0
2019-06-10,2019,105683,104542,1828.57368308499,1812.48477341309,0.523137266123659,1
2019-06-10,2019,200282,104312,1735.75198254878,1657.95576198292,0.61012342174731,1
2019-06-10,2019,105932,105916,1793.75629515582,1701.4793594509,0.629760324336874,0
2019-06-10,2019,104755,105062,1789.67595146173,1697.95591491514,0.629012549518819,1
2019-06-10,2019,2e+05,104468,1508.56028270528,1756.34569095323,0.193665305818881,1
2019-06-10,2019,126774,111797,1880.73300158081,1673.26982472013,0.767501033460291,0
2019-06-10,2019,100644,104460,2019.12177234514,1538.36790909319,0.940890866286238,0
2019-06-10,2019,106432,106426,1907.88215494032,1451.15139831299,0.932714449019775,1
2019-06-10,2019,126610,106045,1636.73242686499,1604.97206359011,0.545579945238642,1
2019-06-10,2019,105676,105173,1892.30490331948,1659.68166870744,0.792339755662922,0
2019-06-10,2019,106298,105526,1700.38036408414,1717.72105105844,0.475065446462303,0
2019-06-10,2019,200282,111442,1735.75198254878,1472.54283846682,0.819823718849117,0
2019-06-10,2019,105683,105916,1828.57368308499,1701.4793594509,0.67515929622772,1
2019-06-10,2019,104755,111797,1789.67595146173,1673.26982472013,0.661522758451476,1
2019-06-10,2019,2e+05,104460,1508.56028270528,1538.36790909319,0.457208315033591,1
2019-06-10,2019,106432,105173,1907.88215494032,1659.68166870744,0.806707544567517,0
2019-06-10,2019,126610,105526,1636.73242686499,1717.72105105844,0.385514151672021,1
2019-06-10,2019,104755,111442,1789.67595146173,1472.54283846682,0.861232537547217,0
2019-06-10,2019,105683,2e+05,1828.57368308499,1508.56028270528,0.863202220519788,0
2019-06-10,2019,105173,111442,1659.68166870744,1472.54283846682,0.74597467821147,1
2019-06-10,2019,2e+05,126610,1508.56028270528,1636.73242686499,0.323481433775857,0
2019-06-17,2019,100644,104898,2019.12177234514,1610.43801667304,0.913138510964321,1
2019-06-17,2019,104731,111815,1994.78657573247,1654.00350369764,0.876717359951546,1
2019-06-17,2019,104259,105449,1728.05850642739,1702.89397891,0.536151471335063,0
2019-06-17,2019,104468,104868,1756.34569095323,1429.82323002968,0.867566826798429,1
2019-06-17,2019,105430,105051,1538.02059632298,1647.87318414141,0.346975080277812,1
2019-06-17,2019,126207,103917,1646.49421713399,1601.255082543,0.564738893311605,0
2019-06-17,2019,105550,105676,1659.37170767085,1892.30490331948,0.207366816698244,0
2019-06-17,2019,104527,105554,1835.94173115111,1648.10776406634,0.746732207218603,1
2019-06-17,2019,111575,200175,1937.4264662829,1502.77833047039,0.924284413638828,1
2019-06-17,2019,106421,104269,1923.40103413606,1768.77053957827,0.708915901311822,1
2019-06-17,2019,111513,105526,1596.50892861281,1717.72105105844,0.332310590242299,0
2019-06-17,2019,106298,126652,1700.38036408414,1490.58751493419,0.769885486946269,1
2019-06-17,2019,104312,121531,1657.95576198292,1500,0.712850033763666,1
2019-06-17,2019,106043,122330,1746.0361369534,1530.19739561745,0.775993255973535,1
2019-06-17,2019,105932,126610,1793.75629515582,1636.73242686499,0.711750713740999,0
2019-06-17,2019,105227,106426,1924.75181833124,1451.15139831299,0.938558700848073,1
2019-06-17,2019,104792,105732,1786.31881280776,1693.47267327422,0.630523978570084,0
2019-06-17,2019,105683,106065,1828.57368308499,1667.9086140978,0.716031833084997,1
2019-06-17,2019,104660,200484,1550.23297461868,1507.34368302105,0.561411026338116,1
2019-06-17,2019,200282,105379,1735.75198254878,1640.64614385762,0.633549159377428,0
2019-06-17,2019,128034,105311,1497.86318694418,1643.77035962626,0.301553907461538,0
2019-06-17,2019,105916,103852,1701.4793594509,1714.61904238238,0.481099486374097,0
2019-06-17,2019,106432,144719,1907.88215494032,1577.59262633103,0.870038517138654,1
2019-06-17,2019,105223,133430,2042.05611026253,1741.10133213181,0.84972361397933,1
2019-06-17,2019,105138,126203,1879.58568869354,1646.71845497525,0.792570765449791,1
2019-06-17,2019,2e+05,105777,1508.56028270528,1838.46687218639,0.130210938200245,1
2019-06-17,2019,104755,105376,1789.67595146173,1645.61430928578,0.696203825942388,1
2019-06-17,2019,106401,106148,1818.94270387633,1575.85319233616,0.802078455216759,1
2019-06-17,2019,105332,104542,1698.59776187266,1812.48477341309,0.341731775375655,0
2019-06-17,2019,105062,104871,1697.95591491514,1726.05479433568,0.459650396210413,0
2019-06-17,2019,103819,105357,2139.09713184669,1698.97320025118,0.926461063818673,1
2019-06-17,2019,126774,106378,1880.73300158081,1816.17232507699,0.591855473281981,1
2019-06-17,2019,100644,105449,2019.12177234514,1702.89397891,0.860608539774085,1
2019-06-17,2019,104731,104468,1994.78657573247,1756.34569095323,0.797796037142719,0
2019-06-17,2019,105676,105430,1892.30490331948,1538.02059632298,0.884874644714506,1
2019-06-17,2019,104527,103917,1835.94173115111,1601.255082543,0.794287340372598,0
2019-06-17,2019,111575,105526,1937.4264662829,1717.72105105844,0.779838595434067,1
2019-06-17,2019,106421,106298,1923.40103413606,1700.38036408414,0.783097654608069,1
2019-06-17,2019,126610,104312,1636.73242686499,1657.95576198292,0.469495098743717,1
2019-06-17,2019,105227,106043,1924.75181833124,1746.0361369534,0.736677396150888,0
2019-06-17,2019,105732,104660,1693.47267327422,1550.23297461868,0.695202169181515,1
2019-06-17,2019,105683,105379,1828.57368308499,1640.64614385762,0.746834063870218,1
2019-06-17,2019,106432,105311,1907.88215494032,1643.77035962626,0.820589970943927,1
2019-06-17,2019,105223,103852,2042.05611026253,1714.61904238238,0.8681705658712,0
2019-06-17,2019,105138,104755,1879.58568869354,1789.67595146173,0.626577515969835,1
2019-06-17,2019,2e+05,106401,1508.56028270528,1818.94270387633,0.143477195026153,1
2019-06-17,2019,103819,104542,2139.09713184669,1812.48477341309,0.867626272502184,1
2019-06-17,2019,126774,104871,1880.73300158081,1726.05479433568,0.708972574527186,1
2019-06-17,2019,100644,105676,2019.12177234514,1892.30490331948,0.674808911025683,0
2019-06-17,2019,104468,103917,1756.34569095323,1601.255082543,0.709462154148526,1
2019-06-17,2019,111575,126610,1937.4264662829,1636.73242686499,0.849531854170159,0
2019-06-17,2019,106421,106043,1923.40103413606,1746.0361369534,0.735166255294816,1
2019-06-17,2019,106432,105732,1907.88215494032,1693.47267327422,0.774559845055719,0
2019-06-17,2019,105683,103852,1828.57368308499,1714.61904238238,0.65835579378672,0
2019-06-17,2019,103819,105138,2139.09713184669,1879.58568869354,0.816658121244002,1
2019-06-17,2019,126774,2e+05,1880.73300158081,1508.56028270528,0.894956295303096,0
2019-06-17,2019,126610,105676,1636.73242686499,1892.30490331948,0.186761285320292,0
2019-06-17,2019,106421,104468,1923.40103413606,1756.34569095323,0.723451612272391,0
2019-06-17,2019,103819,105732,2139.09713184669,1693.47267327422,0.92858941629127,1
2019-06-17,2019,2e+05,103852,1508.56028270528,1714.61904238238,0.233944704824579,0
2019-06-17,2019,103819,105676,2139.09713184669,1892.30490331948,0.805440337390975,1
2019-06-17,2019,104468,103852,1756.34569095323,1714.61904238238,0.559762417406259,0
2019-06-24,2019,106148,111574,1575.85319233616,1482.42832484461,0.631299741140003,1
2019-06-24,2019,105341,104868,1534.82412666373,1429.82323002968,0.646670021653228,1
2019-06-24,2019,105432,104386,1472.6617971504,1573.27128553152,0.359127104165734,1
2019-06-24,2019,104655,111797,1679.81391469553,1673.26982472013,0.509416588959479,0
2019-06-24,2019,105311,132283,1643.77035962626,1551.26672561879,0.63006454493932,0
2019-06-24,2019,104468,105815,1756.34569095323,1577.49810206502,0.736824665593637,1
2019-06-24,2019,117356,105906,1377.68308930528,1485.66927953108,0.349413443048855,0
2019-06-24,2019,105062,105023,1697.95591491514,1749.21802139103,0.426758600034816,0
2019-06-24,2019,105376,144985,1645.61430928578,1500,0.698090899978991,1
2019-06-24,2019,106228,126652,1465.80958743384,1490.58751493419,0.464402026611782,1
2019-06-24,2019,104312,106071,1657.95576198292,1662.56324092715,0.493369693465615,0
2019-06-24,2019,104269,105357,1768.77053957827,1698.97320025118,0.599116637872024,1
2019-06-24,2019,106000,105051,1656.568277598,1647.87318414141,0.512510633560126,1
2019-06-24,2019,105430,105554,1538.02059632298,1648.10776406634,0.346669176541442,0
2019-06-24,2019,105208,123795,1704.99827955393,1467.25077111543,0.797151389802499,0
2019-06-24,2019,105732,106045,1693.47267327422,1604.97206359011,0.624677640970703,1
2019-06-24,2019,105614,104327,1510.17313030447,1678.7420467122,0.274808615845487,1
2019-06-24,2019,111815,104871,1654.00350369764,1726.05479433568,0.397771177135684,1
2019-06-24,2019,200005,105643,1496.50787288558,1603.51982020498,0.350689392384177,1
2019-06-24,2019,106065,128034,1667.9086140978,1497.86318694418,0.72688198947364,0
2019-06-24,2019,200175,144719,1502.77833047039,1577.59262633103,0.393967378336398,1
2019-06-24,2019,124187,105449,1532.57391184348,1702.89397891,0.272804264843371,0
2019-06-24,2019,106075,104678,1560.24292658171,1588.08935053536,0.46001136391168,0
2019-06-24,2019,126203,206703,1646.71845497525,1500,0.699428795930902,1
2019-06-24,2019,105173,106148,1659.68166870744,1575.85319233616,0.618351137064204,1
2019-06-24,2019,111513,105341,1596.50892861281,1534.82412666373,0.587850438779644,0
2019-06-24,2019,132283,105432,1551.26672561879,1472.6617971504,0.611230220997709,1
2019-06-24,2019,104468,111797,1756.34569095323,1673.26982472013,0.617328204612862,1
2019-06-24,2019,105807,105906,1734.24359519239,1485.66927953108,0.807042875403813,1
2019-06-24,2019,105583,105023,1726.12363865304,1749.21802139103,0.466813374378522,0
2019-06-24,2019,106071,105376,1662.56324092715,1645.61430928578,0.524372142991097,1
2019-06-24,2019,104269,106228,1768.77053957827,1465.80958743384,0.851192328663512,1
2019-06-24,2019,106000,123795,1656.568277598,1467.25077111543,0.748343902249097,1
2019-06-24,2019,105732,105554,1693.47267327422,1648.10776406634,0.564916854741303,0
2019-06-24,2019,111442,105614,1472.54283846682,1510.17313030447,0.446056425329351,1
2019-06-24,2019,106378,111815,1816.17232507699,1654.00350369764,0.717788623376263,1
2019-06-24,2019,200005,200175,1496.50787288558,1502.77833047039,0.490977065790413,0
2019-06-24,2019,128034,105449,1497.86318694418,1702.89397891,0.235006868682489,1
2019-06-24,2019,105332,104678,1698.59776187266,1588.08935053536,0.653879827734625,0
2019-06-24,2019,105550,126203,1659.37170767085,1646.71845497525,0.518201447988693,0
2019-06-24,2019,105173,132283,1659.68166870744,1551.26672561879,0.651147405788273,0
2019-06-24,2019,104468,105341,1756.34569095323,1534.82412666373,0.781628296269231,0
2019-06-24,2019,105807,106071,1734.24359519239,1662.56324092715,0.601717206281964,1
2019-06-24,2019,104269,105023,1768.77053957827,1749.21802139103,0.528108667850512,0
2019-06-24,2019,111442,106000,1472.54283846682,1656.568277598,0.257436446276896,1
2019-06-24,2019,106378,105554,1816.17232507699,1648.10776406634,0.72461241013074,1
2019-06-24,2019,200175,104678,1502.77833047039,1588.08935053536,0.379636893995507,1
2019-06-24,2019,126203,128034,1646.71845497525,1497.86318694418,0.702008343806138,1
2019-06-24,2019,105807,132283,1734.24359519239,1551.26672561879,0.741407996089502,0
2019-06-24,2019,105023,105341,1749.21802139103,1534.82412666373,0.774544177058744,1
2019-06-24,2019,111442,200175,1472.54283846682,1502.77833047039,0.456597141694992,0
2019-06-24,2019,106378,126203,1816.17232507699,1646.71845497525,0.726205436471611,0
2019-06-24,2019,132283,200175,1551.26672561879,1502.77833047039,0.569330869050843,1
2019-06-24,2019,126203,105023,1646.71845497525,1749.21802139103,0.35662683882537,1
2019-07-01,2019,104925,104259,2141.51004826109,1728.05850642739,0.915290860296023,1
2019-07-01,2019,104291,106045,1646.03094057281,1604.97206359011,0.5588149293772,0
2019-07-01,2019,104919,105208,1618.19977579377,1704.99827955393,0.377622370815395,1
2019-07-01,2019,105583,128034,1726.12363865304,1497.86318694418,0.78817718697541,0
2019-07-01,2019,2e+05,105577,1508.56028270528,1593.63542432773,0.379956731389998,1
2019-07-01,2019,105777,144895,1838.46687218639,1453.37189784884,0.901746704074418,0
2019-07-01,2019,132283,104719,1551.26672561879,1562.23127300364,0.484225984205959,0
2019-07-01,2019,104792,200005,1786.31881280776,1496.50787288558,0.841347149981921,0
2019-07-01,2019,106421,103893,1923.40103413606,1499.46631004712,0.919853959438666,1
2019-07-01,2019,105807,200615,1734.24359519239,1486.34100446177,0.806440010534962,0
2019-07-01,2019,105373,104871,1800.40938660477,1726.05479433568,0.605400629808543,0
2019-07-01,2019,105676,105614,1892.30490331948,1510.17313030447,0.900225020579066,1
2019-07-01,2019,106378,144719,1816.17232507699,1577.59262633103,0.797924911657498,1
2019-07-01,2019,104269,111794,1768.77053957827,1509.93120872822,0.816078116743256,1
2019-07-01,2019,103333,105063,1600.82618240262,1514.60715588408,0.621593331936935,1
2019-07-01,2019,126774,105341,1880.73300158081,1534.82412666373,0.879871254400291,0
2019-07-01,2019,104731,105732,1994.78657573247,1693.47267327422,0.849987401913136,1
2019-07-01,2019,106415,104386,1710.48595544123,1573.27128553152,0.68780365981651,0
2019-07-01,2019,111797,104312,1673.26982472013,1657.95576198292,0.522024446536507,0
2019-07-01,2019,105550,105657,1659.37170767085,1646.88933823461,0.517955848719695,1
2019-07-01,2019,104527,105074,1835.94173115111,1542.2867385678,0.84427859990774,1
2019-07-01,2019,124187,105649,1532.57391184348,1580.78256240533,0.431064019243768,1
2019-07-01,2019,104898,106075,1610.43801667304,1560.24292658171,0.571738117236758,1
2019-07-01,2019,105683,105432,1828.57368308499,1472.6617971504,0.885825652581631,1
2019-07-01,2019,111575,126952,1937.4264662829,1483.74202710904,0.931605534192752,1
2019-07-01,2019,103852,106218,1714.61904238238,1494.50967875864,0.780237569619622,1
2019-07-01,2019,104999,104327,1589.65053429822,1678.7420467122,0.374525195296314,0
2019-07-01,2019,105138,105376,1879.58568869354,1645.61430928578,0.79361375938042,1
2019-07-01,2019,105332,106228,1698.59776187266,1465.80958743384,0.79249593568407,1
2019-07-01,2019,200175,106148,1502.77833047039,1575.85319233616,0.396360570763332,1
2019-07-01,2019,104655,106000,1679.81391469553,1656.568277598,0.53340333293056,1
2019-07-01,2019,100644,106210,2019.12177234514,1626.02903756253,0.905750953948976,0
2019-07-01,2019,106233,105023,1898.5647668638,1749.21802139103,0.702599847197968,0
2019-07-01,2019,106426,126094,1451.15139831299,1651.2918011555,0.240105578006887,0
2019-07-01,2019,105357,106198,1698.97320025118,1450.61229481913,0.806851497343786,1
2019-07-01,2019,111513,105819,1596.50892861281,1499.05288691417,0.636684368709801,1
2019-07-01,2019,104468,106099,1756.34569095323,1478.79026762378,0.83170192505732,1
2019-07-01,2019,105815,106034,1577.49810206502,1537.33397106947,0.557544721255318,1
2019-07-01,2019,105916,110602,1701.4793594509,1566.65359984999,0.684843166831824,1
2019-07-01,2019,104926,126207,1829.74331347989,1646.49421713399,0.741708323199143,1
2019-07-01,2019,105227,105173,1924.75181833124,1659.68166870744,0.82140071953183,1
2019-07-01,2019,105311,206703,1643.77035962626,1500,0.695849068374229,1
2019-07-01,2019,105554,105643,1648.10776406634,1603.51982020498,0.563817242596081,1
2019-07-01,2019,105932,104868,1793.75629515582,1429.82323002968,0.890413046917627,1
2019-07-01,2019,133430,105575,1741.10133213181,1615.97048086643,0.672675515764946,0
2019-07-01,2019,104542,106071,1812.48477341309,1662.56324092715,0.703290755569509,1
2019-07-01,2019,106401,111442,1818.94270387633,1472.54283846682,0.880169674815184,1
2019-07-01,2019,104745,105216,2200.71103118547,1510.81554444718,0.981500842084737,1
2019-07-01,2019,105453,106329,1999.792944915,1561.08754193662,0.925902785322553,1
2019-07-01,2019,111815,104797,1654.00350369764,1576.04000510029,0.610352452270613,1
2019-07-01,2019,105449,105077,1702.89397891,1593.59743455425,0.652299307017183,1
2019-07-01,2019,200282,106065,1735.75198254878,1667.9086140978,0.596412162319438,1
2019-07-01,2019,105526,105430,1717.72105105844,1538.02059632298,0.737775577385425,1
2019-07-01,2019,126203,104607,1646.71845497525,1802.10101226576,0.290191554615191,1
2019-07-01,2019,105062,104665,1697.95591491514,1574.79848317752,0.670169364435248,1
2019-07-01,2019,104545,134770,1797.49155594014,1542.97074424734,0.812317499835965,1
2019-07-01,2019,126610,105379,1636.73242686499,1640.64614385762,0.494367946713232,1
2019-07-01,2019,111790,104571,1452.66515041271,1600.97988874762,0.298642976094528,0
2019-07-01,2019,105936,136440,1644.65253742014,1491.54209752927,0.707106978800884,0
2019-07-01,2019,106043,105051,1746.0361369534,1647.87318414141,0.637625145699463,1
2019-07-01,2019,106298,104755,1700.38036408414,1789.67595146173,0.374250043581638,1
2019-07-01,2019,122330,106296,1530.19739561745,1435.97525871213,0.632367338443543,0
2019-07-01,2019,126652,111511,1490.58751493419,1531.31449583215,0.441656151317044,1
2019-07-01,2019,103819,144750,2139.09713184669,1548.43294872675,0.967708796539506,1
2019-07-01,2019,104925,106045,2141.51004826109,1604.97206359011,0.956418420092563,1
2019-07-01,2019,128034,104919,1497.86318694418,1618.19977579377,0.333429805087616,1
2019-07-01,2019,2e+05,144895,1508.56028270528,1453.37189784884,0.57876115543473,1
2019-07-01,2019,200005,104719,1496.50787288558,1562.23127300364,0.40652870555966,1
2019-07-01,2019,106421,200615,1923.40103413606,1486.34100446177,0.925250346757823,1
2019-07-01,2019,105676,104871,1892.30490331948,1726.05479433568,0.722523270675824,1
2019-07-01,2019,106378,104269,1816.17232507699,1768.77053957827,0.567796518145581,0
2019-07-01,2019,103333,105341,1600.82618240262,1534.82412666373,0.593858239437251,0
2019-07-01,2019,104731,104386,1994.78657573247,1573.27128553152,0.918821173478228,1
2019-07-01,2019,105550,104312,1659.37170767085,1657.95576198292,0.502037698364544,1
2019-07-01,2019,104527,124187,1835.94173115111,1532.57391184348,0.851488746331789,0
2019-07-01,2019,105683,104898,1828.57368308499,1610.43801667304,0.778283244508077,1
2019-07-01,2019,111575,103852,1937.4264662829,1714.61904238238,0.782889076863947,1
2019-07-01,2019,105138,104327,1879.58568869354,1678.7420467122,0.760632253106234,1
2019-07-01,2019,105332,200175,1698.59776187266,1502.77833047039,0.755326836679098,1
2019-07-01,2019,104655,106210,1679.81391469553,1626.02903756253,0.576790220120953,0
2019-07-01,2019,105023,126094,1749.21802139103,1651.2918011555,0.637310212385664,1
2019-07-01,2019,111513,105357,1596.50892861281,1698.97320025118,0.356673457052998,0
2019-07-01,2019,104468,105815,1756.34569095323,1577.49810206502,0.736824665593637,0
2019-07-01,2019,104926,105916,1829.74331347989,1701.4793594509,0.676634213024636,1
2019-07-01,2019,105227,105311,1924.75181833124,1643.77035962626,0.83444443750061,0
2019-07-01,2019,105932,105554,1793.75629515582,1648.10776406634,0.698132417348064,0
2019-07-01,2019,104542,105575,1812.48477341309,1615.97048086643,0.756065303662749,1
2019-07-01,2019,104745,106401,2200.71103118547,1818.94270387633,0.900036945345588,1
2019-07-01,2019,105453,111815,1999.792944915,1654.00350369764,0.879798566507994,1
2019-07-01,2019,200282,105449,1735.75198254878,1702.89397891,0.547145993535767,0
2019-07-01,2019,126203,105526,1646.71845497525,1717.72105105844,0.399218169829033,0
2019-07-01,2019,104545,105062,1797.49155594014,1697.95591491514,0.639448943970677,0
2019-07-01,2019,126610,104571,1636.73242686499,1600.97988874762,0.551271191475494,1
2019-07-01,2019,106043,136440,1746.0361369534,1491.54209752927,0.812294002892879,1
2019-07-01,2019,106298,106296,1700.38036408414,1435.97525871213,0.820838410333938,1
2019-07-01,2019,103819,126652,2139.09713184669,1490.58751493419,0.976640649974505,1
2019-07-01,2019,104925,128034,2141.51004826109,1497.86318694418,0.975993450105587,1
2019-07-01,2019,2e+05,200005,1508.56028270528,1496.50787288558,0.517337857929367,0
2019-07-01,2019,106421,105676,1923.40103413606,1892.30490331948,0.544631817515484,0
2019-07-01,2019,104269,105341,1768.77053957827,1534.82412666373,0.793590218565214,1
2019-07-01,2019,104731,105550,1994.78657573247,1659.37170767085,0.873338293980321,0
2019-07-01,2019,105683,124187,1828.57368308499,1532.57391184348,0.846044928909968,1
2019-07-01,2019,111575,105138,1937.4264662829,1879.58568869354,0.582478997507337,0
2019-07-01,2019,105332,106210,1698.59776187266,1626.02903756253,0.602942123629179,1
2019-07-01,2019,105357,105023,1698.97320025118,1749.21802139103,0.428191788744483,0
2019-07-01,2019,104926,105815,1829.74331347989,1577.49810206502,0.810312217868868,0
2019-07-01,2019,105554,105311,1648.10776406634,1643.77035962626,0.506241702497378,0
2019-07-01,2019,104745,104542,2200.71103118547,1812.48477341309,0.903332197592342,1
2019-07-01,2019,105453,105449,1999.792944915,1702.89397891,0.846717934567727,1
2019-07-01,2019,105526,105062,1717.72105105844,1697.95591491514,0.528413672132881,0
2019-07-01,2019,126610,106043,1636.73242686499,1746.0361369534,0.347691337503494,1
2019-07-01,2019,103819,106298,2139.09713184669,1700.38036408414,0.925907273521122,1
2019-07-01,2019,104925,200005,2141.51004826109,1496.50787288558,0.976175571213902,1
2019-07-01,2019,105676,104269,1892.30490331948,1768.77053957827,0.67064880389637,1
2019-07-01,2019,105683,105550,1828.57368308499,1659.37170767085,0.725917032378843,0
2019-07-01,2019,105138,105332,1879.58568869354,1698.59776187266,0.739206856378095,1
2019-07-01,2019,105023,105815,1749.21802139103,1577.49810206502,0.728791407282936,1
2019-07-01,2019,104745,105311,2200.71103118547,1643.77035962626,0.961059752179472,1
2019-07-01,2019,105453,105062,1999.792944915,1697.95591491514,0.850370972853612,1
2019-07-01,2019,103819,126610,2139.09713184669,1636.73242686499,0.947441766093494,1
2019-07-01,2019,104925,105676,2141.51004826109,1892.30490331948,0.807607735025885,1
2019-07-01,2019,105138,105550,1879.58568869354,1659.37170767085,0.780340814047523,1
2019-07-01,2019,104745,105023,2200.71103118547,1749.21802139103,0.930797366563103,1
2019-07-01,2019,103819,105453,2139.09713184669,1999.792944915,0.69038062609535,1
2019-07-01,2019,104925,105138,2141.51004826109,1879.58568869354,0.81872867733872,1
2019-07-01,2019,104745,103819,2200.71103118547,2139.09713184669,0.587751548142191,0
2019-07-01,2019,104925,103819,2141.51004826109,2139.09713184669,0.503472410027016,1
2019-07-15,2019,105077,106005,1593.59743455425,1488.41304866676,0.646911324380306,1
2019-07-15,2019,105815,104797,1577.49810206502,1576.04000510029,0.502098357890281,1
2019-07-15,2019,144895,106099,1453.37189784884,1478.79026762378,0.463485149279754,0
2019-07-15,2019,106148,144719,1575.85319233616,1577.59262633103,0.497496774172632,1
2019-07-15,2019,105359,104678,1482.41585167606,1588.08935053536,0.352445819872797,0
2019-07-15,2019,105477,126120,1547.2309135434,1476.56361124296,0.60031881775298,0
2019-07-15,2019,134770,106000,1542.97074424734,1656.568277598,0.342106726148097,0
2019-07-15,2019,122330,106109,1530.19739561745,1402.93480208836,0.67537170140724,1
2019-07-15,2019,105373,105487,1800.40938660477,1466.25365535187,0.87253433970236,0
2019-07-15,2019,110602,104327,1566.65359984999,1678.7420467122,0.344064579900622,1
2019-07-15,2019,105432,104719,1472.6617971504,1562.23127300364,0.373880890958469,0
2019-07-15,2019,126094,104898,1651.2918011555,1610.43801667304,0.558523841317133,1
2019-07-15,2019,106198,105208,1450.61229481913,1704.99827955393,0.187800855348298,1
2019-07-15,2019,104999,105065,1589.65053429822,1499.63218061624,0.626723798407485,1
2019-07-15,2019,105155,206173,1527.60530131823,1500,0.539643833199149,0
2019-07-15,2019,106228,106032,1465.80958743384,1390.04378807249,0.607339602182938,1
2019-07-15,2019,103333,105819,1600.82618240262,1499.05288691417,0.642413338322943,0
2019-07-15,2019,106065,105379,1667.9086140978,1640.64614385762,0.539153523026675,0
2019-07-15,2019,105311,106075,1643.77035962626,1560.24292658171,0.617942090441783,1
2019-07-15,2019,105449,111153,1702.89397891,1472.06572500161,0.790634497018762,0
2019-07-15,2019,104919,104665,1618.19977579377,1574.79848317752,0.562136607930029,1
2019-07-15,2019,106329,111200,1561.08754193662,1485.62582902384,0.606922076721344,0
2019-07-15,2019,106071,125802,1662.56324092715,1568.85426030559,0.631680335816256,0
2019-07-15,2019,106210,105649,1626.02903756253,1580.78256240533,0.564749280108277,1
2019-07-15,2019,105643,126523,1603.51982020498,1510.7480610168,0.630424225557905,1
2019-07-15,2019,106368,104660,1581.32936918337,1550.23297461868,0.544632194055129,1
2019-07-15,2019,103893,105091,1499.46631004712,1487.26222813955,0.517555865842323,1
2019-07-15,2019,111797,105967,1673.26982472013,1635.89659132677,0.553577914641209,1
2019-07-15,2019,105614,106045,1510.17313030447,1604.97206359011,0.366861100119249,0
2019-07-15,2019,105936,106121,1644.65253742014,1605.85843705673,0.555598330864254,1
2019-07-15,2019,144707,200221,1545.98741627459,1500,0.565797407322119,1
2019-07-15,2019,111790,105051,1452.66515041271,1647.87318414141,0.245324177914132,0
2019-07-15,2019,105634,105226,1510.19689125504,1539.39856479075,0.458074092396577,0
2019-07-15,2019,105807,104871,1734.24359519239,1726.05479433568,0.511782450062655,0
2019-07-15,2019,105341,105882,1534.82412666373,1457.80892172563,0.609053444343786,0
2019-07-15,2019,104269,105077,1768.77053957827,1593.59743455425,0.732702493717289,0
2019-07-15,2019,105173,105815,1659.68166870744,1577.49810206502,0.616114061675539,0
2019-07-15,2019,106432,106099,1907.88215494032,1478.79026762378,0.922015464943587,0
2019-07-15,2019,106148,106000,1575.85319233616,1656.568277598,0.385887234501948,1
2019-07-15,2019,122330,104678,1530.19739561745,1588.08935053536,0.417449358240983,1
2019-07-15,2019,105487,126120,1466.25365535187,1476.56361124296,0.485167134332799,1
2019-07-15,2019,104755,110602,1789.67595146173,1566.65359984999,0.783099298779132,1
2019-07-15,2019,111442,104719,1472.54283846682,1562.23127300364,0.373720601651309,0
2019-07-15,2019,105583,126094,1726.12363865304,1651.2918011555,0.606056730565435,1
2019-07-15,2019,106228,106198,1465.80958743384,1450.61229481913,0.521856724405121,1
2019-07-15,2019,105819,104999,1499.05288691417,1589.65053429822,0.372496412594249,0
2019-07-15,2019,105379,206173,1640.64614385762,1500,0.692029436058965,1
2019-07-15,2019,105311,111200,1643.77035962626,1485.62582902384,0.713072411836145,1
2019-07-15,2019,125802,111153,1568.85426030559,1472.06572500161,0.635795071318394,1
2019-07-15,2019,104919,106210,1618.19977579377,1626.02903756253,0.488734693379124,1
2019-07-15,2019,104655,105643,1679.81391469553,1603.51982020498,0.608064603720988,0
2019-07-15,2019,200005,106368,1496.50787288558,1581.32936918337,0.380300775992968,1
2019-07-15,2019,111513,103893,1596.50892861281,1499.46631004712,0.63613368804097,1
2019-07-15,2019,111797,144707,1673.26982472013,1545.98741627459,0.675396708804313,1
2019-07-15,2019,106045,105051,1604.97206359011,1647.87318414141,0.438572207299092,0
2019-07-15,2019,105936,105226,1644.65253742014,1539.39856479075,0.647002816814058,0
2019-07-15,2019,106426,104871,1451.15139831299,1726.05479433568,0.170445790979208,0
2019-07-15,2019,104545,111794,1797.49155594014,1509.93120872822,0.839610171442818,1
2019-07-15,2019,104926,105882,1829.74331347989,1457.80892172563,0.894827251741927,0
2019-07-15,2019,106148,105077,1575.85319233616,1593.59743455425,0.474486161911977,0
2019-07-15,2019,105815,122330,1577.49810206502,1530.19739561745,0.567653722501337,0
2019-07-15,2019,106099,105487,1478.79026762378,1466.25365535187,0.518033809325186,1
2019-07-15,2019,104755,106228,1789.67595146173,1465.80958743384,0.865800225915924,0
2019-07-15,2019,104719,104999,1562.23127300364,1589.65053429822,0.460622228073667,1
2019-07-15,2019,105583,105379,1726.12363865304,1640.64614385762,0.620588773114477,1
2019-07-15,2019,105311,105643,1643.77035962626,1603.51982020498,0.557667422350678,0
2019-07-15,2019,200005,125802,1496.50787288558,1568.85426030559,0.397364322281194,1
2019-07-15,2019,111513,104919,1596.50892861281,1618.19977579377,0.468824854538328,1
2019-07-15,2019,111797,104871,1673.26982472013,1726.05479433568,0.42461543867547,1
2019-07-15,2019,104545,105051,1797.49155594014,1647.87318414141,0.70292646447194,1
2019-07-15,2019,105882,105226,1457.80892172563,1539.39856479075,0.384694888189308,0
2019-07-15,2019,106228,105077,1465.80958743384,1593.59743455425,0.32396574134876,1
2019-07-15,2019,122330,104719,1530.19739561745,1562.23127300364,0.454029735424638,1
2019-07-15,2019,105583,106099,1726.12363865304,1478.79026762378,0.805928023237379,1
2019-07-15,2019,111797,105643,1673.26982472013,1603.51982020498,0.599051192718246,1
2019-07-15,2019,104545,200005,1797.49155594014,1496.50787288558,0.849744859661703,1
2019-07-15,2019,111513,105226,1596.50892861281,1539.39856479075,0.581456097361294,0
2019-07-15,2019,111797,106228,1673.26982472013,1465.80958743384,0.76749801391106,1
2019-07-15,2019,104545,122330,1797.49155594014,1530.19739561745,0.823271135130608,1
2019-07-15,2019,105583,105226,1726.12363865304,1539.39856479075,0.74552307627218,1
2019-07-22,2019,100644,111797,2019.12177234514,1673.26982472013,0.879836612926791,1
2019-07-22,2019,105777,110536,1838.46687218639,1467.00300588765,0.89457207230833,0
2019-07-22,2019,105077,105967,1593.59743455425,1635.89659132677,0.439425608186591,1
2019-07-22,2019,106065,105643,1667.9086140978,1603.51982020498,0.591616440909521,0
2019-07-22,2019,200175,106058,1502.77833047039,1616.41154732785,0.342060495902792,1
2019-07-22,2019,105882,123755,1457.80892172563,1508.09374008609,0.428135416276174,1
2019-07-22,2019,105373,127157,1800.40938660477,1511.08297430328,0.840974491733747,1
2019-07-22,2019,106148,103893,1575.85319233616,1499.46631004712,0.608191891204661,1
2019-07-22,2019,111513,105936,1596.50892861281,1644.65253742014,0.431155844959912,0
2019-07-22,2019,105932,106198,1793.75629515582,1450.61229481913,0.878178781623243,1
2019-07-22,2019,200615,106045,1486.34100446177,1604.97206359011,0.335615414799693,1
2019-07-22,2019,104797,144817,1576.04000510029,1501.79425410048,0.605250945175177,1
2019-07-22,2019,106228,200221,1465.80958743384,1500,0.45095426052524,1
2019-07-22,2019,105432,126952,1472.6617971504,1483.74202710904,0.48405967104745,0
2019-07-22,2019,106121,111795,1605.85843705673,1487.05767824948,0.66460237041695,1
2019-07-22,2019,104755,111576,1789.67595146173,1469.46384881534,0.86333723168419,1
2019-07-22,2019,111442,111815,1472.54283846682,1654.00350369764,0.260268872590062,0
2019-07-22,2019,104665,110602,1574.79848317752,1566.65359984999,0.511719282566415,1
2019-07-22,2019,105332,104871,1698.59776187266,1726.05479433568,0.460568208601805,0
2019-07-22,2019,126207,106071,1646.49421713399,1662.56324092715,0.476891290751083,0
2019-07-22,2019,144895,105649,1453.37189784884,1580.78256240533,0.324441449892144,0
2019-07-22,2019,105526,106329,1717.72105105844,1561.08754193662,0.711289478218475,1
2019-07-22,2019,105051,111794,1647.87318414141,1509.93120872822,0.688701962888627,1
2019-07-22,2019,105208,106210,1704.99827955393,1626.02903756253,0.611728447530724,0
2019-07-22,2019,105807,105870,1734.24359519239,1526.96612064225,0.767310225202684,1
2019-07-22,2019,105657,105614,1646.88933823461,1510.17313030447,0.687187187153863,0
2019-07-22,2019,105341,105757,1534.82412666373,1463.39766319,0.6013668974295,1
2019-07-22,2019,104919,200484,1618.19977579377,1507.34368302105,0.654332650416835,0
2019-07-22,2019,104926,109699,1829.74331347989,1500,0.869682576317695,1
2019-07-22,2019,105430,105815,1538.02059632298,1577.49810206502,0.443430544070566,1
2019-07-22,2019,105311,104327,1643.77035962626,1678.7420467122,0.44984098192387,1
2019-07-22,2019,106426,126094,1451.15139831299,1651.2918011555,0.240105578006887,0
2019-07-22,2019,105554,105359,1648.10776406634,1482.41585167606,0.721878609447153,1
2019-07-22,2019,103990,126237,1598.09672510192,1500,0.637537052637095,0
2019-07-22,2019,134770,104898,1542.97074424734,1610.43801667304,0.404109067786913,1
2019-07-22,2019,124187,122330,1532.57391184348,1530.19739561745,0.50342002843366,1
2019-07-22,2019,144719,104291,1577.59262633103,1646.03094057281,0.402763749179533,1
2019-07-22,2019,105916,104259,1701.4793594509,1728.05850642739,0.461823977397295,1
2019-07-22,2019,106233,104655,1898.5647668638,1679.81391469553,0.778893722387367,1
2019-07-22,2019,126203,110536,1646.71845497525,1467.00300588765,0.73779227567171,1
2019-07-22,2019,104269,105077,1768.77053957827,1593.59743455425,0.732702493717289,0
2019-07-22,2019,100644,105643,2019.12177234514,1603.51982020498,0.91624570779413,1
2019-07-22,2019,200005,200175,1496.50787288558,1502.77833047039,0.490977065790413,0
2019-07-22,2019,106148,105882,1575.85319233616,1457.80892172563,0.663630987519951,1
2019-07-22,2019,105936,105373,1644.65253742014,1800.40938660477,0.289747950462415,1
2019-07-22,2019,105732,200615,1693.47267327422,1486.34100446177,0.767160334042652,0
2019-07-22,2019,105583,104797,1726.12363865304,1576.04000510029,0.703485437278079,1
2019-07-22,2019,105932,106228,1793.75629515582,1465.80958743384,0.868505969201988,1
2019-07-22,2019,111815,126952,1654.00350369764,1483.74202710904,0.727128820925441,1
2019-07-22,2019,104665,106121,1574.79848317752,1605.85843705673,0.455419830926125,1
2019-07-22,2019,104755,104871,1789.67595146173,1726.05479433568,0.590548382268214,0
2019-07-22,2019,105051,106071,1647.87318414141,1662.56324092715,0.47887189773719,0
2019-07-22,2019,106210,105649,1626.02903756253,1580.78256240533,0.564749280108277,0
2019-07-22,2019,105526,105807,1717.72105105844,1734.24359519239,0.476240056306253,0
2019-07-22,2019,200282,105614,1735.75198254878,1510.17313030447,0.78558853428728,1
2019-07-22,2019,132283,105341,1551.26672561879,1534.82412666373,0.523645151879648,0
2019-07-22,2019,104926,200484,1829.74331347989,1507.34368302105,0.864816175781469,1
2019-07-22,2019,105430,105554,1538.02059632298,1648.10776406634,0.346669176541442,0
2019-07-22,2019,105311,126237,1643.77035962626,1500,0.695849068374229,1
2019-07-22,2019,134770,126094,1542.97074424734,1651.2918011555,0.348975370389151,0
2019-07-22,2019,104545,124187,1797.49155594014,1532.57391184348,0.821271894994058,0
2019-07-22,2019,105138,144719,1879.58568869354,1577.59262633103,0.850485223319797,1
2019-07-22,2019,106233,105916,1898.5647668638,1701.4793594509,0.756671127286259,1
2019-07-22,2019,126203,200175,1646.71845497525,1502.77833047039,0.696055856024552,1
2019-07-22,2019,106148,105077,1575.85319233616,1593.59743455425,0.474486161911977,0
2019-07-22,2019,100644,105936,2019.12177234514,1644.65253742014,0.896192610159993,1
2019-07-22,2019,111815,200615,1654.00350369764,1486.34100446177,0.724150322598719,1
2019-07-22,2019,105583,104665,1726.12363865304,1574.79848317752,0.704974038130437,0
2019-07-22,2019,105932,104871,1793.75629515582,1726.05479433568,0.596215573983537,1
2019-07-22,2019,200282,106071,1735.75198254878,1662.56324092715,0.603796263428033,1
2019-07-22,2019,105341,105649,1534.82412666373,1580.78256240533,0.434243577230364,0
2019-07-22,2019,104926,105807,1829.74331347989,1734.24359519239,0.634075399007715,0
2019-07-22,2019,105554,124187,1648.10776406634,1532.57391184348,0.660397545800737,0
2019-07-22,2019,105138,105311,1879.58568869354,1643.77035962626,0.795346921563774,0
2019-07-22,2019,106233,126094,1898.5647668638,1651.2918011555,0.805873631093436,0
2019-07-22,2019,126203,111815,1646.71845497525,1654.00350369764,0.489517508328145,1
2019-07-22,2019,104665,105077,1574.79848317752,1593.59743455425,0.472972504752655,0
2019-07-22,2019,100644,105932,2019.12177234514,1793.75629515582,0.785381570291221,0
2019-07-22,2019,200282,124187,1735.75198254878,1532.57391184348,0.763070354489478,1
2019-07-22,2019,105311,105649,1643.77035962626,1580.78256240533,0.5896665068106,0
2019-07-22,2019,105807,126094,1734.24359519239,1651.2918011555,0.617159468081741,0
2019-07-22,2019,126203,200282,1646.71845497525,1735.75198254878,0.374603390336769,0
2019-07-22,2019,105077,105649,1593.59743455425,1580.78256240533,0.518433724908292,1
2019-07-22,2019,105932,126094,1793.75629515582,1651.2918011555,0.694255773374531,1
2019-07-29,2019,104542,111790,1812.48477341309,1452.66515041271,0.888081068634311,1
2019-07-29,2019,105575,144750,1615.97048086643,1548.43294872675,0.595988321368268,0
2019-07-29,2019,126094,105376,1651.2918011555,1645.61430928578,0.50816984039861,0
2019-07-29,2019,105051,105065,1647.87318414141,1499.63218061624,0.701268112632235,0
2019-07-29,2019,103333,106216,1600.82618240262,1515.56840753629,0.620290917749951,0
2019-07-29,2019,122330,105614,1530.19739561745,1510.17313030447,0.528785368884172,1
2019-07-29,2019,124187,111153,1532.57391184348,1472.06572500161,0.586208455852458,1
2019-07-29,2019,105657,111453,1646.88933823461,1512.40621038452,0.684417314158,1
2019-07-29,2019,105554,106415,1648.10776406634,1710.48595544123,0.411182838859578,0
2019-07-29,2019,106401,111515,1818.94270387633,1466.27642342728,0.883922395628667,1
2019-07-29,2019,200175,200615,1502.77833047039,1486.34100446177,0.523637580464734,1
2019-07-29,2019,105173,125802,1659.68166870744,1568.85426030559,0.627812686018413,1
2019-07-29,2019,128034,105385,1497.86318694418,1589.71383799126,0.370812012559189,1
2019-07-29,2019,104291,117360,1646.03094057281,1475.41677755387,0.727531457393867,0
2019-07-29,2019,111442,106058,1472.54283846682,1616.41154732785,0.304031124480309,1
2019-07-29,2019,106045,126205,1604.97206359011,1585.61578167316,0.527827144762234,0
2019-07-29,2019,111575,104542,1937.4264662829,1812.48477341309,0.672435716938143,0
2019-07-29,2019,106065,104871,1667.9086140978,1726.05479433568,0.417093514409101,0
2019-07-29,2019,105777,105449,1838.46687218639,1702.89397891,0.685770692796147,1
2019-07-29,2019,106378,144750,1816.17232507699,1548.43294872675,0.823643712920527,1
2019-07-29,2019,105341,144719,1534.82412666373,1577.59262633103,0.438760192203667,0
2019-07-29,2019,126952,105649,1483.74202710904,1580.78256240533,0.363869087784051,1
2019-07-29,2019,200282,105376,1735.75198254878,1645.61430928578,0.626884468886534,0
2019-07-29,2019,105916,105077,1701.4793594509,1593.59743455425,0.650450105062255,0
2019-07-29,2019,106426,106228,1451.15139831299,1465.80958743384,0.47891767728156,0
2019-07-29,2019,105683,105065,1828.57368308499,1499.63218061624,0.869158575616917,1
2019-07-29,2019,106421,106216,1923.40103413606,1515.56840753629,0.912749112568864,1
2019-07-29,2019,110602,200514,1566.65359984999,1486.46604268584,0.613392885648414,1
2019-07-29,2019,105208,105359,1704.99827955393,1482.41585167606,0.78266884937006,1
2019-07-29,2019,126207,122330,1646.49421713399,1530.19739561745,0.661381857148522,1
2019-07-29,2019,105373,104897,1800.40938660477,1605.85943997556,0.753973787443813,0
2019-07-29,2019,111815,106296,1654.00350369764,1435.97525871213,0.778176521628604,1
2019-07-29,2019,2e+05,124187,1508.56028270528,1532.57391184348,0.465496534714372,1
2019-07-29,2019,105807,134770,1734.24359519239,1542.97074424734,0.750457735776414,0
2019-07-29,2019,105062,106000,1697.95591491514,1656.568277598,0.559281454947096,1
2019-07-29,2019,105227,105657,1924.75181833124,1646.88933823461,0.831949192284614,1
2019-07-29,2019,132283,105643,1551.26672561879,1603.51982020498,0.425363641243338,1
2019-07-29,2019,105430,104386,1538.02059632298,1573.27128553152,0.44944353843982,1
2019-07-29,2019,105676,106415,1892.30490331948,1710.48595544123,0.740128010657033,0
2019-07-29,2019,106148,106198,1575.85319233616,1450.61229481913,0.672814981508549,1
2019-07-29,2019,105815,106121,1577.49810206502,1605.85843705673,0.459276604540602,0
2019-07-29,2019,104468,106401,1756.34569095323,1818.94270387633,0.410877900133923,0
2019-07-29,2019,104198,106075,1563.808022598,1560.24292658171,0.505130405527221,0
2019-07-29,2019,106423,126125,1587.83477038422,1497.61580333349,0.626993919474652,1
2019-07-29,2019,105732,200175,1693.47267327422,1502.77833047039,0.749833573522099,0
2019-07-29,2019,105173,105613,1659.68166870744,1406.53467870138,0.811108830834826,0
2019-07-29,2019,104665,104919,1574.79848317752,1618.19977579377,0.437863392069971,1
2019-07-29,2019,126203,136440,1646.71845497525,1491.54209752927,0.709563889520759,1
2019-07-29,2019,104545,128034,1797.49155594014,1497.86318694418,0.84874601495762,1
2019-07-29,2019,104755,104259,1789.67595146173,1728.05850642739,0.587756493630487,0
2019-07-29,2019,105357,105432,1698.97320025118,1472.6617971504,0.786297970366614,0
2019-07-29,2019,105332,117360,1698.59776187266,1475.41677755387,0.783254363833693,1
2019-07-29,2019,124116,111192,1558.8215046282,1478.80828579893,0.613154869427489,1
2019-07-29,2019,104719,106412,1562.23127300364,1421.45855670957,0.692184699009382,1
2019-07-29,2019,105526,111442,1717.72105105844,1472.54283846682,0.803980243516577,0
2019-07-29,2019,126774,126205,1880.73300158081,1585.61578167316,0.84538203147196,1
2019-07-29,2019,105583,104871,1726.12363865304,1726.05479433568,0.500099074935506,0
2019-07-29,2019,105550,105777,1659.37170767085,1838.46687218639,0.262899069133955,1
2019-07-29,2019,106378,104542,1816.17232507699,1812.48477341309,0.505306614171598,1
2019-07-29,2019,105077,144719,1593.59743455425,1577.59262633103,0.523016492228543,1
2019-07-29,2019,106228,126952,1465.80958743384,1483.74202710904,0.474216036706917,0
2019-07-29,2019,105683,105376,1828.57368308499,1645.61430928578,0.741388686555927,0
2019-07-29,2019,104655,110602,1679.81391469553,1566.65359984999,0.657326586289075,1
2019-07-29,2019,106043,105208,1746.0361369534,1704.99827955393,0.558785098110405,1
2019-07-29,2019,106421,126207,1923.40103413606,1646.49421713399,0.831178660376761,1
2019-07-29,2019,134770,104897,1542.97074424734,1605.85943997556,0.41047153210067,1
2019-07-29,2019,105062,111815,1697.95591491514,1654.00350369764,0.562917327930746,1
2019-07-29,2019,105227,2e+05,1924.75181833124,1508.56028270528,0.916505787533647,1
2019-07-29,2019,132283,106148,1551.26672561879,1575.85319233616,0.464676174910257,1
2019-07-29,2019,105430,106121,1538.02059632298,1605.85843705673,0.403595496951087,1
2019-07-29,2019,106401,106415,1818.94270387633,1710.48595544123,0.651202068729642,1
2019-07-29,2019,104269,106075,1768.77053957827,1560.24292658171,0.768592631342889,1
2019-07-29,2019,106298,106423,1700.38036408414,1587.83477038422,0.656529074975068,0
2019-07-29,2019,200175,105613,1502.77833047039,1406.53467870138,0.635068451862616,0
2019-07-29,2019,104259,104665,1728.05850642739,1574.79848317752,0.707285280571853,0
2019-07-29,2019,126203,105432,1646.71845497525,1472.6617971504,0.731441929567108,1
2019-07-29,2019,104545,105332,1797.49155594014,1698.59776187266,0.638596662284894,0
2019-07-29,2019,106233,124116,1898.5647668638,1558.8215046282,0.876068949169776,1
2019-07-29,2019,104926,104719,1829.74331347989,1562.23127300364,0.823453544709069,1
2019-07-29,2019,126774,111442,1880.73300158081,1472.54283846682,0.91291288034159,1
2019-07-29,2019,105077,104871,1593.59743455425,1726.05479433568,0.31810680361443,1
2019-07-29,2019,105550,126952,1659.37170767085,1483.74202710904,0.733216922345276,1
2019-07-29,2019,106378,105376,1816.17232507699,1645.61430928578,0.727467383060585,0
2019-07-29,2019,104655,134770,1679.81391469553,1542.97074424734,0.687344270947731,0
2019-07-29,2019,106043,105062,1746.0361369534,1697.95591491514,0.568754661271675,1
2019-07-29,2019,106421,105227,1923.40103413606,1924.75181833124,0.498056075074668,1
2019-07-29,2019,104269,132283,1768.77053957827,1551.26672561879,0.777654973677816,0
2019-07-29,2019,105430,106423,1538.02059632298,1587.83477038422,0.428798864682501,1
2019-07-29,2019,106401,105613,1818.94270387633,1406.53467870138,0.914823955932715,1
2019-07-29,2019,106233,104665,1898.5647668638,1574.79848317752,0.865733273619576,1
2019-07-29,2019,104926,126203,1829.74331347989,1646.71845497525,0.74146095513714,0
2019-07-29,2019,126774,105332,1880.73300158081,1698.59776187266,0.740478052553557,1
2019-07-29,2019,134770,105077,1542.97074424734,1593.59743455425,0.427653654919629,0
2019-07-29,2019,105550,106043,1659.37170767085,1746.0361369534,0.377803778006587,0
2019-07-29,2019,106421,105376,1923.40103413606,1645.61430928578,0.831888214915061,1
2019-07-29,2019,106233,132283,1898.5647668638,1551.26672561879,0.880713922296063,1
2019-07-29,2019,126203,105430,1646.71845497525,1538.02059632298,0.651517256808102,1
2019-07-29,2019,126774,106401,1880.73300158081,1818.94270387633,0.587997564699039,0
2019-07-29,2019,106233,105077,1898.5647668638,1593.59743455425,0.85264932726894,1
2019-07-29,2019,106043,126203,1746.0361369534,1646.71845497525,0.639159623489393,1
2019-07-29,2019,106421,106401,1923.40103413606,1818.94270387633,0.645956067334112,0
2019-08-05,2019,133430,105732,1741.10133213181,1693.47267327422,0.568116983932917,1
2019-08-05,2019,105357,103852,1698.97320025118,1714.61904238238,0.477499031158869,1
2019-08-05,2019,105227,105614,1924.75181833124,1510.17313030447,0.915792573075347,1
2019-08-05,2019,104545,111442,1797.49155594014,1472.54283846682,0.866522503592849,1
2019-08-05,2019,106426,111513,1451.15139831299,1596.50892861281,0.302220723707267,1
2019-08-05,2019,106401,106378,1818.94270387633,1816.17232507699,0.503986811083072,0
2019-08-05,2019,105916,111815,1701.4793594509,1654.00350369764,0.567901150972749,0
2019-08-05,2019,105526,104542,1717.72105105844,1812.48477341309,0.36690818110913,1
2019-08-05,2019,105932,105583,1793.75629515582,1726.12363865304,0.5961201641298,1
2019-08-05,2019,105683,106298,1828.57368308499,1700.38036408414,0.676545240681456,1
2019-08-05,2019,2e+05,105577,1508.56028270528,1593.63542432773,0.379956731389998,1
2019-08-05,2019,104527,105777,1835.94173115111,1838.46687218639,0.496366093918375,1
2019-08-05,2019,105332,104755,1698.59776187266,1789.67595146173,0.371850056102861,0
2019-08-05,2019,106043,106065,1746.0361369534,1667.9086140978,0.610576980597348,1
2019-08-05,2019,105138,106071,1879.58568869354,1662.56324092715,0.777175483581701,1
2019-08-05,2019,104792,105166,1786.31881280776,1471.1475293774,0.859877361462026,1
2019-08-05,2019,126952,125802,1483.74202710904,1568.85426030559,0.379906430465309,0
2019-08-05,2019,126203,128034,1646.71845497525,1497.86318694418,0.702008343806138,0
2019-08-05,2019,111790,126205,1452.66515041271,1585.61578167316,0.317491192464489,0
2019-08-05,2019,105062,105173,1697.95591491514,1659.68166870744,0.554859328597271,0
2019-08-05,2019,106432,105376,1907.88215494032,1645.61430928578,0.819021942316379,1
2019-08-05,2019,105676,105550,1892.30490331948,1659.37170767085,0.792633183301756,0
2019-08-05,2019,104468,105430,1756.34569095323,1538.02059632298,0.778471351421562,0
2019-08-05,2019,200282,105554,1735.75198254878,1648.10776406634,0.623521117563045,0
2019-08-05,2019,106233,133430,1898.5647668638,1741.10133213181,0.712269565761656,1
2019-08-05,2019,105227,105357,1924.75181833124,1698.97320025118,0.785782166409041,1
2019-08-05,2019,104545,106426,1797.49155594014,1451.15139831299,0.88013341909596,0
2019-08-05,2019,106421,106378,1923.40103413606,1816.17232507699,0.649594682273403,1
2019-08-05,2019,100644,111815,2019.12177234514,1654.00350369764,0.891077007134409,1
2019-08-05,2019,105932,105526,1793.75629515582,1717.72105105844,0.607709431825266,1
2019-08-05,2019,105683,2e+05,1828.57368308499,1508.56028270528,0.863202220519788,0
2019-08-05,2019,111575,104527,1937.4264662829,1835.94173115111,0.642031665819751,1
2019-08-05,2019,105453,104755,1999.792944915,1789.67595146173,0.770215891069349,0
2019-08-05,2019,105138,106043,1879.58568869354,1746.0361369534,0.683255413041986,1
2019-08-05,2019,104792,125802,1786.31881280776,1568.85426030559,0.777615892851471,1
2019-08-05,2019,126774,128034,1880.73300158081,1497.86318694418,0.900605973051236,0
2019-08-05,2019,104926,126205,1829.74331347989,1585.61578167316,0.80302531781279,1
2019-08-05,2019,106432,105173,1907.88215494032,1659.68166870744,0.806707544567517,0
2019-08-05,2019,105550,105430,1659.37170767085,1538.02059632298,0.667866908878106,1
2019-08-05,2019,104745,105554,2200.71103118547,1648.10776406634,0.960114515860239,1
2019-08-05,2019,106233,105227,1898.5647668638,1924.75181833124,0.462385006804712,1
2019-08-05,2019,106421,106426,1923.40103413606,1451.15139831299,0.938108770975255,1
2019-08-05,2019,100644,105932,2019.12177234514,1793.75629515582,0.785381570291221,1
2019-08-05,2019,111575,2e+05,1937.4264662829,1508.56028270528,0.921921993430286,1
2019-08-05,2019,105138,104755,1879.58568869354,1789.67595146173,0.626577515969835,1
2019-08-05,2019,104792,128034,1786.31881280776,1497.86318694418,0.840302971685127,1
2019-08-05,2019,104926,105173,1829.74331347989,1659.68166870744,0.726900522563678,1
2019-08-05,2019,104745,105550,2200.71103118547,1659.37170767085,0.957556040498928,1
2019-08-05,2019,106233,106421,1898.5647668638,1923.40103413606,0.46431849550044,0
2019-08-05,2019,100644,111575,2019.12177234514,1937.4264662829,0.615449076203581,0
2019-08-05,2019,105138,104792,1879.58568869354,1786.31881280776,0.631088026642504,0
2019-08-05,2019,104745,104926,2200.71103118547,1829.74331347989,0.89430240527102,1
2019-08-05,2019,111575,106421,1937.4264662829,1923.40103413606,0.520173262366352,0
2019-08-05,2019,104745,104792,2200.71103118547,1786.31881280776,0.915709758801454,1
2019-08-05,2019,104745,106421,2200.71103118547,1923.40103413606,0.831504079130515,1
2019-08-12,2019,106426,105173,1451.15139831299,1659.68166870744,0.231404647936803,0
2019-08-12,2019,105550,134770,1659.37170767085,1542.97074424734,0.66151610325431,1
2019-08-12,2019,105676,126203,1892.30490331948,1646.71845497525,0.804350328640493,1
2019-08-12,2019,106432,124187,1907.88215494032,1532.57391184348,0.896641066788133,0
2019-08-12,2019,200282,106065,1735.75198254878,1667.9086140978,0.596412162319438,1
2019-08-12,2019,111442,106415,1472.54283846682,1710.48595544123,0.202666593592722,0
2019-08-12,2019,104755,104918,1789.67595146173,1954.4349007174,0.279200922553494,1
2019-08-12,2019,106043,111513,1746.0361369534,1596.50892861281,0.702816867996196,1
2019-08-12,2019,105227,105430,1924.75181833124,1538.02059632298,0.902578071377644,0
2019-08-12,2019,105138,128034,1879.58568869354,1497.86318694418,0.900013209256588,1
2019-08-12,2019,104792,126207,1786.31881280776,1646.49421713399,0.691020610013548,0
2019-08-12,2019,2e+05,200175,1508.56028270528,1502.77833047039,0.508320130069507,0
2019-08-12,2019,105526,103333,1717.72105105844,1600.82618240262,0.662152426921272,1
2019-08-12,2019,105332,104269,1698.59776187266,1768.77053957827,0.400364406070138,1
2019-08-12,2019,106421,106378,1923.40103413606,1816.17232507699,0.649594682273403,1
2019-08-12,2019,105932,126094,1793.75629515582,1651.2918011555,0.694255773374531,0
2019-08-12,2019,104527,105777,1835.94173115111,1838.46687218639,0.496366093918375,1
2019-08-12,2019,126610,106228,1636.73242686499,1465.80958743384,0.727883545718115,0
2019-08-12,2019,106401,132283,1818.94270387633,1551.26672561879,0.823590696119594,1
2019-08-12,2019,106298,106045,1700.38036408414,1604.97206359011,0.633953289472871,1
2019-08-12,2019,133430,105311,1741.10133213181,1643.77035962626,0.636517813954364,1
2019-08-12,2019,104545,105583,1797.49155594014,1726.12363865304,0.601286102887929,1
2019-08-12,2019,104468,105807,1756.34569095323,1734.24359519239,0.53176463517122,0
2019-08-12,2019,105732,105023,1693.47267327422,1749.21802139103,0.420457396702572,0
2019-08-12,2019,105062,105173,1697.95591491514,1659.68166870744,0.554859328597271,0
2019-08-12,2019,105676,105550,1892.30490331948,1659.37170767085,0.792633183301756,1
2019-08-12,2019,200282,124187,1735.75198254878,1532.57391184348,0.763070354489478,1
2019-08-12,2019,105453,106415,1999.792944915,1710.48595544123,0.840959538527358,0
2019-08-12,2019,104755,105643,1789.67595146173,1603.51982020498,0.744901230587446,1
2019-08-12,2019,106043,105430,1746.0361369534,1538.02059632298,0.76806793974907,1
2019-08-12,2019,105138,126207,1879.58568869354,1646.49421713399,0.792782898614987,1
2019-08-12,2019,100644,200175,2019.12177234514,1502.77833047039,0.95130747407417,0
2019-08-12,2019,126774,105526,1880.73300158081,1717.72105105844,0.718770735828179,0
2019-08-12,2019,106421,105332,1923.40103413606,1698.59776187266,0.784835562328887,1
2019-08-12,2019,104527,126094,1835.94173115111,1651.2918011555,0.743250157912506,0
2019-08-12,2019,103819,106228,2139.09713184669,1465.80958743384,0.979682673204479,1
2019-08-12,2019,111575,106401,1937.4264662829,1818.94270387633,0.664195494253066,1
2019-08-12,2019,106298,133430,1700.38036408414,1741.10133213181,0.441664686699462,1
2019-08-12,2019,104545,105807,1797.49155594014,1734.24359519239,0.590028822498889,0
2019-08-12,2019,104925,105023,2141.51004826109,1749.21802139103,0.905356743809144,1
2019-08-12,2019,105676,105173,1892.30490331948,1659.68166870744,0.792339755662922,1
2019-08-12,2019,200282,106415,1735.75198254878,1710.48595544123,0.536296774303203,0
2019-08-12,2019,106043,104755,1746.0361369534,1789.67595146173,0.437525461617359,0
2019-08-12,2019,105138,200175,1879.58568869354,1502.77833047039,0.897438089420112,1
2019-08-12,2019,106421,105526,1923.40103413606,1717.72105105844,0.765664306646047,1
2019-08-12,2019,103819,126094,2139.09713184669,1651.2918011555,0.943108382902434,0
2019-08-12,2019,111575,106298,1937.4264662829,1700.38036408414,0.796497719208467,0
2019-08-12,2019,104925,105807,2141.51004826109,1734.24359519239,0.912489209888115,1
2019-08-12,2019,105676,106415,1892.30490331948,1710.48595544123,0.740128010657033,1
2019-08-12,2019,105138,104755,1879.58568869354,1789.67595146173,0.626577515969835,0
2019-08-12,2019,106421,126094,1923.40103413606,1651.2918011555,0.827267887657668,1
2019-08-12,2019,104925,106298,2141.51004826109,1700.38036408414,0.92685454067602,1
2019-08-12,2019,105676,104755,1892.30490331948,1789.67595146173,0.643544033481006,1
2019-08-12,2019,104925,106421,2141.51004826109,1923.40103413606,0.778256768962735,0
2019-08-12,2019,106421,105676,1923.40103413606,1892.30490331948,0.544631817515484,1
2019-08-19,2019,105815,104918,1577.49810206502,1954.4349007174,0.102493347924379,1
2019-08-19,2019,106329,200615,1561.08754193662,1486.34100446177,0.605939490941663,0
2019-08-19,2019,126094,105341,1651.2918011555,1534.82412666373,0.661602084767416,1
2019-08-19,2019,106148,106218,1575.85319233616,1494.50967875864,0.61496968546821,1
2019-08-19,2019,105967,117353,1635.89659132677,1490.93647131402,0.69729662501073,0
2019-08-19,2019,111797,104665,1673.26982472013,1574.79848317752,0.638035228429491,0
2019-08-19,2019,104871,106031,1726.05479433568,1500,0.786049653275646,1
2019-08-19,2019,104312,104607,1657.95576198292,1802.10101226576,0.303694389527498,0
2019-08-19,2019,105449,144895,1702.89397891,1453.37189784884,0.807891051435145,1
2019-08-19,2019,144719,144750,1577.59262633103,1548.43294872675,0.541865894932141,0
2019-08-19,2019,106065,122330,1667.9086140978,1530.19739561745,0.688417105841057,1
2019-08-19,2019,106045,104898,1604.97206359011,1610.43801667304,0.492134510099319,0
2019-08-19,2019,126156,106000,1489.68009562654,1656.568277598,0.276740947331723,0
2019-08-19,2019,105373,105657,1800.40938660477,1646.88933823461,0.707595076265585,0
2019-08-19,2019,105432,105649,1472.6617971504,1580.78256240533,0.349237361360813,1
2019-08-19,2019,133430,105815,1741.10133213181,1577.49810206502,0.719458240674822,1
2019-08-19,2019,200175,200615,1502.77833047039,1486.34100446177,0.523637580464734,1
2019-08-19,2019,126094,105077,1651.2918011555,1593.59743455425,0.582274014372237,1
2019-08-19,2019,105023,106148,1749.21802139103,1575.85319233616,0.730658910600951,1
2019-08-19,2019,128034,117353,1497.86318694418,1490.93647131402,0.509967024594414,1
2019-08-19,2019,103852,104665,1714.61904238238,1574.79848317752,0.691015648893353,1
2019-08-19,2019,126207,104871,1646.49421713399,1726.05479433568,0.387463353809635,1
2019-08-19,2019,105936,104607,1644.65253742014,1802.10101226576,0.287748083320299,1
2019-08-19,2019,105554,105449,1648.10776406634,1702.89397891,0.421803355257007,0
2019-08-19,2019,134770,144750,1542.97074424734,1548.43294872675,0.49213990343935,1
2019-08-19,2019,105357,106065,1698.97320025118,1667.9086140978,0.544586782449607,1
2019-08-19,2019,105311,104898,1643.77035962626,1610.43801667304,0.547822465936456,0
2019-08-19,2019,132283,106000,1551.26672561879,1656.568277598,0.352934632205165,1
2019-08-19,2019,105807,105657,1734.24359519239,1646.88933823461,0.623129215717342,1
2019-08-19,2019,200005,106216,1496.50787288558,1515.56840753629,0.472597171467743,1
2019-08-19,2019,105332,105432,1698.59776187266,1472.6617971504,0.785934592227458,1
2019-08-19,2019,133430,200175,1741.10133213181,1502.77833047039,0.797686546601223,1
2019-08-19,2019,105023,126094,1749.21802139103,1651.2918011555,0.637310212385664,0
2019-08-19,2019,128034,103852,1497.86318694418,1714.61904238238,0.223090386883668,1
2019-08-19,2019,105936,126207,1644.65253742014,1646.49421713399,0.497349634664021,0
2019-08-19,2019,134770,105449,1542.97074424734,1702.89397891,0.284837256977116,0
2019-08-19,2019,105357,104898,1698.97320025118,1610.43801667304,0.624724301924842,1
2019-08-19,2019,132283,105807,1551.26672561879,1734.24359519239,0.258592003910498,0
2019-08-19,2019,105332,200005,1698.59776187266,1496.50787288558,0.761935981315696,1
2019-08-19,2019,133430,126094,1741.10133213181,1651.2918011555,0.6264425396757,1
2019-08-19,2019,128034,126207,1497.86318694418,1646.49421713399,0.298261755941483,1
2019-08-19,2019,105357,105449,1698.97320025118,1702.89397891,0.494357785450421,0
2019-08-19,2019,105332,105807,1698.59776187266,1734.24359519239,0.448880759172846,1
2019-08-19,2019,133430,128034,1741.10133213181,1497.86318694418,0.802214246063407,0
2019-08-19,2019,105332,105449,1698.59776187266,1702.89397891,0.49381756179038,1
2019-08-19,2019,105332,128034,1698.59776187266,1497.86318694418,0.760517922975072,0
2019-08-26,2019,104925,106148,2141.51004826109,1575.85319233616,0.962894641656558,1
2019-08-26,2019,105023,106228,1749.21802139103,1465.80958743384,0.836365452343416,0
2019-08-26,2019,106045,104386,1604.97206359011,1573.27128553152,0.54549490648418,1
2019-08-26,2019,105583,104327,1726.12363865304,1678.7420467122,0.567767991352674,1
2019-08-26,2019,104527,206173,1835.94173115111,1500,0.873673405616764,1
2019-08-26,2019,128034,104871,1497.86318694418,1726.05479433568,0.211888984372688,0
2019-08-26,2019,111513,200175,1596.50892861281,1502.77833047039,0.631709287693634,0
2019-08-26,2019,103893,208260,1499.46631004712,1500,0.499231959022956,1
2019-08-26,2019,104926,124187,1829.74331347989,1532.57391184348,0.84691987127713,0
2019-08-26,2019,144719,136440,1577.59262633103,1491.54209752927,0.621365158000504,0
2019-08-26,2019,104607,202385,1802.10101226576,1490.83854981356,0.857144240308661,0
2019-08-26,2019,105932,105916,1793.75629515582,1701.4793594509,0.629760324336874,1
2019-08-26,2019,126203,103852,1646.71845497525,1714.61904238238,0.403508557178067,0
2019-08-26,2019,106415,106218,1710.48595544123,1494.50967875864,0.776130848281269,1
2019-08-26,2019,106198,126952,1450.61229481913,1483.74202710904,0.45246646296753,1
2019-08-26,2019,106421,105432,1923.40103413606,1472.6617971504,0.930517348648492,1
2019-08-26,2019,103819,111576,2139.09713184669,1469.46384881534,0.979259716809962,1
2019-08-26,2019,106000,200611,1656.568277598,1494.50556206262,0.71766487946148,1
2019-08-26,2019,105173,105554,1659.68166870744,1648.10776406634,0.516650029214078,0
2019-08-26,2019,106298,104259,1700.38036408414,1728.05850642739,0.460252000868814,1
2019-08-26,2019,105550,105807,1659.37170767085,1734.24359519239,0.39388822735662,0
2019-08-26,2019,105575,106210,1615.97048086643,1626.02903756253,0.485528616155853,1
2019-08-26,2019,111815,106296,1654.00350369764,1435.97525871213,0.778176521628604,0
2019-08-26,2019,105676,144895,1892.30490331948,1453.37189784884,0.925992622820613,1
2019-08-26,2019,106432,105539,1907.88215494032,1564.15741480646,0.878535967310801,1
2019-08-26,2019,104312,105777,1657.95576198292,1838.46687218639,0.261322629279918,0
2019-08-26,2019,104655,106058,1679.81391469553,1616.41154732785,0.590243810086289,1
2019-08-26,2019,111797,111794,1673.26982472013,1509.93120872822,0.719150689871867,0
2019-08-26,2019,106426,111153,1451.15139831299,1472.06572500161,0.469938166289074,1
2019-08-26,2019,200282,105732,1735.75198254878,1693.47267327422,0.56054624799076,1
2019-08-26,2019,106329,105614,1561.08754193662,1510.17313030447,0.57275169184984,0
2019-08-26,2019,105453,105477,1999.792944915,1547.2309135434,0.931192704747208,1
2019-08-26,2019,126774,126094,1880.73300158081,1651.2918011555,0.789309739291127,0
2019-08-26,2019,104468,106216,1756.34569095323,1515.56840753629,0.799956972160969,1
2019-08-26,2019,104919,126156,1618.19977579377,1489.68009562654,0.676956220423616,0
2019-08-26,2019,106401,105449,1818.94270387633,1702.89397891,0.661061938941589,1
2019-08-26,2019,126610,104755,1636.73242686499,1789.67595146173,0.293092057538314,1
2019-08-26,2019,105311,111442,1643.77035962626,1472.54283846682,0.728230798038726,0
2019-08-26,2019,105643,200615,1603.51982020498,1486.34100446177,0.662517985269331,0
2019-08-26,2019,105138,105062,1879.58568869354,1697.95591491514,0.739918504291865,0
2019-08-26,2019,104792,105077,1786.31881280776,1593.59743455425,0.752016011059657,1
2019-08-26,2019,200005,105657,1496.50787288558,1646.88933823461,0.296157062507578,0
2019-08-26,2019,106065,105967,1667.9086140978,1635.89659132677,0.545939078935548,0
2019-08-26,2019,2e+05,133430,1508.56028270528,1741.10133213181,0.207738097113667,0
2019-08-26,2019,106378,104665,1816.17232507699,1574.79848317752,0.800505945456827,0
2019-08-26,2019,132283,104719,1551.26672561879,1562.23127300364,0.484225984205959,1
2019-08-26,2019,122330,105053,1530.19739561745,1539.08242848001,0.487216196557038,1
2019-08-26,2019,106233,105341,1898.5647668638,1534.82412666373,0.890304914677041,0
2019-08-26,2019,100644,105430,2019.12177234514,1538.02059632298,0.941001959492988,1
2019-08-26,2019,126207,103333,1646.49421713399,1600.82618240262,0.565345685267509,1
2019-08-26,2019,105379,106075,1640.64614385762,1560.24292658171,0.613687241661709,1
2019-08-26,2019,105332,111790,1698.59776187266,1452.66515041271,0.804663727494415,1
2019-08-26,2019,106043,104898,1746.0361369534,1610.43801667304,0.685801984936203,1
2019-08-26,2019,144750,106078,1548.43294872675,1675.00095264137,0.325505536265428,0
2019-08-26,2019,104542,105815,1812.48477341309,1577.49810206502,0.794569391438988,0
2019-08-26,2019,111575,105577,1937.4264662829,1593.63542432773,0.878576688987663,0
2019-08-26,2019,104545,104198,1797.49155594014,1563.808022598,0.793342229789576,1
2019-08-26,2019,105526,134770,1717.72105105844,1542.97074424734,0.732225560866074,1
2019-08-26,2019,105936,105649,1644.65253742014,1580.78256240533,0.59089467149277,0
2019-08-26,2019,105227,105373,1924.75181833124,1800.40938660477,0.671675430731819,1
2019-08-26,2019,104269,104735,1768.77053957827,1570.81826108865,0.757588729010586,1
2019-08-26,2019,111202,124014,1737.55433493491,1508.86601679496,0.788588102112835,1
2019-08-26,2019,125802,106423,1568.85426030559,1587.83477038422,0.47271199161649,0
2019-08-26,2019,104745,105357,2200.71103118547,1698.97320025118,0.947261783462633,1
2019-08-26,2019,104925,106228,2141.51004826109,1465.80958743384,0.979957310202873,1
2019-08-26,2019,105583,106045,1726.12363865304,1604.97206359011,0.667612071368776,0
2019-08-26,2019,104527,104871,1835.94173115111,1726.05479433568,0.65306972040725,1
2019-08-26,2019,200175,103893,1502.77833047039,1499.46631004712,0.504766236159919,0
2019-08-26,2019,124187,136440,1532.57391184348,1491.54209752927,0.558776521606392,0
2019-08-26,2019,105932,202385,1793.75629515582,1490.83854981356,0.851160822263887,1
2019-08-26,2019,106415,103852,1710.48595544123,1714.61904238238,0.494052290322743,0
2019-08-26,2019,106421,106198,1923.40103413606,1450.61229481913,0.938288707668584,1
2019-08-26,2019,103819,106000,2139.09713184669,1656.568277598,0.941456571117705,1
2019-08-26,2019,106298,105554,1700.38036408414,1648.10776406634,0.574663803620997,0
2019-08-26,2019,105575,105807,1615.97048086643,1734.24359519239,0.336075014966797,0
2019-08-26,2019,105676,106296,1892.30490331948,1435.97525871213,0.932569396314555,1
2019-08-26,2019,106432,105777,1907.88215494032,1838.46687218639,0.598588305415021,0
2019-08-26,2019,104655,111794,1679.81391469553,1509.93120872822,0.726695992309844,0
2019-08-26,2019,106426,200282,1451.15139831299,1735.75198254878,0.162697514956853,0
2019-08-26,2019,105453,105614,1999.792944915,1510.17313030447,0.943666222551519,1
2019-08-26,2019,104468,126094,1756.34569095323,1651.2918011555,0.646739719494314,0
2019-08-26,2019,106401,126156,1818.94270387633,1489.68009562654,0.869368639667149,1
2019-08-26,2019,126610,111442,1636.73242686499,1472.54283846682,0.720139009891459,1
2019-08-26,2019,105062,200615,1697.95591491514,1486.34100446177,0.771738409304551,0
2019-08-26,2019,104792,105657,1786.31881280776,1646.88933823461,0.690534768102214,1
2019-08-26,2019,133430,105967,1741.10133213181,1635.89659132677,0.64693808807773,1
2019-08-26,2019,132283,104665,1551.26672561879,1574.79848317752,0.466186767011095,0
2019-08-26,2019,122330,105341,1530.19739561745,1534.82412666373,0.493341992355936,1
2019-08-26,2019,100644,126207,2019.12177234514,1646.49421713399,0.895202181182927,1
2019-08-26,2019,105332,105379,1698.59776187266,1640.64614385762,0.582634161022716,0
2019-08-26,2019,106043,106078,1746.0361369534,1675.00095264137,0.600826822174348,1
2019-08-26,2019,105815,105577,1577.49810206502,1593.63542432773,0.476793212195817,1
2019-08-26,2019,104545,105526,1797.49155594014,1717.72105105844,0.612823413078142,1
2019-08-26,2019,105227,105649,1924.75181833124,1580.78256240533,0.878686087273451,1
2019-08-26,2019,104269,111202,1768.77053957827,1737.55433493491,0.544803235476935,0
2019-08-26,2019,104745,106423,2200.71103118547,1587.83477038422,0.97147402220603,1
2019-08-26,2019,104925,106045,2141.51004826109,1604.97206359011,0.956418420092563,1
2019-08-26,2019,104527,103893,1835.94173115111,1499.46631004712,0.874012085973911,1
2019-08-26,2019,105932,136440,1793.75629515582,1491.54209752927,0.850647020449723,0
2019-08-26,2019,106421,103852,1923.40103413606,1714.61904238238,0.768852970254118,1
2019-08-26,2019,103819,105554,2139.09713184669,1648.10776406634,0.944083863647212,1
2019-08-26,2019,105676,105807,1892.30490331948,1734.24359519239,0.71297438463712,1
2019-08-26,2019,105777,111794,1838.46687218639,1509.93120872822,0.868892669528118,1
2019-08-26,2019,105453,200282,1999.792944915,1735.75198254878,0.820529933706073,0
2019-08-26,2019,106401,126094,1818.94270387633,1651.2918011555,0.724136987663806,0
2019-08-26,2019,126610,200615,1636.73242686499,1486.34100446177,0.703854885055848,1
2019-08-26,2019,104792,133430,1786.31881280776,1741.10133213181,0.564708252999107,1
2019-08-26,2019,104665,122330,1574.79848317752,1530.19739561745,0.563835849668264,1
2019-08-26,2019,100644,105379,2019.12177234514,1640.64614385762,0.898318641306473,1
2019-08-26,2019,106043,105815,1746.0361369534,1577.49810206502,0.725155955494891,1
2019-08-26,2019,104545,105227,1797.49155594014,1924.75181833124,0.324631240669089,0
2019-08-26,2019,104745,111202,2200.71103118547,1737.55433493491,0.934999088482961,1
2019-08-26,2019,104925,104527,2141.51004826109,1835.94173115111,0.853083449284325,0
2019-08-26,2019,106421,136440,1923.40103413606,1491.54209752927,0.923153093772304,1
2019-08-26,2019,103819,105676,2139.09713184669,1892.30490331948,0.805440337390975,1
2019-08-26,2019,200282,105777,1735.75198254878,1838.46687218639,0.356342493362337,0
2019-08-26,2019,126610,126094,1636.73242686499,1651.2918011555,0.479059632130213,1
2019-08-26,2019,104792,104665,1786.31881280776,1574.79848317752,0.771642485589825,1
2019-08-26,2019,100644,106043,2019.12177234514,1746.0361369534,0.828069574066281,0
2019-08-26,2019,104745,105227,2200.71103118547,1924.75181833124,0.830411848954215,1
2019-08-26,2019,106421,104527,1923.40103413606,1835.94173115111,0.62327121088573,1
2019-08-26,2019,103819,105777,2139.09713184669,1838.46687218639,0.849484916824067,0
2019-08-26,2019,104792,126610,1786.31881280776,1636.73242686499,0.702888013815388,0
2019-08-26,2019,104745,106043,2200.71103118547,1746.0361369534,0.931967923118653,1
2019-08-26,2019,106421,105777,1923.40103413606,1838.46687218639,0.619852058600559,1
2019-08-26,2019,104745,126610,2200.71103118547,1636.73242686499,0.962547927746879,1
2019-08-26,2019,104745,106421,2200.71103118547,1923.40103413606,0.831504079130515,1
2019-09-13,2019,105985,110778,1569.84887430713,1500,0.599187886162619,1
2019-09-13,2019,122109,200273,1412.78765083373,1560.0098787962,0.299961905645072,1
2019-09-13,2019,106233,126609,1898.5647668638,1483.09957425989,0.91618527472404,1
2019-09-13,2019,105311,125802,1643.77035962626,1568.85426030559,0.60617253125971,1
2019-09-13,2019,105373,105757,1800.40938660477,1463.39766319,0.874351641009204,0
2019-09-13,2019,144707,122548,1545.98741627459,1481.42615319906,0.59185628893663,1
2019-09-13,2019,105379,105747,1640.64614385762,1484.12801816775,0.711153061033825,1
2019-09-13,2019,126340,106223,1465.79433127095,1500,0.450932516488972,0
2019-09-13,2019,144750,200247,1548.43294872675,1484.09734317055,0.59154246458168,1
2019-09-13,2019,133975,126939,1540.08166687442,1516,0.534600911877747,1
2019-09-13,2019,124116,200325,1558.8215046282,1490.37801209218,0.59724342112661,0
2019-09-13,2019,106078,106249,1675.00095264137,1545.96305936063,0.677608233863935,1
2019-09-13,2019,105967,105413,1635.89659132677,1617.32967738768,0.526694530281241,0
2019-09-13,2019,104534,105436,1616.42780171328,1473.04606799842,0.695375391924861,0
2019-09-13,2019,105156,108739,1401.78414219912,1497.8115866331,0.365220038312004,0
2019-09-13,2019,123795,208029,1467.25077111543,1500,0.453009158705113,1
2019-09-13,2019,105641,105633,1508.13844137786,1470.72065576439,0.553641293367226,0
2019-09-13,2019,134770,106106,1542.97074424734,1449.34327897176,0.631571155546036,1
2019-09-13,2019,106220,105434,1468.04041037592,1451.69049974573,0.52351205928978,1
2019-09-13,2019,106329,105985,1561.08754193662,1569.84887430713,0.487394101115439,1
2019-09-13,2019,133975,122109,1540.08166687442,1412.78765083373,0.675411357694338,1
2019-09-13,2019,106233,200325,1898.5647668638,1490.37801209218,0.91291132048134,0
2019-09-13,2019,105311,106078,1643.77035962626,1675.00095264137,0.455176224327213,0
2019-09-13,2019,105967,105613,1635.89659132677,1406.53467870138,0.789233827134482,0
2019-09-13,2019,144707,131951,1545.98741627459,1483.25797818028,0.589306607701021,1
2019-09-13,2019,106198,108739,1450.61229481913,1497.8115866331,0.432489558523194,1
2019-09-13,2019,117356,208029,1377.68308930528,1500,0.330901012463319,0
2019-09-13,2019,105379,105633,1640.64614385762,1470.72065576439,0.726744901737014,1
2019-09-13,2019,134770,106223,1542.97074424734,1500,0.561526474506827,1
2019-09-13,2019,144750,106220,1548.43294872675,1468.04041037592,0.613672667874704,1
2019-09-13,2019,200273,127300,1560.0098787962,1505.93165386172,0.577202370499563,0
2019-09-13,2019,110602,105349,1566.65359984999,1449.93655510861,0.661923394641152,1
2019-09-13,2019,105155,125802,1527.60530131823,1568.85426030559,0.440915323067499,0
2019-09-14,2019,104655,106232,1679.81391469553,1409.48674273163,0.825797085772624,1
2019-09-14,2019,126952,111190,1483.74202710904,1528.61784627727,0.435775263672054,1
2019-09-14,2019,105806,207797,1582.56940191341,1500,0.616639242405192,0
2019-09-14,2019,105226,104660,1539.39856479075,1550.23297461868,0.484413083008548,0
2019-09-14,2019,105497,105899,1469.82081869774,1449.52975304551,0.529168035862274,1
2019-09-14,2019,104810,106227,1493.36756661135,1498.51284271952,0.492595893728555,0
2019-09-14,2019,106210,105493,1626.02903756253,1456.01095699556,0.726850736698842,1
2019-09-14,2019,105916,105011,1701.4793594509,1528.38750452225,0.730349559384468,1
2019-09-14,2019,144650,105812,1500,1448.2087441226,0.573986400564896,1
2019-09-14,2019,126555,106388,1500,1500,0.5,1
2019-09-14,2019,104655,105497,1679.81391469553,1469.82081869774,0.770089640240584,1
2019-09-14,2019,126952,105339,1483.74202710904,1516.25636312634,0.453344232213487,1
2019-09-14,2019,106210,105806,1626.02903756253,1582.56940191341,0.562219271876993,0
2019-09-14,2019,105916,104660,1701.4793594509,1550.23297461868,0.70487972029886,0
2019-09-14,2019,105493,207797,1456.01095699556,1500,0.437030790124688,0
2019-09-14,2019,105226,105011,1539.39856479075,1528.38750452225,0.51584088631018,1
2019-09-16,2019,200005,120424,1496.50787288558,1534.66735649005,0.445303845786392,0
2019-09-16,2019,105311,106075,1643.77035962626,1560.24292658171,0.617942090441783,1
2019-09-16,2019,104665,104542,1574.79848317752,1812.48477341309,0.202905599664307,0
2019-09-16,2019,106000,104386,1656.568277598,1573.27128553152,0.61762886266471,1
2019-09-16,2019,105526,105732,1717.72105105844,1693.47267327422,0.534839671282909,0
2019-09-16,2019,105062,206173,1697.95591491514,1500,0.757592573284872,1
2019-09-16,2019,132283,106214,1551.26672561879,1488.74584316709,0.589016016016922,1
2019-09-16,2019,105916,106072,1701.4793594509,1513.00632182993,0.747427319293225,1
2019-09-16,2019,105936,105376,1644.65253742014,1645.61430928578,0.498615902559979,1
2019-09-16,2019,105341,106099,1534.82412666373,1478.79026762378,0.579947242404611,0
2019-09-16,2019,104269,104327,1768.77053957827,1678.7420467122,0.626737452472984,1
2019-09-16,2019,134770,122330,1542.97074424734,1530.19739561745,0.518374048720624,1
2019-09-16,2019,128034,106296,1497.86318694418,1435.97525871213,0.588133707648443,0
2019-09-16,2019,105173,105882,1659.68166870744,1457.80892172563,0.761709175626093,1
2019-09-16,2019,126156,105649,1489.68009562654,1580.78256240533,0.371817414046687,1
2019-09-16,2019,106078,104586,1675.00095264137,1647.42774162425,0.539597941530145,1
2019-09-16,2019,104755,104719,1789.67595146173,1562.23127300364,0.78739211573753,1
2019-09-16,2019,106148,105373,1575.85319233616,1800.40938660477,0.215404716128836,1
2019-09-16,2019,104468,105657,1756.34569095323,1646.88933823461,0.652507922626228,1
2019-09-16,2019,126094,125802,1651.2918011555,1568.85426030559,0.616459789903612,1
2019-09-16,2019,105379,144946,1640.64614385762,1500,0.692029436058965,1
2019-09-16,2019,105575,104534,1615.97048086643,1616.42780171328,0.49934186277717,1
2019-09-16,2019,105807,109699,1734.24359519239,1500,0.793870301732628,1
2019-09-16,2019,105539,104970,1564.15741480646,1489.6466728632,0.60561534108949,1
2019-09-16,2019,105932,120424,1793.75629515582,1534.66735649005,0.816293683479278,1
2019-09-16,2019,111575,105311,1937.4264662829,1643.77035962626,0.844279443053376,0
2019-09-16,2019,105732,104542,1693.47267327422,1812.48477341309,0.33512650119087,0
2019-09-16,2019,105062,106000,1697.95591491514,1656.568277598,0.559281454947096,1
2019-09-16,2019,106298,132283,1700.38036408414,1551.26672561879,0.702319382448504,1
2019-09-16,2019,106432,105916,1907.88215494032,1701.4793594509,0.766410029959227,1
2019-09-16,2019,104269,105936,1768.77053957827,1644.65253742014,0.67139046352204,0
2019-09-16,2019,134770,106099,1542.97074424734,1478.79026762378,0.591326681786002,1
2019-09-16,2019,106296,126156,1435.97525871213,1489.68009562654,0.423322254077004,1
2019-09-16,2019,105173,106078,1659.68166870744,1675.00095264137,0.477968054141631,0
2019-09-16,2019,105332,104755,1698.59776187266,1789.67595146173,0.371850056102861,1
2019-09-16,2019,126610,106148,1636.73242686499,1575.85319233616,0.586726466861782,1
2019-09-16,2019,104468,105379,1756.34569095323,1640.64614385762,0.660611427963736,0
2019-09-16,2019,126094,105575,1651.2918011555,1615.97048086643,0.550657066572766,1
2019-09-16,2019,105676,105807,1892.30490331948,1734.24359519239,0.71297438463712,0
2019-09-16,2019,106421,105539,1923.40103413606,1564.15741480646,0.887751082328597,1
2019-09-16,2019,105932,104542,1793.75629515582,1812.48477341309,0.473073628491116,0
2019-09-16,2019,105062,105311,1697.95591491514,1643.77035962626,0.577353141626763,0
2019-09-16,2019,106298,105936,1700.38036408414,1644.65253742014,0.579518025856617,1
2019-09-16,2019,106432,134770,1907.88215494032,1542.97074424734,0.890961378614659,1
2019-09-16,2019,105332,106296,1698.59776187266,1435.97525871213,0.81932435736295,1
2019-09-16,2019,126610,106078,1636.73242686499,1675.00095264137,0.44514880467716,0
2019-09-16,2019,105807,105379,1734.24359519239,1640.64614385762,0.631530951986925,0
2019-09-16,2019,106421,126094,1923.40103413606,1651.2918011555,0.827267887657668,1
2019-09-16,2019,106298,104542,1700.38036408414,1812.48477341309,0.34404384268091,0
2019-09-16,2019,106432,105311,1907.88215494032,1643.77035962626,0.820589970943927,1
2019-09-16,2019,105332,105379,1698.59776187266,1640.64614385762,0.582634161022716,0
2019-09-16,2019,106421,106078,1923.40103413606,1675.00095264137,0.80688663974105,1
2019-09-16,2019,104542,105379,1812.48477341309,1640.64614385762,0.728926453560979,1
2019-09-16,2019,106421,106432,1923.40103413606,1907.88215494032,0.522318621527381,1
2019-09-20,2019,106233,126203,1898.5647668638,1646.71845497525,0.809959018156087,0
2019-09-20,2019,103819,104545,2139.09713184669,1797.49155594014,0.87722819470045,1
2019-09-20,2019,100644,105683,2019.12177234514,1828.57368308499,0.749675613446316,1
2019-09-20,2019,103819,106401,2139.09713184669,1818.94270387633,0.863298055337639,1
2019-09-20,2019,100644,104545,2019.12177234514,1797.49155594014,0.781735033028694,0
2019-09-20,2019,126774,126203,1880.73300158081,1646.71845497525,0.793654456886497,1
2019-09-20,2019,104745,105683,2200.71103118547,1828.57368308499,0.894937152432848,1
2019-09-20,2019,106233,133430,1898.5647668638,1741.10133213181,0.712269565761656,1
2019-09-20,2019,104926,106058,1829.74331347989,1616.41154732785,0.773474706826887,0
2019-09-23,2019,105311,111202,1643.77035962626,1737.55433493491,0.368219229488999,1
2019-09-23,2019,104665,105449,1574.79848317752,1702.89397891,0.323577999242467,1
2019-09-23,2019,105916,144750,1701.4793594509,1548.43294872675,0.707030637273769,0
2019-09-23,2019,136440,111190,1491.54209752927,1528.61784627727,0.446845323132569,0
2019-09-23,2019,105583,106228,1726.12363865304,1465.80958743384,0.817348878557873,1
2019-09-23,2019,106401,104312,1818.94270387633,1657.95576198292,0.716408422562257,0
2019-09-23,2019,105554,105339,1648.10776406634,1516.25636312634,0.681136078797083,1
2019-09-23,2019,105147,105842,1522.24946017518,1463.87492088733,0.583226050333744,0
2019-09-23,2019,111442,105577,1472.54283846682,1593.63542432773,0.332463285415469,1
2019-09-23,2019,105815,104918,1577.49810206502,1954.4349007174,0.102493347924379,0
2019-09-23,2019,126203,122330,1646.71845497525,1530.19739561745,0.661670882928129,0
2019-09-23,2019,200282,105357,1735.75198254878,1698.97320025118,0.552732099484,1
2019-09-23,2019,106378,106426,1816.17232507699,1451.15139831299,0.891022608823413,0
2019-09-23,2019,105077,106415,1593.59743455425,1710.48595544123,0.337855747521388,1
2019-09-23,2019,104269,200615,1768.77053957827,1486.34100446177,0.83559279418239,1
2019-09-23,2019,200175,134770,1502.77833047039,1542.97074424734,0.442415116050936,1
2019-09-23,2019,105430,105807,1538.02059632298,1734.24359519239,0.244244086182123,0
2019-09-23,2019,111815,105376,1654.00350369764,1645.61430928578,0.51207067547722,1
2019-09-23,2019,133430,105575,1741.10133213181,1615.97048086643,0.672675515764946,1
2019-09-23,2019,106298,126952,1700.38036408414,1483.74202710904,0.776792341071349,0
2019-09-23,2019,105614,105359,1510.17313030447,1482.41585167606,0.539861163631991,1
2019-09-23,2019,106065,106000,1667.9086140978,1656.568277598,0.5163142629071,0
2019-09-23,2019,106078,104810,1675.00095264137,1493.36756661135,0.739922505810733,1
2019-09-23,2019,105173,105585,1659.68166870744,1480.84443306738,0.73681310852242,1
2019-09-23,2019,2e+05,105311,1508.56028270528,1643.77035962626,0.314679539390612,0
2019-09-23,2019,105138,104665,1879.58568869354,1574.79848317752,0.852519005974106,1
2019-09-23,2019,105583,144750,1726.12363865304,1548.43294872675,0.735531231344733,0
2019-09-23,2019,104312,111190,1657.95576198292,1528.61784627727,0.677985405240384,1
2019-09-23,2019,105777,105554,1838.46687218639,1648.10776406634,0.749471407379984,1
2019-09-23,2019,106432,105842,1907.88215494032,1463.87492088733,0.927969625017522,1
2019-09-23,2019,111442,122330,1472.54283846682,1530.19739561745,0.417781725885103,0
2019-09-23,2019,200282,104918,1735.75198254878,1954.4349007174,0.221173632563198,1
2019-09-23,2019,106426,104269,1451.15139831299,1768.77053957827,0.138433431801692,1
2019-09-23,2019,105077,200175,1593.59743455425,1502.77833047039,0.627801515997795,1
2019-09-23,2019,105332,105807,1698.59776187266,1734.24359519239,0.448880759172846,0
2019-09-23,2019,104792,111815,1786.31881280776,1654.00350369764,0.681715796686534,1
2019-09-23,2019,133430,105614,1741.10133213181,1510.17313030447,0.79072971910911,1
2019-09-23,2019,126952,106000,1483.74202710904,1656.568277598,0.269951655085069,0
2019-09-23,2019,104545,106078,1797.49155594014,1675.00095264137,0.669320323525051,0
2019-09-23,2019,126774,105173,1880.73300158081,1659.68166870744,0.781165920665881,0
2019-09-23,2019,105311,144750,1643.77035962626,1548.43294872675,0.633858588227103,0
2019-09-23,2019,105138,104312,1879.58568869354,1657.95576198292,0.781734748491142,1
2019-09-23,2019,105777,122330,1838.46687218639,1530.19739561745,0.855021573653993,0
2019-09-23,2019,106432,200282,1907.88215494032,1735.75198254878,0.729257937122435,0
2019-09-23,2019,106426,105807,1451.15139831299,1734.24359519239,0.163883838002671,0
2019-09-23,2019,104792,105077,1786.31881280776,1593.59743455425,0.752016011059657,0
2019-09-23,2019,133430,106078,1741.10133213181,1675.00095264137,0.593994745358218,1
2019-09-23,2019,105173,106000,1659.68166870744,1656.568277598,0.504480410047388,1
2019-09-23,2019,122330,144750,1530.19739561745,1548.43294872675,0.47378100109849,1
2019-09-23,2019,105138,200282,1879.58568869354,1735.75198254878,0.695926238930387,0
2019-09-23,2019,133430,105807,1741.10133213181,1734.24359519239,0.509867795333241,0
2019-09-23,2019,105077,105173,1593.59743455425,1659.68166870744,0.406027668719296,0
2019-09-23,2019,105807,122330,1734.24359519239,1530.19739561745,0.763972657501851,1
2019-09-23,2019,200282,105173,1735.75198254878,1659.68166870744,0.607757558149328,1
2019-09-30,2019,100644,126207,2019.12177234514,1646.49421713399,0.895202181182927,1
2019-09-30,2019,106432,106121,1907.88215494032,1605.85843705673,0.85050766154114,0
2019-09-30,2019,2e+05,105077,1508.56028270528,1593.59743455425,0.380008253061097,1
2019-09-30,2019,111442,106228,1472.54283846682,1465.80958743384,0.509688714231912,1
2019-09-30,2019,106043,104269,1746.0361369534,1768.77053957827,0.467329180456992,1
2019-09-30,2019,105173,105357,1659.68166870744,1698.97320025118,0.443694772550637,0
2019-09-30,2019,105138,105023,1879.58568869354,1749.21802139103,0.679278185886102,0
2019-09-30,2019,200282,144750,1735.75198254878,1548.43294872675,0.746171199395803,0
2019-09-30,2019,126774,105583,1880.73300158081,1726.12363865304,0.70889079904559,1
2019-09-30,2019,105332,106034,1698.59776187266,1537.33397106947,0.716732092734712,0
2019-09-30,2019,105932,105550,1793.75629515582,1659.37170767085,0.684294782180575,1
2019-09-30,2019,105430,105936,1538.02059632298,1644.65253742014,0.351187660651968,1
2019-09-30,2019,105554,104810,1648.10776406634,1493.36756661135,0.709046196892788,1
2019-09-30,2019,104468,104665,1756.34569095323,1574.79848317752,0.739827029839784,1
2019-09-30,2019,104792,104545,1786.31881280776,1797.49155594014,0.483926670337857,0
2019-09-30,2019,126203,124187,1646.71845497525,1532.57391184348,0.658601629923405,0
2019-09-30,2019,104926,105062,1829.74331347989,1697.95591491514,0.681056054837692,1
2019-09-30,2019,105227,105216,1924.75181833124,1510.81554444718,0.915506954728754,1
2019-09-30,2019,105777,126094,1838.46687218639,1651.2918011555,0.746014208698572,0
2019-09-30,2019,132283,111202,1551.26672561879,1737.55433493491,0.254954977146862,0
2019-09-30,2019,106065,104871,1667.9086140978,1726.05479433568,0.417093514409101,0
2019-09-30,2019,133430,200175,1741.10133213181,1502.77833047039,0.797686546601223,1
2019-09-30,2019,111575,104655,1937.4264662829,1679.81391469553,0.815015795341774,1
2019-09-30,2019,105676,105807,1892.30490331948,1734.24359519239,0.71297438463712,1
2019-09-30,2019,126610,104918,1636.73242686499,1954.4349007174,0.138376227978091,0
2019-09-30,2019,106298,128034,1700.38036408414,1497.86318694418,0.76238185193807,1
2019-09-30,2019,106426,111815,1451.15139831299,1654.00350369764,0.237269056098794,0
2019-09-30,2019,105311,106415,1643.77035962626,1710.48595544123,0.405151461212481,0
2019-09-30,2019,106378,111190,1816.17232507699,1528.61784627727,0.839605622234701,0
2019-09-30,2019,105526,104424,1717.72105105844,1508.93281602912,0.76885935723511,0
2019-09-30,2019,106233,104755,1898.5647668638,1789.67595146173,0.651766788402089,1
2019-09-30,2019,104925,200615,2141.51004826109,1486.34100446177,0.977499410592058,1
2019-09-30,2019,100644,2e+05,2019.12177234514,1508.56028270528,0.949742360721896,1
2019-09-30,2019,111442,106121,1472.54283846682,1605.85843705673,0.317036117465121,0
2019-09-30,2019,106043,105023,1746.0361369534,1749.21802139103,0.49542102822,0
2019-09-30,2019,105357,144750,1698.97320025118,1548.43294872675,0.704033433244322,1
2019-09-30,2019,126774,105932,1880.73300158081,1793.75629515582,0.62261869022427,1
2019-09-30,2019,105430,106034,1538.02059632298,1537.33397106947,0.500988131884322,0
2019-09-30,2019,104545,105554,1797.49155594014,1648.10776406634,0.702644405865365,1
2019-09-30,2019,104468,124187,1756.34569095323,1532.57391184348,0.783831166103365,0
2019-09-30,2019,104926,126094,1829.74331347989,1651.2918011555,0.736382302833768,1
2019-09-30,2019,105227,111202,1924.75181833124,1737.55433493491,0.746038653478335,0
2019-09-30,2019,111575,104871,1937.4264662829,1726.05479433568,0.771491659860153,1
2019-09-30,2019,105676,133430,1892.30490331948,1741.10133213181,0.704828449050292,1
2019-09-30,2019,111815,104918,1654.00350369764,1954.4349007174,0.150661509220285,0
2019-09-30,2019,106298,106415,1700.38036408414,1710.48595544123,0.485460984804378,1
2019-09-30,2019,106233,111190,1898.5647668638,1528.61784627727,0.893745667343667,1
2019-09-30,2019,104925,104424,2141.51004826109,1508.93281602912,0.974454266289422,1
2019-09-30,2019,100644,105023,2019.12177234514,1749.21802139103,0.82544617099459,1
2019-09-30,2019,105357,106121,1698.97320025118,1605.85843705673,0.630884142398738,1
2019-09-30,2019,126774,104545,1880.73300158081,1797.49155594014,0.617553346342027,1
2019-09-30,2019,124187,106034,1532.57391184348,1537.33397106947,0.493150152693728,1
2019-09-30,2019,111575,104926,1937.4264662829,1829.74331347989,0.650189904041562,1
2019-09-30,2019,105676,111202,1892.30490331948,1737.55433493491,0.709058512803527,1
2019-09-30,2019,106233,104918,1898.5647668638,1954.4349007174,0.420282370457036,1
2019-09-30,2019,104925,106298,2141.51004826109,1700.38036408414,0.92685454067602,1
2019-09-30,2019,100644,126774,2019.12177234514,1880.73300158081,0.689253101807562,0
2019-09-30,2019,124187,105357,1532.57391184348,1698.97320025118,0.277304597956098,0
2019-09-30,2019,106233,111575,1898.5647668638,1937.4264662829,0.444305591227552,1
2019-09-30,2019,104925,105676,2141.51004826109,1892.30490331948,0.807607735025885,1
2019-09-30,2019,106233,126774,1898.5647668638,1880.73300158081,0.525639464319107,1
2019-09-30,2019,104925,105357,2141.51004826109,1698.97320025118,0.927401805964553,1
2019-10-07,2019,105227,105077,1924.75181833124,1593.59743455425,0.870600408022404,0
2019-10-07,2019,200175,105062,1502.77833047039,1697.95591491514,0.24535663077264,0
2019-10-07,2019,105676,104755,1892.30490331948,1789.67595146173,0.643544033481006,1
2019-10-07,2019,106432,126094,1907.88215494032,1651.2918011555,0.814127012165228,0
2019-10-07,2019,105550,105357,1659.37170767085,1698.97320025118,0.443254403781962,0
2019-10-07,2019,106378,104871,1816.17232507699,1726.05479433568,0.626857347820023,0
2019-10-07,2019,105807,105585,1734.24359519239,1480.84443306738,0.811331134890122,1
2019-10-07,2019,105332,106065,1698.59776187266,1667.9086140978,0.544050728164054,1
2019-10-07,2019,105932,105430,1793.75629515582,1538.02059632298,0.813381378045703,1
2019-10-07,2019,126610,105526,1636.73242686499,1717.72105105844,0.385514151672021,1
2019-10-07,2019,106426,104655,1451.15139831299,1679.81391469553,0.21143666088645,1
2019-10-07,2019,105583,124187,1726.12363865304,1532.57391184348,0.75290418319585,0
2019-10-07,2019,126203,104269,1646.71845497525,1768.77053957827,0.331238623645139,1
2019-10-07,2019,106228,104918,1465.80958743384,1954.4349007174,0.0566388840672379,0
2019-10-07,2019,104926,105023,1829.74331347989,1749.21802139103,0.613853825628078,1
2019-10-07,2019,106043,105577,1746.0361369534,1593.63542432773,0.706260125160152,0
2019-10-07,2019,105936,105311,1644.65253742014,1643.77035962626,0.501269553170164,0
2019-10-07,2019,104468,111815,1756.34569095323,1654.00350369764,0.643165269896828,0
2019-10-07,2019,2e+05,122330,1508.56028270528,1530.19739561745,0.468901884485188,1
2019-10-07,2019,128034,111190,1497.86318694418,1528.61784627727,0.455855726458948,1
2019-10-07,2019,104792,132283,1786.31881280776,1551.26672561879,0.794630850714066,1
2019-10-07,2019,104545,200282,1797.49155594014,1735.75198254878,0.587926825793083,1
2019-10-07,2019,106298,104810,1700.38036408414,1493.36756661135,0.767038082219019,1
2019-10-07,2019,133430,126207,1741.10133213181,1646.49421713399,0.632882386410776,1
2019-10-07,2019,103819,105077,2139.09713184669,1593.59743455425,0.958518792617262,1
2019-10-07,2019,105676,105062,1892.30490331948,1697.95591491514,0.753759139527352,1
2019-10-07,2019,126094,105357,1651.2918011555,1698.97320025118,0.43180852697219,1
2019-10-07,2019,100644,104871,2019.12177234514,1726.05479433568,0.843833062831392,1
2019-10-07,2019,106233,105807,1898.5647668638,1734.24359519239,0.720291640858302,1
2019-10-07,2019,105332,105932,1698.59776187266,1793.75629515582,0.366380419946745,0
2019-10-07,2019,126610,106426,1636.73242686499,1451.15139831299,0.744271637404346,1
2019-10-07,2019,105138,124187,1879.58568869354,1532.57391184348,0.880540693494209,1
2019-10-07,2019,111575,126203,1937.4264662829,1646.71845497525,0.842035231647498,1
2019-10-07,2019,104926,104918,1829.74331347989,1954.4349007174,0.32788148383701,1
2019-10-07,2019,105311,105577,1643.77035962626,1593.63542432773,0.571653327500181,0
2019-10-07,2019,106421,111815,1923.40103413606,1654.00350369764,0.825025903952729,1
2019-10-07,2019,126774,2e+05,1880.73300158081,1508.56028270528,0.894956295303096,1
2019-10-07,2019,104792,128034,1786.31881280776,1497.86318694418,0.840302971685127,0
2019-10-07,2019,104545,106298,1797.49155594014,1700.38036408414,0.636225052563131,1
2019-10-07,2019,104925,133430,2141.51004826109,1741.10133213181,0.90928516493784,1
2019-10-07,2019,103819,105676,2139.09713184669,1892.30490331948,0.805440337390975,1
2019-10-07,2019,100644,126094,2019.12177234514,1651.2918011555,0.892582853386462,1
2019-10-07,2019,106233,105932,1898.5647668638,1793.75629515582,0.646416887491316,1
2019-10-07,2019,105138,126610,1879.58568869354,1636.73242686499,0.801862474343993,0
2019-10-07,2019,111575,104926,1937.4264662829,1829.74331347989,0.650189904041562,0
2019-10-07,2019,106421,105577,1923.40103413606,1593.63542432773,0.86969712191965,1
2019-10-07,2019,126774,128034,1880.73300158081,1497.86318694418,0.900605973051236,1
2019-10-07,2019,104925,104545,2141.51004826109,1797.49155594014,0.878716296505963,1
2019-10-07,2019,103819,100644,2139.09713184669,2019.12177234514,0.666107878481713,0
2019-10-07,2019,106233,126610,1898.5647668638,1636.73242686499,0.818650049141856,0
2019-10-07,2019,106421,104926,1923.40103413606,1829.74331347989,0.631611680662904,1
2019-10-07,2019,104925,126774,2141.51004826109,1880.73300158081,0.817746431357026,0
2019-10-07,2019,100644,126610,2019.12177234514,1636.73242686499,0.900358118152493,1
2019-10-07,2019,106421,126774,1923.40103413606,1880.73300158081,0.561097387898178,1
2019-10-07,2019,106421,100644,1923.40103413606,2019.12177234514,0.365629449153045,1
2019-10-14,2019,200005,106075,1496.50787288558,1560.24292658171,0.409293092418199,1
2019-10-14,2019,105732,104259,1693.47267327422,1728.05850642739,0.450390743132292,0
2019-10-14,2019,105023,110602,1749.21802139103,1566.65359984999,0.740952540455396,1
2019-10-14,2019,104755,126952,1789.67595146173,1483.74202710904,0.853347027772536,0
2019-10-14,2019,105575,106148,1615.97048086643,1575.85319233616,0.55747820140452,0
2019-10-14,2019,104665,126149,1574.79848317752,1490.73971842496,0.618663931245492,0
2019-10-14,2019,105550,105376,1659.37170767085,1645.61430928578,0.519788146775618,1
2019-10-14,2019,106426,104312,1451.15139831299,1657.95576198292,0.233176386929994,0
2019-10-14,2019,105807,105357,1734.24359519239,1698.97320025118,0.550584530292463,1
2019-10-14,2019,105643,105657,1603.51982020498,1646.88933823461,0.437908413682616,0
2019-10-14,2019,106228,104586,1465.80958743384,1647.42774162425,0.260094367729092,0
2019-10-14,2019,105430,106415,1538.02059632298,1710.48595544123,0.270361271412885,0
2019-10-14,2019,106293,104918,1452.95738279458,1954.4349007174,0.0528131262473423,0
2019-10-14,2019,105062,105539,1697.95591491514,1564.15741480646,0.683565471192721,1
2019-10-14,2019,134770,105936,1542.97074424734,1644.65253742014,0.357707670270166,0
2019-10-14,2019,104655,106198,1679.81391469553,1450.61229481913,0.789080297553368,1
2019-10-14,2019,105173,106000,1659.68166870744,1656.568277598,0.504480410047388,1
2019-10-14,2019,105554,106071,1648.10776406634,1662.56324092715,0.479208892157408,1
2019-10-14,2019,104542,132283,1812.48477341309,1551.26672561879,0.818124473028031,1
2019-10-14,2019,200175,144984,1502.77833047039,1500,0.50399825372794,1
2019-10-14,2019,111790,105649,1452.66515041271,1580.78256240533,0.32355038652257,0
2019-10-14,2019,104468,104327,1756.34569095323,1678.7420467122,0.609859693644021,1
2019-10-14,2019,104871,111797,1726.05479433568,1673.26982472013,0.57538456132453,1
2019-10-14,2019,105311,144707,1643.77035962626,1545.98741627459,0.637119549047994,0
2019-10-14,2019,111815,103852,1654.00350369764,1714.61904238238,0.413641653083681,0
2019-10-14,2019,105379,103333,1640.64614385762,1600.82618240262,0.557055926438239,0
2019-10-14,2019,200615,106214,1486.34100446177,1488.74584316709,0.496539214172011,1
2019-10-14,2019,105526,106296,1717.72105105844,1435.97525871213,0.835051370255147,1
2019-10-14,2019,126094,122330,1651.2918011555,1530.19739561745,0.667539039291,1
2019-10-14,2019,124187,105882,1532.57391184348,1457.80892172563,0.60596485399655,0
2019-10-14,2019,126207,120424,1646.49421713399,1534.66735649005,0.655595502608613,1
2019-10-14,2019,105341,106078,1534.82412666373,1675.00095264137,0.308546642451632,0
2019-10-14,2019,111200,105216,1485.62582902384,1510.81554444718,0.463812470039383,0
2019-10-14,2019,111794,206173,1509.93120872822,1500,0.514288266972958,0
2019-10-14,2019,200553,208230,1500,1500,0.5,1
2019-10-14,2019,144895,104386,1453.37189784884,1573.27128553152,0.333989394114316,0
2019-10-14,2019,105676,200005,1892.30490331948,1496.50787288558,0.907071496397185,0
2019-10-14,2019,111575,104259,1937.4264662829,1728.05850642739,0.769451888032525,1
2019-10-14,2019,105777,105023,1838.46687218639,1749.21802139103,0.625686949240821,0
2019-10-14,2019,105550,126952,1659.37170767085,1483.74202710904,0.733216922345276,1
2019-10-14,2019,104312,106148,1657.95576198292,1575.85319233616,0.616003777947701,1
2019-10-14,2019,105807,126149,1734.24359519239,1490.73971842496,0.802456841951881,1
2019-10-14,2019,106043,105657,1746.0361369534,1646.88933823461,0.638932721086504,0
2019-10-14,2019,105583,104586,1726.12363865304,1647.42774162425,0.611354649258447,1
2019-10-14,2019,126203,106415,1646.71845497525,1710.48595544123,0.409247935294528,0
2019-10-14,2019,104655,104918,1679.81391469553,1954.4349007174,0.170675775952949,0
2019-10-14,2019,105173,105062,1659.68166870744,1697.95591491514,0.445140671402729,1
2019-10-14,2019,105554,105936,1648.10776406634,1644.65253742014,0.5049723069329,0
2019-10-14,2019,104542,104468,1812.48477341309,1756.34569095323,0.580094792466019,0
2019-10-14,2019,200175,104871,1502.77833047039,1726.05479433568,0.216652342617757,0
2019-10-14,2019,144707,105649,1545.98741627459,1580.78256240533,0.450092500766025,0
2019-10-14,2019,104527,103852,1835.94173115111,1714.61904238238,0.667830615016231,1
2019-10-14,2019,105227,103333,1924.75181833124,1600.82618240262,0.86583986465458,1
2019-10-14,2019,133430,200615,1741.10133213181,1486.34100446177,0.812527612744548,1
2019-10-14,2019,105526,126207,1717.72105105844,1646.49421713399,0.601091383255373,0
2019-10-14,2019,126094,106078,1651.2918011555,1675.00095264137,0.465932652954237,1
2019-10-14,2019,105882,105216,1457.80892172563,1510.81554444718,0.42430373517873,0
2019-10-14,2019,104792,206173,1786.31881280776,1500,0.838645404324839,0
2019-10-14,2019,110748,200553,1510.69613559065,1500,0.515388115294638,1
2019-10-14,2019,104926,104386,1829.74331347989,1573.27128553152,0.814023917393419,0
2019-10-14,2019,105550,200005,1659.37170767085,1496.50787288558,0.718598355069144,0
2019-10-14,2019,111575,104312,1937.4264662829,1657.95576198292,0.833239531903929,0
2019-10-14,2019,105807,105023,1734.24359519239,1749.21802139103,0.478463402209107,1
2019-10-14,2019,105657,104918,1646.88933823461,1954.4349007174,0.145495753813818,0
2019-10-14,2019,105583,105173,1726.12363865304,1659.68166870744,0.594468873004952,0
2019-10-14,2019,105936,106415,1644.65253742014,1710.48595544123,0.406375919309408,1
2019-10-14,2019,104527,104468,1835.94173115111,1756.34569095323,0.61258509508286,1
2019-10-14,2019,105227,104871,1924.75181833124,1726.05479433568,0.758375176820072,1
2019-10-14,2019,133430,105649,1741.10133213181,1580.78256240533,0.715626328120295,1
2019-10-14,2019,126207,206173,1646.49421713399,1500,0.699157360064124,0
2019-10-14,2019,126094,110748,1651.2918011555,1510.69613559065,0.691967503594422,1
2019-10-14,2019,105216,104386,1510.81554444718,1573.27128553152,0.411074761659302,1
2019-10-14,2019,200005,104918,1496.50787288558,1954.4349007174,0.0668546653929707,0
2019-10-14,2019,105173,104312,1659.68166870744,1657.95576198292,0.502483759004609,1
2019-10-14,2019,105807,105936,1734.24359519239,1644.65253742014,0.626148191370196,0
2019-10-14,2019,104527,206173,1835.94173115111,1500,0.873673405616764,1
2019-10-14,2019,105227,126094,1924.75181833124,1651.2918011555,0.828376181624021,0
2019-10-14,2019,133430,105216,1741.10133213181,1510.81554444718,0.79011712461703,1
2019-10-14,2019,104527,104918,1835.94173115111,1954.4349007174,0.335792427808891,0
2019-10-14,2019,126094,105173,1651.2918011555,1659.68166870744,0.487928356360965,1
2019-10-14,2019,133430,105936,1741.10133213181,1644.65253742014,0.635342088919671,1
2019-10-21,2019,100644,126203,2019.12177234514,1646.71845497525,0.895081021111428,0
2019-10-21,2019,111575,128034,1937.4264662829,1497.86318694418,0.926240876875499,1
2019-10-21,2019,200282,106198,1735.75198254878,1450.61229481913,0.837724799968819,1
2019-10-21,2019,132283,105916,1551.26672561879,1701.4793594509,0.296359687533298,0
2019-10-21,2019,105526,200175,1717.72105105844,1502.77833047039,0.775095392054957,1
2019-10-21,2019,105173,105023,1659.68166870744,1749.21802139103,0.373925527265514,0
2019-10-21,2019,105332,105967,1698.59776187266,1635.89659132677,0.589267224666275,0
2019-10-21,2019,106043,105732,1746.0361369534,1693.47267327422,0.575073004878492,1
2019-10-21,2019,105138,105657,1879.58568869354,1646.88933823461,0.792408999094114,1
2019-10-21,2019,104792,110602,1786.31881280776,1566.65359984999,0.779798859788375,1
2019-10-21,2019,106228,104755,1465.80958743384,1789.67595146173,0.134199774084076,0
2019-10-21,2019,104259,206173,1728.05850642739,1500,0.787983039626447,0
2019-10-21,2019,124187,106426,1532.57391184348,1451.15139831299,0.615077358873641,1
2019-10-21,2019,104468,103852,1756.34569095323,1714.61904238238,0.559762417406259,1
2019-10-21,2019,105676,105227,1892.30490331948,1924.75181833124,0.453440415765382,1
2019-10-21,2019,105550,105379,1659.37170767085,1640.64614385762,0.526922189448599,0
2019-10-21,2019,104926,200615,1829.74331347989,1486.34100446177,0.878337766695893,1
2019-10-21,2019,126094,122330,1651.2918011555,1530.19739561745,0.667539039291,1
2019-10-21,2019,111513,105936,1596.50892861281,1644.65253742014,0.431155844959912,0
2019-10-21,2019,105683,111202,1828.57368308499,1737.55433493491,0.628070823400133,0
2019-10-21,2019,104665,105575,1574.79848317752,1615.97048086643,0.441024535536738,0
2019-10-21,2019,105777,106000,1838.46687218639,1656.568277598,0.740216184959406,1
2019-10-21,2019,126774,105077,1880.73300158081,1593.59743455425,0.839280611025404,1
2019-10-21,2019,126610,106378,1636.73242686499,1816.17232507699,0.262514697787129,1
2019-10-21,2019,104527,104655,1835.94173115111,1679.81391469553,0.710691317012912,1
2019-10-21,2019,106432,105062,1907.88215494032,1697.95591491514,0.770021494161887,0
2019-10-21,2019,105554,126207,1648.10776406634,1646.49421713399,0.502322064001551,0
2019-10-21,2019,133430,105807,1741.10133213181,1734.24359519239,0.509867795333241,0
2019-10-21,2019,105583,105430,1726.12363865304,1538.02059632298,0.747025032292847,0
2019-10-21,2019,105932,104269,1793.75629515582,1768.77053957827,0.535895533286284,0
2019-10-21,2019,103819,105376,2139.09713184669,1645.61430928578,0.944836764939854,1
2019-10-21,2019,106233,104542,1898.5647668638,1812.48477341309,0.621405061914905,1
2019-10-21,2019,200282,126203,1735.75198254878,1646.71845497525,0.625396609663231,1
2019-10-21,2019,111575,105916,1937.4264662829,1701.4793594509,0.795470367105499,1
2019-10-21,2019,105526,105967,1717.72105105844,1635.89659132677,0.615625018856054,1
2019-10-21,2019,106043,105023,1746.0361369534,1749.21802139103,0.49542102822,1
2019-10-21,2019,105138,104755,1879.58568869354,1789.67595146173,0.626577515969835,1
2019-10-21,2019,104792,206173,1786.31881280776,1500,0.838645404324839,1
2019-10-21,2019,105676,124187,1892.30490331948,1532.57391184348,0.888030347836887,0
2019-10-21,2019,104468,105379,1756.34569095323,1640.64614385762,0.660611427963736,0
2019-10-21,2019,104926,105936,1829.74331347989,1644.65253742014,0.743734129226174,0
2019-10-21,2019,126094,111202,1651.2918011555,1737.55433493491,0.378347760732971,1
2019-10-21,2019,126774,105575,1880.73300158081,1615.97048086643,0.821140784529735,1
2019-10-21,2019,126610,105777,1636.73242686499,1838.46687218639,0.238435358390534,1
2019-10-21,2019,104527,126207,1835.94173115111,1646.49421713399,0.748484815609855,1
2019-10-21,2019,105807,105062,1734.24359519239,1697.95591491514,0.552033104123291,1
2019-10-21,2019,103819,105430,2139.09713184669,1538.02059632298,0.9695301728509,1
2019-10-21,2019,106233,104269,1898.5647668638,1768.77053957827,0.678558610074204,1
2019-10-21,2019,200282,105526,1735.75198254878,1717.72105105844,0.525925325413412,1
2019-10-21,2019,111575,106043,1937.4264662829,1746.0361369534,0.750584358148225,0
2019-10-21,2019,105138,124187,1879.58568869354,1532.57391184348,0.880540693494209,0
2019-10-21,2019,104792,105379,1786.31881280776,1640.64614385762,0.698161699082534,1
2019-10-21,2019,126774,105936,1880.73300158081,1644.65253742014,0.795595236012865,1
2019-10-21,2019,126610,126094,1636.73242686499,1651.2918011555,0.479059632130213,1
2019-10-21,2019,103819,104527,2139.09713184669,1835.94173115111,0.851334052433509,1
2019-10-21,2019,106233,105807,1898.5647668638,1734.24359519239,0.720291640858302,1
2019-10-21,2019,200282,124187,1735.75198254878,1532.57391184348,0.763070354489478,1
2019-10-21,2019,104792,106043,1786.31881280776,1746.0361369534,0.557713054711247,0
2019-10-21,2019,103819,126774,2139.09713184669,1880.73300158081,0.815667181685512,1
2019-10-21,2019,106233,126610,1898.5647668638,1636.73242686499,0.818650049141856,1
2019-10-21,2019,103819,200282,2139.09713184669,1735.75198254878,0.910669845893233,1
2019-10-21,2019,106233,106043,1898.5647668638,1746.0361369534,0.706412862965801,1
2019-10-28,2019,105173,134770,1659.68166870744,1542.97074424734,0.661915510536015,1
2019-10-28,2019,105227,128034,1924.75181833124,1497.86318694418,0.921098627697108,1
2019-10-28,2019,126094,104542,1651.2918011555,1812.48477341309,0.283350681522689,0
2019-10-28,2019,105526,106415,1717.72105105844,1710.48595544123,0.51041063475576,1
2019-10-28,2019,105932,105430,1793.75629515582,1538.02059632298,0.813381378045703,0
2019-10-28,2019,105332,106000,1698.59776187266,1656.568277598,0.56019196201466,1
2019-10-28,2019,133430,104468,1741.10133213181,1756.34569095323,0.478075671709432,1
2019-10-28,2019,106432,104269,1907.88215494032,1768.77053957827,0.690143621803194,0
2019-10-28,2019,105683,111815,1828.57368308499,1654.00350369764,0.732022206225339,1
2019-10-28,2019,105777,200005,1838.46687218639,1496.50787288558,0.877447136603955,1
2019-10-28,2019,106426,104655,1451.15139831299,1679.81391469553,0.21143666088645,1
2019-10-28,2019,105023,104871,1749.21802139103,1726.05479433568,0.533285262794161,0
2019-10-28,2019,126203,126207,1646.71845497525,1646.49421713399,0.500322704149299,1
2019-10-28,2019,200282,111513,1735.75198254878,1596.50892861281,0.690305398497894,1
2019-10-28,2019,105575,106378,1615.97048086643,1816.17232507699,0.240041052391208,0
2019-10-28,2019,105583,144895,1726.12363865304,1453.37189784884,0.827795758302354,0
2019-10-28,2019,104745,105173,2200.71103118547,1659.68166870744,0.957483463754266,1
2019-10-28,2019,104527,105227,1835.94173115111,1924.75181833124,0.374904770458058,1
2019-10-28,2019,126610,104542,1636.73242686499,1812.48477341309,0.266644975937461,0
2019-10-28,2019,111575,105526,1937.4264662829,1717.72105105844,0.779838595434067,0
2019-10-28,2019,105430,104312,1538.02059632298,1657.95576198292,0.333943583042568,1
2019-10-28,2019,104792,105332,1786.31881280776,1698.59776187266,0.62362493455695,1
2019-10-28,2019,104926,133430,1829.74331347989,1741.10133213181,0.624868421645084,0
2019-10-28,2019,100644,104269,2019.12177234514,1768.77053957827,0.808630744442064,1
2019-10-28,2019,106233,105683,1898.5647668638,1828.57368308499,0.599384472258276,1
2019-10-28,2019,105676,105777,1892.30490331948,1838.46687218639,0.576864908842539,0
2019-10-28,2019,104545,106426,1797.49155594014,1451.15139831299,0.88013341909596,0
2019-10-28,2019,106421,104871,1923.40103413606,1726.05479433568,0.756947471643566,0
2019-10-28,2019,126774,126203,1880.73300158081,1646.71845497525,0.793654456886497,1
2019-10-28,2019,105138,200282,1879.58568869354,1735.75198254878,0.695926238930387,0
2019-10-28,2019,106043,106378,1746.0361369534,1816.17232507699,0.400414972829564,0
2019-10-28,2019,104925,144895,2141.51004826109,1453.37189784884,0.981316268280134,1
2019-10-28,2019,104745,104527,2200.71103118547,1835.94173115111,0.890881879832164,1
2019-10-28,2019,104542,105526,1812.48477341309,1717.72105105844,0.63309181889087,1
2019-10-28,2019,104792,105430,1786.31881280776,1538.02059632298,0.806795252888168,1
2019-10-28,2019,100644,133430,2019.12177234514,1741.10133213181,0.832076281721362,0
2019-10-28,2019,106233,105777,1898.5647668638,1838.46687218639,0.585635434448367,0
2019-10-28,2019,106426,104871,1451.15139831299,1726.05479433568,0.170445790979208,1
2019-10-28,2019,126774,200282,1880.73300158081,1735.75198254878,0.697322017549362,1
2019-10-28,2019,104925,106378,2141.51004826109,1816.17232507699,0.866781290969932,1
2019-10-28,2019,104745,104542,2200.71103118547,1812.48477341309,0.903332197592342,1
2019-10-28,2019,104792,133430,1786.31881280776,1741.10133213181,0.564708252999107,0
2019-10-28,2019,105777,106426,1838.46687218639,1451.15139831299,0.902873402541609,1
2019-10-28,2019,104925,126774,2141.51004826109,1880.73300158081,0.817746431357026,1
2019-10-28,2019,104745,133430,2200.71103118547,1741.10133213181,0.93374708211518,0
2019-10-28,2019,104925,105777,2141.51004826109,1838.46687218639,0.851252271150513,1
2019-10-28,2019,104925,133430,2141.51004826109,1741.10133213181,0.90928516493784,1
2019-11-05,2019,144707,206173,1545.98741627459,1500,0.565797407322119,0
2019-11-05,2019,200005,206173,1496.50787288558,1500,0.494974594332608,1
2019-11-05,2019,200005,144707,1496.50787288558,1545.98741627459,0.42927073598617,0
2019-11-05,2019,126207,206173,1646.49421713399,1500,0.699157360064124,0
2019-11-05,2019,126207,144707,1646.49421713399,1545.98741627459,0.640736836102108,1
2019-11-05,2019,126207,200005,1646.49421713399,1496.50787288558,0.703368602693528,1
2019-11-05,2019,200175,200221,1502.77833047039,1500,0.50399825372794,1
2019-11-05,2019,134770,200221,1542.97074424734,1500,0.561526474506827,1
2019-11-05,2019,134770,200175,1542.97074424734,1502.77833047039,0.557584883949064,0
2019-11-05,2019,200282,200221,1735.75198254878,1500,0.795287560714533,1
2019-11-05,2019,200282,200175,1735.75198254878,1502.77833047039,0.792671459179964,1
2019-11-05,2019,200282,134770,1735.75198254878,1542.97074424734,0.752080265888262,1
2019-11-05,2019,200175,206173,1502.77833047039,1500,0.50399825372794,0
2019-11-05,2019,200282,126207,1735.75198254878,1646.49421713399,0.625698967671686,1
2019-11-05,2019,200282,206173,1735.75198254878,1500,0.795287560714533,0
2019-11-11,2019,106233,126610,1898.5647668638,1636.73242686499,0.818650049141856,0
2019-11-11,2019,103819,126610,2139.09713184669,1636.73242686499,0.947441766093494,1
2019-11-11,2019,103819,106233,2139.09713184669,1898.5647668638,0.799731262136408,0
2019-11-11,2019,104925,126610,2141.51004826109,1636.73242686499,0.948129140850336,1
2019-11-11,2019,104925,106233,2141.51004826109,1898.5647668638,0.801946620264984,0
2019-11-11,2019,104925,103819,2141.51004826109,2139.09713184669,0.503472410027016,0
2019-11-11,2019,126774,100644,1880.73300158081,2019.12177234514,0.310746898192438,1
2019-11-11,2019,106421,100644,1923.40103413606,2019.12177234514,0.365629449153045,0
2019-11-11,2019,106421,126774,1923.40103413606,1880.73300158081,0.561097387898178,0
2019-11-11,2019,104745,100644,2200.71103118547,2019.12177234514,0.73987362060553,0
2019-11-11,2019,104745,126774,2200.71103118547,1880.73300158081,0.863178175563776,1
2019-11-11,2019,104745,106421,2200.71103118547,1923.40103413606,0.831504079130515,1
2019-11-11,2019,106233,100644,1898.5647668638,2019.12177234514,0.333147863895017,1
2019-11-11,2019,103819,126774,2139.09713184669,1880.73300158081,0.815667181685512,0
2019-11-11,2019,106233,126774,1898.5647668638,1880.73300158081,0.525639464319107,0
2019-11-18,2019,126094,127339,1651.2918011555,1491.1182646114,0.715456161051158,1
2019-11-18,2019,104327,105053,1678.7420467122,1539.08242848001,0.690817804604688,1
2019-11-18,2019,104926,105577,1829.74331347989,1593.63542432773,0.795620908332957,0
2019-11-18,2019,111575,106432,1937.4264662829,1907.88215494032,0.542415495383653,1
2019-11-18,2019,105676,123755,1892.30490331948,1508.09374008609,0.901295020307502,1
2019-11-18,2019,126610,133430,1636.73242686499,1741.10133213181,0.354161668149408,0
2019-11-19,2019,104542,106034,1812.48477341309,1537.33397106947,0.829755485803006,1
2019-11-19,2019,105138,126094,1879.58568869354,1651.2918011555,0.788209319163276,0
2019-11-19,2019,105550,111797,1659.37170767085,1673.26982472013,0.480009663228454,1
2019-11-19,2019,106401,105292,1818.94270387633,1465.0558624431,0.884641357813631,1
2019-11-19,2019,105062,122298,1697.95591491514,1500,0.757592573284872,1
2019-11-19,2019,124187,105577,1532.57391184348,1593.63542432773,0.413019129358416,0
2019-11-19,2019,104792,106415,1786.31881280776,1710.48595544123,0.607431654988689,0
2019-11-19,2019,104745,111575,2200.71103118547,1937.4264662829,0.819887840506991,1
2019-11-19,2019,106043,106426,1746.0361369534,1451.15139831299,0.845207023691871,1
2019-11-19,2019,200282,123755,1735.75198254878,1508.09374008609,0.78759784719918,1
2019-11-19,2019,122330,104898,1530.19739561745,1610.43801667304,0.386534679375078,0
2019-11-19,2019,133430,126203,1741.10133213181,1646.71845497525,0.632582423699006,1
2019-11-20,2019,105936,105216,1644.65253742014,1510.81554444718,0.683613398413253,1
2019-11-20,2019,105550,104259,1659.37170767085,1728.05850642739,0.402419723320545,0
2019-11-20,2019,106401,104327,1818.94270387633,1678.7420467122,0.691482624242598,1
2019-11-20,2019,104918,134868,1954.4349007174,1508.24296209399,0.928805730281499,1
2019-11-20,2019,104926,124187,1829.74331347989,1532.57391184348,0.84691987127713,1
2019-11-20,2019,104925,106415,2141.51004826109,1710.48595544123,0.922811473005851,1
2019-11-20,2019,104745,127339,2200.71103118547,1491.1182646114,0.983451035455947,1
2019-11-20,2019,106043,105526,1746.0361369534,1717.72105105844,0.540658708058812,0
2019-11-20,2019,105676,200282,1892.30490331948,1735.75198254878,0.711194203093668,0
2019-11-20,2019,105554,104898,1648.10776406634,1610.43801667304,0.55399969418028,0
2019-11-20,2019,126610,126203,1636.73242686499,1646.71845497525,0.48563290637487,0
2019-11-21,2019,104542,105936,1812.48477341309,1644.65253742014,0.724345458719095,0
2019-11-21,2019,111797,104259,1673.26982472013,1728.05850642739,0.421799891990213,0
2019-11-21,2019,105062,106378,1697.95591491514,1816.17232507699,0.336147851476122,0
2019-11-21,2019,105357,105577,1698.97320025118,1593.63542432773,0.647112986825074,0
2019-11-21,2019,104925,105332,2141.51004826109,1698.59776187266,0.927547180043482,1
2019-11-21,2019,106426,105526,1451.15139831299,1717.72105105844,0.177336488005282,1
2019-11-21,2019,105554,122330,1648.10776406634,1530.19739561745,0.663458903445354,0
2019-11-21,2019,133430,200282,1741.10133213181,1735.75198254878,0.507697724621732,0
2019-11-22,2019,105550,105807,1659.37170767085,1734.24359519239,0.39388822735662,1
2019-11-22,2019,106378,104259,1816.17232507699,1728.05850642739,0.624155469797088,1
2019-11-22,2019,126094,105936,1651.2918011555,1644.65253742014,0.509553505719994,1
2019-11-22,2019,104745,106043,2200.71103118547,1746.0361369534,0.931967923118653,1
2019-11-22,2019,105526,105554,1717.72105105844,1648.10776406634,0.598862147117236,0
2019-11-22,2019,104925,111575,2141.51004826109,1937.4264662829,0.764011458096057,1
2019-11-23,2019,103852,106378,1714.61904238238,1816.17232507699,0.357877651482807,0
2019-11-23,2019,126094,105577,1651.2918011555,1593.63542432773,0.582220822029896,1
2019-11-23,2019,104745,105554,2200.71103118547,1648.10776406634,0.960114515860239,1
2019-11-23,2019,133430,111575,1741.10133213181,1937.4264662829,0.244135575676338,1
2019-11-24,2019,105138,2e+05,1879.58568869354,1508.56028270528,0.894333791269146,1
2019-11-24,2019,104745,133430,2200.71103118547,1741.10133213181,0.93374708211518,1
