"tourney_date","year","level","surface","id_i","id_j","seed_diff","deltaR","p_elo","y","p_context_elo"
2019-01-07,2019,"A","Hard",105376,105550,0,-13.7573983850625,0.480211853224382,1,0.513613889462586
2019-01-07,2019,"A","Hard",105173,111442,0,187.138830240617,0.74597467821147,0,0.717760538149776
2019-01-07,2019,"A","Hard",104259,105614,0,217.885376122922,0.778034524924828,1,0.744196351313361
2019-01-07,2019,"A","Hard",105077,124187,0,61.0235227107646,0.586927852466416,0,0.594266629912355
2019-01-07,2019,"A","Hard",104655,200005,0,183.306041809951,0.741771118043013,0,0.714351249028121
2019-01-07,2019,"A","Hard",200282,105583,1,9.6283438957405,0.513852754633344,1,0.546312940495571
2019-01-07,2019,"A","Hard",105815,109739,0,57.8119624402652,0.582438657023165,1,0.590874443069906
2019-01-07,2019,"A","Hard",104291,105023,0,-103.187080818218,0.355719295144159,0,0.416591515222026
2019-01-07,2019,"A","Hard",126610,111456,0,73.7392904274484,0.604554172853897,1,0.607606600844946
2019-01-07,2019,"A","Hard",105357,126207,0,52.4789831171895,0.574954164057752,1,0.585222511029852
2019-01-07,2019,"A","Hard",105449,104919,1,84.6942031162355,0.619526518145675,0,0.625789068973644
2019-01-07,2019,"A","Hard",105916,105902,1,192.702439704067,0.751995679763341,1,0.728440456341663
2019-01-07,2019,"A","Hard",111202,104907,1,344.65918374595,0.879108805010036,0,0.839097421444674
2019-01-07,2019,"A","Hard",106298,126094,1,49.0885629286306,0.570177769581863,0,0.58865810421552
2019-01-07,2019,"A","Hard",105526,111513,0,121.212122445624,0.667689409757701,1,0.655872466267373
2019-01-07,2019,"A","Hard",106415,105992,0,56.403393749724,0.580465361080298,1,0.5893838986628
2019-01-07,2019,"A","Hard",104898,103970,0,-7.19306245089115,0.489649829760906,0,0.520784931937895
2019-01-07,2019,"A","Hard",106045,104198,0,41.1640409921092,0.558964173131294,0,0.573158028449718
2019-01-07,2019,"A","Hard",133430,105311,1,97.3309725055474,0.636517813954364,0,0.638642944480573
2019-01-07,2019,"A","Hard",104871,104312,-1,68.0990323527578,0.596766361844443,0,0.594737004594613
2019-01-07,2019,"A","Hard",105332,111815,0,44.5942581750176,0.563826181570365,0,0.576825372056388
2019-01-07,2019,"A","Hard",105373,200615,0,314.068382142999,0.859110655025917,1,0.815881669243618
2019-01-07,2019,"A","Hard",126203,105657,0,-0.170883259356742,0.499754079241307,1,0.528446586928405
2019-01-07,2019,"A","Hard",105051,105819,0,148.820297227239,0.701966229916931,0,0.682598312304672
2019-01-07,2019,"A","Hard",104926,105376,1,184.129004194108,0.742677502540126,1,0.720957502127138
2019-01-07,2019,"A","Hard",111442,106121,0,-133.315598589912,0.317036117465121,1,0.384949499918379
2019-01-07,2019,"A","Hard",104259,200005,0,231.550633541807,0.79132200365661,1,0.755410421280565
2019-01-07,2019,"A","Hard",200282,124187,1,203.178070705297,0.763070354489478,1,0.73741090280557
2019-01-07,2019,"A","Hard",106065,105815,1,90.4105120327783,0.627251756252217,0,0.63162683494694
2019-01-07,2019,"A","Hard",104468,105023,1,7.12766956220389,0.510256102267663,1,0.543599976947688
2019-01-07,2019,"A","Hard",126610,104919,0,18.5326510712241,0.526645362339813,0,0.548778462520986
2019-01-07,2019,"A","Hard",105916,105357,1,2.5061591997171,0.503606590456484,0,0.53857943729954
2019-01-07,2019,"A","Hard",105526,104907,0,324.825899869478,0.866440710477411,1,0.822846675939357
2019-01-07,2019,"A","Hard",106415,126094,0,59.1941542857296,0.584372438696148,1,0.59233545379438
2019-01-07,2019,"A","Hard",105807,103970,1,116.612516068465,0.66178872916008,1,0.657874102135514
2019-01-07,2019,"A","Hard",106043,104198,1,182.228114355397,0.740580779248178,1,0.719281377135421
2019-01-07,2019,"A","Hard",105311,111815,0,-10.2331440713815,0.485277578867441,0,0.517464757034902
2019-01-07,2019,"A","Hard",104312,105373,1,-142.45362462185,0.305757508013087,1,0.382354417266513
2019-01-07,2019,"A","Hard",104545,126203,1,150.773100964888,0.704312654202262,0,0.69067687767707
2019-01-07,2019,"A","Hard",126774,105819,1,381.68011466664,0.899991249722285,1,0.859783443398351
2019-01-07,2019,"A","Hard",104926,104259,1,101.684807052504,0.64229631576869,0,0.643027052663611
2019-01-07,2019,"A","Hard",200282,111442,1,263.209144081959,0.819823718849117,1,0.785023987205475
2019-01-07,2019,"A","Hard",104919,105815,0,40.7016737287418,0.558307924328213,0,0.572663073269858
2019-01-07,2019,"A","Hard",104468,105357,1,57.3724907020489,0.581823271213125,1,0.597404617547806
2019-01-07,2019,"A","Hard",105807,105526,1,16.5225441339539,0.523759943693747,0,0.553777700238274
2019-01-07,2019,"A","Hard",106043,106415,1,35.5501815121634,0.550983021837155,1,0.574244753417052
2019-01-07,2019,"A","Hard",126203,111815,0,-7.28504872238955,0.489517508328145,0,0.520684496103832
2019-01-07,2019,"A","Hard",126774,104312,0,222.777239597889,0.782859541651575,0,0.748249210163876
2019-01-07,2019,"A","Hard",104259,105815,0,150.560404362363,0.704057605521632,0,0.684245405656046
2019-01-07,2019,"A","Hard",200282,104468,0,-20.5937084044508,0.47039793054982,1,0.506139816572435
2019-01-07,2019,"A","Hard",105526,111815,0,63.7175473607967,0.590682542864626,0,0.597105264785164
2019-01-07,2019,"A","Hard",106043,104312,0,88.0803749704744,0.624110306967952,0,0.622460334149343
2019-01-07,2019,"A","Hard",105815,111815,0,-76.505401632616,0.391645543848087,1,0.445208314767569
2019-01-07,2019,"A","Hard",200282,104312,0,77.7962205658555,0.61012342174731,1,0.611830123545119
2019-01-14,2019,"G","Hard",104925,106283,1,666.819166497265,0.97892813884346,1,0.962731919815582
2019-01-14,2019,"G","Hard",105373,104542,0,-12.0753868083202,0.48262911536113,0,0.562792656181065
2019-01-14,2019,"G","Hard",106121,106423,0,18.0236666725129,0.525914898596767,1,0.594882220958287
2019-01-14,2019,"G","Hard",133430,104665,1,166.302848954282,0.72258413245496,1,0.743054144762944
2019-01-14,2019,"G","Hard",105676,106426,1,441.15350500649,0.926863836461909,1,0.90588216088002
2019-01-14,2019,"G","Hard",105657,104719,0,84.6580652309647,0.619477482316581,1,0.662780054002954
2019-01-14,2019,"G","Hard",105992,106210,0,28.0535241289763,0.540284756667123,1,0.605411688991161
2019-01-14,2019,"G","Hard",106421,144750,1,374.968085409303,0.896459456718283,1,0.878126139829792
2019-01-14,2019,"G","Hard",104926,144719,1,252.150687148862,0.810228568227652,1,0.808064670006453
2019-01-14,2019,"G","Hard",111797,104919,0,55.0700489263643,0.578595073116494,0,0.633267842733166
2019-01-14,2019,"G","Hard",104291,125802,0,77.1766802672162,0.609274749033843,0,0.655426133209805
2019-01-14,2019,"G","Hard",105807,104563,1,289.857306381239,0.841382774021591,1,0.832360277293775
2019-01-14,2019,"G","Hard",104259,104810,1,234.69093981604,0.794291376554758,1,0.795938104045644
2019-01-14,2019,"G","Hard",105311,105550,0,-15.6013480445872,0.477562933988401,1,0.55899339778643
2019-01-14,2019,"G","Hard",103333,128034,0,102.962995458439,0.643985017669653,1,0.680439214208586
2019-01-14,2019,"G","Hard",105453,111794,1,489.861736186778,0.943740208503536,1,0.922546336880478
2019-01-14,2019,"G","Hard",100644,105379,1,378.475628487517,0.898318641306473,1,0.879758900338303
2019-01-14,2019,"G","Hard",104871,200005,0,229.5469214501,0.789410928106539,1,0.787444444785181
2019-01-14,2019,"G","Hard",106058,106109,0,213.476745239487,0.773620899208985,0,0.775439220434104
2019-01-14,2019,"G","Hard",104468,106216,1,240.777283416938,0.799956972160969,1,0.800228886864578
2019-01-14,2019,"G","Hard",111202,105614,1,227.381204630444,0.787330941802799,1,0.790694759329279
2019-01-14,2019,"G","Hard",105023,105732,0,55.7453481168088,0.579542603297428,0,0.63395370127916
2019-01-14,2019,"G","Hard",104527,105208,0,130.943451597189,0.679999846984925,1,0.706449928936353
2019-01-14,2019,"G","Hard",105683,106401,1,9.63097920866016,0.51385654424158,1,0.593021865876506
2019-01-14,2019,"G","Hard",106432,104327,1,229.140108228116,0.789021359489652,1,0.79196542598293
2019-01-14,2019,"G","Hard",105916,105077,0,107.881924896652,0.650450105062255,1,0.685100296349403
2019-01-14,2019,"G","Hard",111513,105539,0,32.3515138063574,0.546423477882475,0,0.609894607260869
2019-01-14,2019,"G","Hard",106065,105936,1,23.2560766776669,0.533418289611014,0,0.607324802763233
2019-01-14,2019,"G","Hard",106298,105062,1,2.42444916899512,0.503489006190716,1,0.585390879920714
2019-01-14,2019,"G","Hard",109739,105163,0,13.9734456801154,0.520098569162659,1,0.590604784344252
2019-01-14,2019,"G","Hard",104999,200615,0,103.309529836446,0.644442233433786,0,0.680768780997586
2019-01-14,2019,"G","Hard",106233,105332,1,199.967004991143,0.75971225589483,1,0.770154280253572
2019-01-14,2019,"G","Hard",105227,106071,1,262.188577404093,0.818954296701618,1,0.81478377969274
2019-01-14,2019,"G","Hard",111456,126094,0,-88.2986647179625,0.37559495035328,1,0.479768710119887
2019-01-14,2019,"G","Hard",105430,111581,0,9.55351736085481,0.513745152610849,1,0.585921223924551
2019-01-14,2019,"G","Hard",104269,200175,1,265.99220910788,0.822178054415187,1,0.817281904085025
2019-01-14,2019,"G","Hard",105138,104918,1,-74.849212023867,0.39391939071542,1,0.501718776412718
2019-01-14,2019,"G","Hard",105357,105643,0,95.4533800461998,0.634013505758071,1,0.673253389346323
2019-01-14,2019,"G","Hard",105815,106415,0,-132.98785337621,0.317444764492871,0,0.431316380470606
2019-01-14,2019,"G","Hard",111575,105376,1,291.812156997118,0.842878815000534,1,0.833550257316257
2019-01-14,2019,"G","Hard",126774,126610,1,244.000574715822,0.802909693683428,1,0.80247368691256
2019-01-14,2019,"G","Hard",106148,104678,0,-12.2361581991931,0.482398029722372,0,0.562619580131049
2019-01-14,2019,"G","Hard",105819,105882,0,41.2439651885472,0.559077590620689,0,0.619110217114999
2019-01-14,2019,"G","Hard",105932,111153,1,321.690570154213,0.864338279146723,1,0.850905046171485
2019-01-14,2019,"G","Hard",104792,106000,1,129.750535209753,0.678503748654692,1,0.711358062680625
2019-01-14,2019,"G","Hard",126203,111815,0,-7.28504872238955,0.489517508328145,1,0.567942430388797
2019-01-14,2019,"G","Hard",105147,105554,0,-125.85830389116,0.326403122923614,0,0.438982896560873
2019-01-14,2019,"G","Hard",103819,104797,1,563.057126746406,0.962356235503053,1,0.942550542022691
2019-01-14,2019,"G","Hard",104731,105173,1,335.104907025032,0.873140788149899,1,0.858198134619773
2019-01-14,2019,"G","Hard",126207,105432,0,173.832419983589,0.731188292708481,1,0.743805228429885
2019-01-14,2019,"G","Hard",103852,111442,0,242.076203915558,0.801150831982076,0,0.796474599858359
2019-01-14,2019,"G","Hard",105449,104312,1,44.9382169270787,0.564313050288568,0,0.629702148064739
2019-01-14,2019,"G","Hard",105583,104655,0,46.3097239575063,0.566253157221991,0,0.624322432024129
2019-01-14,2019,"G","Hard",105341,106186,0,38.3605651466164,0.554982052769568,1,0.61613106528949
2019-01-14,2019,"G","Hard",104545,124187,1,264.917644096658,0.821271894994058,0,0.816578820778976
2019-01-14,2019,"G","Hard",106378,104607,1,14.0713128112218,0.520239182115929,0,0.597701725568453
2019-01-14,2019,"G","Hard",104898,104198,0,46.6299940750346,0.566705914992419,1,0.624651009718516
2019-01-14,2019,"G","Hard",106045,117360,0,129.55528603624,0.678258526241924,1,0.705188910202587
2019-01-14,2019,"G","Hard",106043,200484,1,238.692453932343,0.798029548117282,1,0.798766782043021
2019-01-14,2019,"G","Hard",200282,105155,1,208.146681230547,0.768202391167779,1,0.776427624171257
2019-01-14,2019,"G","Hard",105806,105967,0,-53.3271894133586,0.423853039311062,0,0.517999497716547
2019-01-14,2019,"G","Hard",105051,105526,0,-69.8478669170261,0.400813506537108,1,0.499937991341178
2019-01-14,2019,"G","Hard",104745,105902,1,691.934111438643,0.981712718964133,1,0.966479873986449
2019-01-14,2019,"G","Hard",104925,104542,1,329.025274847995,0.869213406282232,1,0.854930363224608
2019-01-14,2019,"G","Hard",133430,106121,1,135.242895075075,0.68536120021735,1,0.716266677962751
2019-01-14,2019,"G","Hard",105676,105657,1,245.415565084872,0.804195479218694,1,0.803453106056276
2019-01-14,2019,"G","Hard",106421,105992,1,269.318472444546,0.824960197644403,1,0.819444996246078
2019-01-14,2019,"G","Hard",104926,104919,1,211.543537686125,0.771666025789186,1,0.778996724678229
2019-01-14,2019,"G","Hard",105807,125802,1,165.3893348868,0.721528778151046,1,0.742290358253723
2019-01-14,2019,"G","Hard",104259,105311,1,84.288146801129,0.61897539656754,0,0.668873227590474
2019-01-14,2019,"G","Hard",105453,103333,1,398.96676251238,0.908598158440496,1,0.888923961911616
2019-01-14,2019,"G","Hard",100644,104871,1,293.066978009456,0.843833062831392,1,0.834310538543615
2019-01-14,2019,"G","Hard",104468,106109,1,353.41088886487,0.884361463294745,0,0.867667628331938
2019-01-14,2019,"G","Hard",111202,105732,1,44.0816616606928,0.563100380401621,0,0.628827918360429
2019-01-14,2019,"G","Hard",105683,104527,1,-7.36804806612759,0.489398115771127,1,0.57495626422056
2019-01-14,2019,"G","Hard",106432,105916,1,206.402795489419,0.766410029959227,1,0.775100458637842
2019-01-14,2019,"G","Hard",105936,105539,0,80.4951226136802,0.613812658673293,1,0.65869748354216
2019-01-14,2019,"G","Hard",106298,109739,1,180.694224459376,0.738880793871566,1,0.754890025587879
2019-01-14,2019,"G","Hard",106233,200615,1,412.223762402026,0.914741268523042,0,0.894522785972338
2019-01-14,2019,"G","Hard",105227,111456,1,361.758681893702,0.889185709630955,1,0.87180499446652
2019-01-14,2019,"G","Hard",104269,105430,1,230.74994325529,0.79055986686721,1,0.793123409485484
2019-01-14,2019,"G","Hard",105138,105357,1,180.612488442355,0.738790005302663,1,0.75482385410053
2019-01-14,2019,"G","Hard",111575,106415,1,226.940510841667,0.78690586177644,1,0.790375500876474
2019-01-14,2019,"G","Hard",126774,104678,1,292.643651045456,0.843511666376676,1,0.834054361284564
2019-01-14,2019,"G","Hard",105932,105882,1,335.947373430197,0.873676990284396,1,0.858646076628782
2019-01-14,2019,"G","Hard",104792,126203,1,139.600357832505,0.690744938334636,0,0.720124942512579
2019-01-14,2019,"G","Hard",103819,105554,1,490.989367780348,0.944083863647212,1,0.922898112153184
2019-01-14,2019,"G","Hard",104731,126207,1,348.292358598477,0.881313932736198,0,0.865075179953807
2019-01-14,2019,"G","Hard",104312,111442,0,185.412923516104,0.744087412039732,1,0.753339921821761
2019-01-14,2019,"G","Hard",105777,104655,1,158.652957490853,0.713670849742767,1,0.736612498438376
2019-01-14,2019,"G","Hard",124187,105341,0,-2.25021482024658,0.496761725840133,0,0.57333924191512
2019-01-14,2019,"G","Hard",104607,104898,0,191.662995592729,0.750878082145213,1,0.758385640961325
2019-01-14,2019,"G","Hard",106043,106045,1,141.064073363287,0.69254193350666,1,0.721413751825903
2019-01-14,2019,"G","Hard",200282,105967,1,99.8553912220127,0.639873199571289,1,0.683780242221845
2019-01-14,2019,"G","Hard",104745,105051,1,552.837847044063,0.960166194922892,1,0.940081154136723
2019-01-14,2019,"G","Hard",104925,133430,0,400.408716129282,0.90928516493784,1,0.886663208892499
2019-01-14,2019,"G","Hard",106421,105676,0,31.0961308165765,0.544631817515484,1,0.608587090477447
2019-01-14,2019,"G","Hard",104926,105807,0,95.4997182875004,0.634075399007715,0,0.673297984442402
2019-01-14,2019,"G","Hard",105453,105311,1,356.022585288739,0.885890085944315,1,0.868974069956102
2019-01-14,2019,"G","Hard",100644,106109,1,616.186970256778,0.971997442568908,1,0.953916642940641
2019-01-14,2019,"G","Hard",105683,105732,1,135.101009810771,0.685185047027087,1,0.71614050861775
2019-01-14,2019,"G","Hard",106432,105936,1,263.22961752018,0.819841126822245,1,0.815470119337416
2019-01-14,2019,"G","Hard",106298,200615,1,214.03935962236,0.774187589778467,1,0.780870837748533
2019-01-14,2019,"G","Hard",105227,104269,0,155.981278752975,0.710517846876431,1,0.728641964274528
2019-01-14,2019,"G","Hard",111575,105138,0,57.8407775893663,0.582478997507337,0,0.636078431302432
2019-01-14,2019,"G","Hard",126774,105932,0,86.9767064249904,0.62261869022427,1,0.665043494893246
2019-01-14,2019,"G","Hard",103819,126203,1,492.378676871441,0.944504551823901,1,0.923329506638909
2019-01-14,2019,"G","Hard",104312,126207,0,11.4615448489321,0.516488508047956,0,0.587945016988105
2019-01-14,2019,"G","Hard",105777,105341,1,303.642745522657,0.851688764073722,1,0.840607994500692
2019-01-14,2019,"G","Hard",106043,104607,1,-56.0648753123669,0.42000926338735,0,0.522249217592515
2019-01-14,2019,"G","Hard",104745,200282,0,464.959048636695,0.935626809276338,1,0.91209647829866
2019-01-14,2019,"G","Hard",104925,106421,0,218.109014125032,0.778256768962735,1,0.778948486650117
2019-01-14,2019,"G","Hard",105453,105807,0,265.549349722607,0.821805036750866,1,0.812615938708302
2019-01-14,2019,"G","Hard",100644,105683,0,190.54808926015,0.749675613446316,0,0.757490747718347
2019-01-14,2019,"G","Hard",106432,106298,0,207.501790856181,0.767540695460319,0,0.770854606522575
2019-01-14,2019,"G","Hard",105227,105138,0,45.1661296377088,0.564635589250585,0,0.623148241215075
2019-01-14,2019,"G","Hard",103819,126774,0,258.36413026588,0.815667181685512,0,0.807782190416115
2019-01-14,2019,"G","Hard",105777,126207,1,191.972655052394,0.751211375862256,0,0.763904729746036
2019-01-14,2019,"G","Hard",104745,104607,1,398.61001891971,0.9084274704013,1,0.888769764188874
2019-01-14,2019,"G","Hard",104925,105453,0,141.717103346091,0.69334177890279,1,0.716128571173052
2019-01-14,2019,"G","Hard",105683,106298,0,128.193319000852,0.676545240681456,0,0.703948632098039
2019-01-14,2019,"G","Hard",126774,105138,0,1.14731288727717,0.501651109967893,1,0.576971271584489
2019-01-14,2019,"G","Hard",104745,126207,1,554.216814051483,0.960468692577285,1,0.940420078671688
2019-01-14,2019,"G","Hard",104925,106298,0,441.129684176954,0.92685454067602,1,0.903370929110974
2019-01-14,2019,"G","Hard",104745,126774,0,319.978029604662,0.863178175563776,1,0.846215408381344
2019-01-14,2019,"G","Hard",104925,104745,0,-59.2009829243852,0.415618013962448,1,0.511580818171758
2019-02-01,2019,"D","Hard",105357,106000,0,42.4049226531783,0.560724361634816,1,0.714858622926314
2019-02-01,2019,"D","Clay",111797,200514,0,186.803782034286,0.745609024455968,1,0.823620698431346
2019-02-01,2019,"D","Clay",106329,105963,0,62.9800970211579,0.589655781673716,1,0.73093091493103
2019-02-01,2019,"D","Clay",133430,106110,0,239.019184972253,0.798332524937308,1,0.854397113106195
2019-02-01,2019,"D","Hard",106210,134868,0,117.786075468547,0.663299129776599,1,0.777107397615403
2019-02-01,2019,"D","Hard",104259,200436,0,214.095608198956,0.774244190593773,1,0.84160754698665
2019-02-01,2019,"D","Grass",104312,106368,0,76.6263927995576,0.608520386740894,1,0.723850636938733
2019-02-01,2019,"D","Hard",106415,104810,0,217.118388829886,0.777271109540618,0,0.843362478045858
2019-02-01,2019,"D","Hard",105311,122330,0,113.572964008808,0.657861440968583,0,0.77389843701321
2019-02-01,2019,"D","Hard",105583,122109,0,313.335987819304,0.858599579242594,1,0.891331045251563
2019-02-01,2019,"D","Hard",106421,105967,0,287.50444280929,0.839566829967938,1,0.879890962262571
2019-02-01,2019,"D","Clay",111200,105053,0,-53.4565994561717,0.423671133069706,0,0.620093702269917
2019-02-01,2019,"D","Hard",200282,105806,0,153.182580635371,0.707192977742805,1,0.802777725067983
2019-02-01,2019,"D","Clay",106426,110602,0,-115.502201537,0.339643316967489,0,0.554408583852175
2019-02-01,2019,"D","Clay",104297,106293,0,49.1321768706105,0.57023929754513,0,0.718850491493835
2019-02-01,2019,"D","Clay",105373,2e+05,0,291.849103899494,0.842906979493903,1,0.880864406703417
2019-02-01,2019,"D","Hard",104898,104586,0,-36.9897249512171,0.446967725419557,1,0.639167341526647
2019-02-01,2019,"D","Grass",126610,105432,0,164.070629714588,0.720000979090832,1,0.793508894799954
2019-02-01,2019,"D","Hard",106121,105585,0,125.014003989352,0.672527397426818,1,0.782536635312459
2019-02-01,2019,"D","Hard",105062,105155,0,170.350613596908,0.727230617263911,1,0.814399690451805
2019-02-01,2019,"D","Hard",105936,104797,0,68.6125323198501,0.597477465129006,1,0.737643557815735
2019-02-01,2019,"D","Hard",111575,144817,0,435.632212182421,0.924679900166247,1,0.933357744395351
2019-02-01,2019,"D","Clay",144707,123755,0,37.8936761884963,0.554318172617159,0,0.708807397329322
2019-02-01,2019,"D","Clay",111797,110602,0,106.616224870141,0.648791725067284,1,0.766786970110428
2019-02-01,2019,"D","Clay",106329,106293,0,108.130159142035,0.650774928325643,0,0.767969302012499
2019-02-01,2019,"D","Clay",133430,105373,0,-59.3080544729671,0.415468322040778,1,0.614044692183796
2019-02-01,2019,"D","Hard",100644,121896,0,561.062391030641,0.961938042256738,1,0.960387821588279
2019-02-01,2019,"D","Grass",104312,105432,0,185.293964832521,0.743956993289838,1,0.808308806052466
2019-02-01,2019,"D","Hard",106415,200059,0,221.733989105774,0.781836941275097,1,0.846011563605379
2019-02-01,2019,"D","Hard",105311,105062,0,-54.185555288881,0.422646858373237,0,0.621641426335269
2019-02-01,2019,"D","Hard",105583,104797,0,150.083633552752,0.703485437278079,0,0.80062237225469
2019-02-01,2019,"D","Hard",111575,105967,0,301.529874956135,0.850145856708267,1,0.886226062334014
2019-02-01,2019,"D","Clay",111200,105292,0,20.5699665807431,0.529568021842232,0,0.69292048792389
2019-02-01,2019,"D","Clay",106426,200514,0,-35.3146443728551,0.449352442245642,1,0.638605359050095
2019-02-01,2019,"D","Clay",2e+05,105613,0,102.025604003899,0.642746913379814,1,0.763176275984843
2019-02-01,2019,"D","Hard",106121,104810,0,112.490870445383,0.656458036607897,1,0.77306899084028
2019-02-01,2019,"D","Hard",105936,122109,0,231.864886586402,0.79162056677716,1,0.851697548585532
2019-02-04,2019,"A","Clay",105819,144719,0,-78.539739416857,0.388858954552793,0,0.44060309102877
2019-02-04,2019,"A","Hard",105936,103917,0,43.3974548771344,0.562131170267549,1,0.57554677510393
2019-02-04,2019,"A","Hard",105526,105882,0,259.912129332812,0.817003221073875,1,0.777604331486441
2019-02-04,2019,"A","Clay",106148,105413,0,-41.4764850515144,0.44059248408921,1,0.480868122472496
2019-02-04,2019,"A","Hard",104607,104897,0,196.241572290207,0.755775649008738,1,0.725757698634524
2019-02-04,2019,"A","Hard",105062,111513,0,101.446986302327,0.641981722932213,1,0.636101355421123
2019-02-04,2019,"A","Clay",104919,105643,1,14.6799555887856,0.521113591410735,0,0.549368766070722
2019-02-04,2019,"A","Hard",105332,105539,1,134.440347066202,0.684364120689069,1,0.675206871985733
2019-02-04,2019,"A","Hard",104792,104678,1,198.229462272399,0.757881637038109,1,0.733197204326351
2019-02-04,2019,"A","Clay",111815,106398,0,178.106313291457,0.735996374135385,0,0.707670923413456
2019-02-04,2019,"A","Hard",103333,104719,0,38.594909398975,0.555315198454326,0,0.570405995028898
2019-02-04,2019,"A","Hard",104898,106220,0,142.397606297114,0.694174037592001,1,0.676479460417113
2019-02-04,2019,"A","Clay",104665,132283,0,23.5317575587364,0.533813232988905,0,0.551774494252077
2019-02-04,2019,"A","Hard",125802,105341,0,34.0301336418629,0.548817288635034,1,0.565505595028149
2019-02-04,2019,"A","Hard",105373,105806,0,217.839984691366,0.777989396993638,1,0.744158545169459
2019-02-04,2019,"A","Clay",111797,106228,1,207.460237286286,0.76749801391106,0,0.73914411491725
2019-02-04,2019,"A","Hard",105732,106045,1,88.5006096841066,0.624677640970703,1,0.629680541678304
2019-02-04,2019,"A","Hard",105932,104978,1,269.754415647396,0.825322274840742,0,0.789817061177667
2019-02-04,2019,"A","Clay",105550,103893,1,159.905397623731,0.715141826488529,1,0.697089143981153
2019-02-04,2019,"A","Hard",104871,104629,1,258.767624506622,0.816016153367326,1,0.781726554544545
2019-02-04,2019,"A","Hard",104312,105916,1,-43.5235974679745,0.437690107109277,0,0.488313921227831
2019-02-04,2019,"A","Clay",105077,106198,0,142.985139735113,0.694891576531326,1,0.674903057564918
2019-02-04,2019,"A","Hard",126156,104327,0,-189.061951085662,0.251933243391265,1,0.329051133239694
2019-02-04,2019,"A","Hard",105173,120424,0,125.014312217387,0.672527788189115,0,0.659617115945371
2019-02-04,2019,"A","Clay",105561,205734,0,12.5419815579182,0.518041526292705,1,0.539856071673677
2019-02-04,2019,"A","Hard",200005,104542,0,-315.976900527513,0.139564805525396,0,0.219646698352468
2019-02-04,2019,"A","Clay",104291,104122,1,108.108792153475,0.6507469743684,1,0.647225823921689
2019-02-04,2019,"A","Hard",104259,105430,1,190.03791010441,0.749124078284499,0,0.726128359739827
2019-02-04,2019,"A","Clay",104655,105487,0,213.560259343664,0.773705081921593,1,0.738697221083485
2019-02-04,2019,"A","Hard",128034,105208,0,-207.135092609746,0.232836145455607,0,0.31183619261317
2019-02-04,2019,"A","Hard",105657,104527,0,-189.052392916507,0.251943612995237,1,0.329060365409922
2019-02-04,2019,"A","Clay",105379,109739,0,120.960004232861,0.667367314583961,1,0.653415543272718
2019-02-04,2019,"A","Hard",104571,105074,0,58.6931501798224,0.583671796264253,1,0.591806067297797
2019-02-04,2019,"A","Hard",126610,104797,0,60.6924217647045,0.58646568584138,1,0.593917316792799
2019-02-04,2019,"A","Clay",106065,144719,1,90.3159877667736,0.627124527120243,0,0.629255562872073
2019-02-04,2019,"A","Hard",105676,105936,1,247.652365899344,0.806215071191446,0,0.773315456043464
2019-02-04,2019,"A","Hard",126774,105526,1,163.011950522375,0.718770735828179,1,0.701997931480086
2019-02-04,2019,"A","Clay",106148,105643,0,-27.6666278688174,0.460268466852756,0,0.49596322628382
2019-02-04,2019,"A","Hard",105332,104607,1,-103.503250393106,0.355302287349248,0,0.423319576787893
2019-02-04,2019,"A","Hard",104792,105062,1,88.3628978926156,0.624491762056177,1,0.629540042098393
2019-02-04,2019,"A","Clay",105807,106398,1,258.346404786208,0.815651839637618,0,0.779739560270992
2019-02-04,2019,"A","Hard",133430,104719,1,178.870059128163,0.736849747436493,1,0.716305434440244
2019-02-04,2019,"A","Hard",106421,104898,1,312.963017463021,0.858338720308575,1,0.819484460216992
2019-02-04,2019,"A","Clay",106228,132283,0,-85.4571381849435,0.379438818771877,1,0.433157990979292
2019-02-04,2019,"A","Hard",105732,125802,1,124.618412968626,0.672025681893915,1,0.665713322866042
2019-02-04,2019,"A","Hard",105373,104978,0,276.407507096348,0.830774958372314,1,0.78983418279713
2019-02-04,2019,"A","Clay",105550,105077,1,65.7742731166002,0.593541946052713,1,0.603879377331836
2019-02-04,2019,"A","Hard",104871,126156,1,236.374698709143,0.795870541625276,1,0.764549926914222
2019-02-04,2019,"A","Hard",105916,120424,0,166.812002960848,0.723171271604206,1,0.699401875040118
2019-02-04,2019,"A","Clay",106043,105561,1,247.818267473676,0.80636423040902,1,0.771727113026732
2019-02-04,2019,"A","Hard",104468,104542,1,-56.1390824598643,0.419905207533981,0,0.47453581096126
2019-02-04,2019,"A","Hard",105138,105051,1,231.712504552124,0.791475832143414,1,0.760858426978372
2019-02-04,2019,"A","Clay",104291,104655,1,-33.7829741227247,0.451535036287072,0,0.496524467604163
2019-02-04,2019,"A","Hard",105208,105430,0,166.977683230947,0.723362162999997,0,0.699554243206288
2019-02-04,2019,"A","Hard",104269,105657,1,121.881201343661,0.668543435104659,1,0.663043113257249
2019-02-04,2019,"A","Clay",104926,105379,1,189.097169622271,0.748104962558008,0,0.723359460894749
2019-02-04,2019,"A","Hard",106298,104571,1,99.4004753365116,0.639269535928423,0,0.640729769701471
2019-02-04,2019,"A","Hard",111575,126610,1,300.694039417911,0.849531854170159,0,0.811407592111374
2019-02-04,2019,"A","Clay",105643,144719,0,25.9271938739514,0.537243123677272,1,0.554364951536619
2019-02-04,2019,"A","Hard",105936,104607,0,-157.448474845628,0.287748083320299,0,0.360274631233973
2019-02-04,2019,"A","Hard",126774,104792,0,94.4141887730566,0.632624315386581,0,0.628949872492657
2019-02-04,2019,"A","Clay",106228,106398,0,-10.0876029723388,0.485486850321325,1,0.515185309355823
2019-02-04,2019,"A","Hard",133430,105732,0,47.6286588575897,0.568116983932917,0,0.58006250846123
2019-02-04,2019,"A","Hard",106421,105373,1,122.991647531283,0.669958382672888,1,0.664127644528257
2019-02-04,2019,"A","Clay",106043,105550,0,86.6644292825513,0.622196221993413,0,0.618702658110795
2019-02-04,2019,"A","Hard",104871,104542,1,-86.4299790774128,0.378121079081231,0,0.441650531462087
2019-02-04,2019,"A","Hard",105138,105916,1,178.106329242637,0.735996391976997,0,0.715625955798028
2019-02-04,2019,"A","Clay",105379,104655,0,-39.1677708379111,0.443870626987757,0,0.483390019058976
2019-02-04,2019,"A","Hard",105430,104571,0,-62.9592924246451,0.410373196201461,1,0.4598896640739
2019-02-04,2019,"A","Hard",104269,126610,1,132.038112713278,0.68136946871119,0,0.672897846864165
2019-02-04,2019,"A","Clay",105643,106228,0,137.710232771136,0.688415888729914,0,0.669819363542639
2019-02-04,2019,"A","Hard",105732,104607,1,-108.628338991548,0.348573608241938,1,0.41785553647981
2019-02-04,2019,"A","Hard",106421,104792,0,137.082221328301,0.687639918805434,1,0.67136934500981
2019-02-04,2019,"A","Clay",105550,104655,1,-20.4422070246856,0.470615199940242,1,0.511113880616558
2019-02-04,2019,"A","Hard",105430,104542,0,-274.464177090115,0.170803582123642,0,0.252351440382167
2019-02-04,2019,"A","Hard",105916,126610,0,64.7469325859072,0.592114445391619,1,0.598188201256579
2019-02-04,2019,"A","Clay",105550,106228,1,193.562120237002,0.752917455440949,0,0.727251304026023
2019-02-04,2019,"A","Hard",105732,104542,1,-119.012100138877,0.33512650119087,0,0.406847933592881
2019-02-04,2019,"A","Hard",106421,105916,1,221.921674685159,0.782021167621604,1,0.752977732987402
2019-02-11,2019,"A","Hard",111575,134868,1,429.183504188915,0.922053377336202,0,0.883017170528629
2019-02-11,2019,"A","Clay",105643,144719,0,25.9271938739514,0.537243123677272,0,0.554364951536619
2019-02-11,2019,"A","Hard",106368,105359,0,98.9135175073015,0.638622865243195,0,0.633531866942281
2019-02-11,2019,"A","Hard",105341,104542,0,-277.660646749366,0.168213307768858,0,0.249722150092185
2019-02-11,2019,"A","Hard",105430,103333,0,-62.8055860796396,0.410587306773186,1,0.460056701120711
2019-02-11,2019,"A","Hard",104269,105051,0,120.897355436858,0.667287252942414,1,0.655561585136001
2019-02-11,2019,"A","Clay",105583,104919,1,107.923862859272,0.650504992178542,0,0.647041074444624
2019-02-11,2019,"A","Hard",105023,144750,1,200.785072664272,0.76057086215165,1,0.735378646067894
2019-02-11,2019,"A","Hard",106421,104871,1,197.346239800375,0.756947471643566,1,0.732440640745232
2019-02-11,2019,"A","Hard",126774,106000,1,224.16472398281,0.784214188360173,0,0.754798481393928
2019-02-11,2019,"A","Clay",106426,2e+05,0,-57.4088843922905,0.418125757535687,1,0.463497966560655
2019-02-11,2019,"A","Hard",105062,104898,0,87.5178982421046,0.623350407383625,1,0.62188186170551
2019-02-11,2019,"A","Clay",106121,106148,0,30.0052447205676,0.543073983776087,0,0.558768151108966
2019-02-11,2019,"A","Hard",105992,105166,0,182.935032314107,0.74136182006587,1,0.714019924667968
2019-02-11,2019,"A","Hard",104312,105376,0,12.3414526971394,0.517753311826712,1,0.542062900495365
2019-02-11,2019,"A","Clay",111797,132283,1,122.003099101343,0.668698908574217,0,0.660977663051779
2019-02-11,2019,"A","Hard",105815,103893,1,78.0317920179095,0.610445942959063,0,0.618938708360736
2019-02-11,2019,"A","Hard",105676,104792,1,105.986090511724,0.647964749109863,0,0.647334854178494
2019-02-11,2019,"A","Clay",104291,103970,1,28.3998614488805,0.540779900741125,0,0.564180112293271
2019-02-11,2019,"A","Hard",105173,124187,1,127.107756863955,0.675176255489959,0,0.668132552078088
2019-02-11,2019,"A","Hard",133430,105015,1,280.0675214718,0.83371636086973,1,0.797209227383239
2019-02-11,2019,"A","Clay",105077,104297,0,91.5078748890533,0.628727507092378,1,0.623688817358588
2019-02-11,2019,"A","Hard",111456,104797,0,-13.0468686627439,0.481232867326384,0,0.514390412988841
2019-02-11,2019,"A","Hard",104468,104607,0,-45.755321312535,0.434530848843025,0,0.478632941780704
2019-02-11,2019,"A","Clay",105379,105819,0,141.593256943448,0.69319017830164,1,0.67356556440267
2019-02-11,2019,"A","Hard",104198,200615,0,77.467018136226,0.609672548897764,1,0.61148801905958
2019-02-11,2019,"A","Hard",105332,104527,0,-137.343969278457,0.312036537646827,0,0.38078535135378
2019-02-11,2019,"A","Hard",105683,104259,1,100.515176657599,0.640747934782319,1,0.641851604756369
2019-02-11,2019,"A","Clay",105311,106228,1,177.960772192414,0.735833552255406,1,0.713504541337761
2019-02-11,2019,"A","Hard",111442,111511,1,-58.7716573653272,0.41621839087205,1,0.471664806452521
2019-02-11,2019,"A","Hard",105932,111202,1,56.2019602209123,0.580182956285928,1,0.596172338684094
2019-02-11,2019,"A","Clay",104655,105656,0,145.195643638746,0.697582719031644,1,0.677021327921989
2019-02-11,2019,"A","Hard",104629,111153,0,-4.77855517254898,0.49312353990207,0,0.52342060286821
2019-02-11,2019,"A","Hard",105916,105373,0,-98.9300271538759,0.361355202017024,1,0.421124957158942
2019-02-11,2019,"A","Clay",109739,105487,0,53.432484272892,0.576294970800612,1,0.58386429884339
2019-02-11,2019,"A","Hard",106071,105041,0,117.519221989849,0.662955974166817,1,0.652216811335453
2019-02-11,2019,"A","Hard",105657,105208,0,-58.1089413193179,0.417145633016,0,0.465164828259112
2019-02-11,2019,"A","Hard",105453,105732,1,306.320271640781,0.85362513276383,1,0.81514539250065
2019-02-11,2019,"A","Clay",104926,144719,1,252.150687148862,0.810228568227652,0,0.775048946208161
2019-02-11,2019,"A","Hard",126207,105359,1,164.078365457927,0.720009956336176,0,0.702973021291601
2019-02-11,2019,"A","Hard",104542,134868,0,304.241811319107,0.852123833305634,1,0.809335764340322
2019-02-11,2019,"A","Clay",105550,104919,0,41.1719318770799,0.558975371070088,1,0.570775988822972
2019-02-11,2019,"A","Hard",105023,105430,1,211.197425068047,0.771314782501937,1,0.744147680534489
2019-02-11,2019,"A","Hard",106421,104269,1,154.630494557787,0.708915901311822,1,0.694270636323143
2019-02-11,2019,"A","Clay",106065,106426,1,216.757215784814,0.776910970353324,1,0.74690983159696
2019-02-11,2019,"A","Hard",105449,111790,1,250.228828497292,0.808521683531982,0,0.775285314947996
2019-02-11,2019,"A","Hard",105062,106000,0,41.3876373171379,0.559281454947096,0,0.573397331490607
2019-02-11,2019,"A","Clay",132283,106148,0,-24.5864667173753,0.464676174910257,0,0.499332027335326
2019-02-11,2019,"A","Hard",105992,103893,0,154.616251644395,0.70889898229318,0,0.688066497397705
2019-02-11,2019,"A","Hard",104792,104312,0,128.363050824832,0.67675901445485,1,0.662898763208842
2019-02-11,2019,"A","Clay",105077,103970,0,-24.0336445696805,0.465467867472899,1,0.499936669361294
2019-02-11,2019,"A","Hard",124187,104797,0,-43.4660932568045,0.437771578805122,1,0.481132698369571
2019-02-11,2019,"A","Hard",133430,104607,1,-60.999680133958,0.413105423042045,1,0.469236449987182
2019-02-11,2019,"A","Clay",106043,105379,1,105.389993095777,0.647181624984908,1,0.644505259728947
2019-02-11,2019,"A","Hard",105357,104198,1,135.16517765318,0.685264719198126,0,0.675901915155422
2019-02-11,2019,"A","Hard",105683,104527,1,-7.36804806612759,0.489398115771127,0,0.527827694200522
2019-02-11,2019,"A","Clay",105311,104655,1,-36.0435550692728,0.448314440883529,0,0.494052209597514
2019-02-11,2019,"A","Hard",111442,111153,1,0.477113465211005,0.500686621038804,1,0.53637266448022
2019-02-11,2019,"A","Hard",105932,105916,1,92.2769357049242,0.629760324336874,0,0.633524689933258
2019-02-11,2019,"A","Clay",106233,109739,1,378.878627239041,0.898530345683247,1,0.857107634304888
2019-02-11,2019,"A","Hard",104545,106071,1,134.928315012989,0.684970571322023,1,0.675674871687457
2019-02-11,2019,"A","Hard",105453,105208,1,294.794665361072,0.845139174644841,1,0.807426312138423
2019-02-11,2019,"A","Clay",105550,144719,0,81.7790813398169,0.615563204508978,1,0.613647891765412
2019-02-11,2019,"A","Hard",105023,105359,1,266.802169714962,0.822858695495794,1,0.787664912143716
2019-02-11,2019,"A","Hard",106421,104542,1,110.916260722963,0.654410985200219,1,0.652243162959073
2019-02-11,2019,"A","Clay",106065,106148,1,92.0554217616395,0.629462961408518,1,0.631029155052293
2019-02-11,2019,"A","Hard",103893,111790,0,46.8011596344054,0.566947841807756,0,0.579180392589567
2019-02-11,2019,"A","Hard",104792,106000,0,129.750535209753,0.678503748654692,1,0.664253884816833
2019-02-11,2019,"A","Clay",106043,105077,1,152.438702399151,0.706305491151252,1,0.690147361503848
2019-02-11,2019,"A","Hard",124187,104198,0,-31.2341107545194,0.455171202583002,1,0.494502537581051
2019-02-11,2019,"A","Hard",133430,104527,1,-94.8403990193085,0.366805659010247,0,0.432597471296678
2019-02-11,2019,"A","Clay",106233,104655,1,218.750852168269,0.778893722387367,1,0.74855505755142
2019-02-11,2019,"A","Hard",104545,111442,0,324.94871747332,0.866522503592849,1,0.822924987643606
2019-02-11,2019,"A","Hard",105453,105916,1,298.3135854641,0.847771832560853,1,0.809808759318869
2019-02-11,2019,"A","Clay",106065,105550,1,8.53690642695665,0.512283124071883,1,0.54270694669745
2019-02-11,2019,"A","Hard",105023,111790,1,296.552870978316,0.846459184118881,0,0.808619516308375
2019-02-11,2019,"A","Hard",106421,104792,1,137.082221328301,0.687639918805434,0,0.677736435548159
2019-02-11,2019,"A","Clay",106233,106043,0,152.528629910403,0.706412862965801,0,0.683996160344838
2019-02-11,2019,"A","Hard",104545,124187,1,264.917644096658,0.821271894994058,0,0.786282723682524
2019-02-11,2019,"A","Hard",105453,104527,1,163.851213763883,0.719746276049153,0,0.702765476765856
2019-02-11,2019,"A","Clay",106065,106043,0,-78.1275228555946,0.389423019402652,1,0.441047632841291
2019-02-11,2019,"A","Hard",124187,111790,0,79.9087614307718,0.613012232571785,1,0.614022823708353
2019-02-11,2019,"A","Hard",104792,104527,0,-49.6229183433593,0.429068543487828,1,0.474412156898796
2019-02-18,2019,"A","Hard",104545,105166,1,326.344026562736,0.867448768133219,1,0.827983072800589
2019-02-18,2019,"A","Clay",104926,2e+05,1,321.183030774612,0.86399533078091,0,0.823327518986652
2019-02-18,2019,"A","Hard",105041,133297,0,15.5896428280407,0.522420254746377,1,0.545588259143033
2019-02-18,2019,"A","Hard",105208,200005,0,208.490406668345,0.76855453608717,0,0.73629353048873
2019-02-18,2019,"A","Clay",106426,109739,0,-68.53474131177,0.402630234889007,1,0.451417900131207
2019-02-18,2019,"A","Hard",103852,104797,0,138.579037282091,0.689487639983568,0,0.672812531678144
2019-02-18,2019,"A","Hard",104897,104327,0,-72.8826067366426,0.396625391170472,1,0.449126440298438
2019-02-18,2019,"A","Clay",104919,144719,0,40.607149462737,0.558173738645819,0,0.570170536740884
2019-02-18,2019,"A","Hard",105173,111790,1,207.016518294727,0.767041909531837,1,0.740649648464172
2019-02-18,2019,"A","Hard",104269,106078,1,93.7695869368968,0.631761502141957,1,0.635039505365142
2019-02-18,2019,"A","Clay",105583,111815,1,72.1201349553976,0.602323752331436,0,0.610500977088313
2019-02-18,2019,"A","Hard",126207,105554,1,-1.61354693235285,0.497677935998449,0,0.534097389905325
2019-02-18,2019,"A","Clay",106043,104655,1,66.2222222578657,0.5941638833077,0,0.604348073053886
2019-02-18,2019,"A","Hard",144750,105985,0,-21.4159255803752,0.469218979798807,1,0.505240643365392
2019-02-18,2019,"A","Hard",105062,106045,0,92.98385132503,0.630708637253156,1,0.627488336665192
2019-02-18,2019,"A","Clay",106228,111200,0,-19.8162415899978,0.471513019338245,1,0.50454927644443
2019-02-18,2019,"A","Hard",111442,104719,0,-89.6884345368237,0.373720601651309,1,0.431011481670063
2019-02-18,2019,"A","Hard",104542,126094,0,161.192972257589,0.716649318477311,0,0.694208379549533
2019-02-18,2019,"A","Clay",105077,132283,0,42.330708935458,0.560619132090652,1,0.572017544029957
2019-02-18,2019,"A","Hard",104312,106071,1,-4.6074789442273,0.493369693465615,1,0.530836632414873
2019-02-18,2019,"A","Hard",104871,126610,1,89.3223674706906,0.625786057652408,0,0.630518477792183
2019-02-18,2019,"A","Clay",104291,105643,1,42.5111203678264,0.56087493261474,0,0.57929514233512
2019-02-18,2019,"A","Hard",105357,106401,1,-119.969503625147,0.333899618747231,0,0.405837526732521
2019-02-18,2019,"A","Hard",104468,126156,1,266.665595326692,0.822744070247357,1,0.787564962708863
2019-02-18,2019,"A","Clay",111797,106148,1,97.4166323839672,0.636631890825727,0,0.636473241361305
2019-02-18,2019,"A","Hard",105430,103333,0,-62.8055860796396,0.410587306773186,1,0.460056701120711
2019-02-18,2019,"A","Hard",106000,105376,0,10.9539683122184,0.515758806422715,0,0.540555716205426
2019-02-18,2019,"A","Clay",105819,106198,0,48.4405920950396,0.569263396350175,0,0.578548553979074
2019-02-18,2019,"A","Hard",103893,105065,0,-0.165870569125445,0.499761293080739,1,0.52845205174711
2019-02-18,2019,"A","Hard",105332,104620,0,57.5997730573042,0.582141563280748,1,0.590650010829212
2019-02-18,2019,"A","Clay",105155,106329,0,-33.482240618385,0.451963796213074,0,0.489603882201246
2019-02-18,2019,"A","Hard",105449,105359,1,220.478127233938,0.78060133856711,1,0.751801169299485
2019-02-18,2019,"A","Clay",106065,105379,1,27.2624702401822,0.539153523026675,0,0.562956213011497
2019-02-18,2019,"A","Hard",126203,111456,1,83.725318537709,0.61821098885357,0,0.624795905739632
2019-02-18,2019,"A","Hard",106210,106296,0,190.053778850405,0.749141245551432,0,0.720336806710644
2019-02-18,2019,"A","Clay",105311,105550,1,-15.6013480445872,0.477562933988401,1,0.516404451618612
2019-02-18,2019,"A","Hard",104198,111577,0,-49.2292046016428,0.429623829271522,1,0.474841667512989
2019-02-18,2019,"A","Hard",104660,106005,0,61.8199259519204,0.588038881858067,1,0.59510644796367
2019-02-18,2019,"A","Clay",134770,104122,0,5.04859582800668,0.507265002104162,1,0.531702426143059
2019-02-18,2019,"A","Hard",124187,105815,0,-44.9241902215431,0.435706801894787,1,0.479540390598041
2019-02-18,2019,"A","Hard",105936,128034,0,146.789350475957,0.699514584594,0,0.680670128290352
2019-02-18,2019,"A","Clay",106121,205734,0,120.182549134927,0.666373087555452,1,0.652644864683797
2019-02-18,2019,"A","Hard",105223,106415,1,331.570154821293,0.870869794915987,1,0.831215155528193
2019-02-18,2019,"A","Clay",106233,111513,1,302.055838250988,0.85053116897489,0,0.810824415425866
2019-02-18,2019,"A","Hard",104545,105041,1,252.447537002838,0.810491171812523,1,0.776971883862526
2019-02-18,2019,"A","Hard",106432,200005,1,411.374282054735,0.914359124574837,0,0.874725523562615
2019-02-18,2019,"A","Clay",106426,2e+05,0,-57.4088843922905,0.418125757535687,0,0.463497966560655
2019-02-18,2019,"A","Hard",105173,104797,1,83.6416636071503,0.618097322455065,1,0.624710105146396
2019-02-18,2019,"A","Hard",104269,104897,1,162.911099602711,0.71865337001638,0,0.701905621884639
2019-02-18,2019,"A","Clay",111815,144719,0,76.4108773666112,0.608224805564293,0,0.60806517723048
2019-02-18,2019,"A","Hard",144750,105554,0,-99.6748153395902,0.360366367937118,0,0.420330830508976
2019-02-18,2019,"A","Hard",133430,105062,1,43.1454172166664,0.561774027459298,0,0.582348045640942
2019-02-18,2019,"A","Clay",104655,106228,0,214.004327261687,0.774152332959542,1,0.739072048696353
2019-02-18,2019,"A","Hard",104312,111442,1,185.412923516104,0.744087412039732,1,0.722086130849196
2019-02-18,2019,"A","Hard",126610,126094,0,-14.5593742905141,0.479059632130213,0,0.512737347490525
2019-02-18,2019,"A","Clay",105643,105077,0,9.92238565073467,0.514275579903524,0,0.537007856301946
2019-02-18,2019,"A","Hard",106401,105430,0,280.922107553349,0.834397233840823,0,0.793094031217798
2019-02-18,2019,"A","Hard",104468,105376,1,110.731381667446,0.654170257950242,1,0.65205967838531
2019-02-18,2019,"A","Clay",106198,106148,0,-125.240897517031,0.327185018491451,1,0.391019200627775
2019-02-18,2019,"A","Hard",105449,103893,1,203.427668862887,0.763330021549205,1,0.737622294623565
2019-02-18,2019,"A","Hard",105676,105332,1,193.707141446822,0.753072724507014,1,0.729309082481834
2019-02-18,2019,"A","Clay",105379,106329,0,79.5586019210036,0.612533947532799,1,0.611342213116978
2019-02-18,2019,"A","Hard",111456,104198,0,-0.814886160458855,0.498827286696908,1,0.527744440796193
2019-02-18,2019,"A","Hard",106296,104660,0,-114.257715906554,0.341251904009685,0,0.404869739367503
2019-02-18,2019,"A","Clay",105311,134770,1,100.79961537892,0.641124751994864,0,0.639890715852944
2019-02-18,2019,"A","Hard",105223,124187,1,509.482198419045,0.949444977788675,1,0.914715496327873
2019-02-18,2019,"A","Hard",126774,128034,1,382.869814636633,0.900605973051236,1,0.860409747863352
2019-02-18,2019,"A","Clay",106121,111513,0,9.34950844391778,0.513451777349831,0,0.536384654022057
2019-02-18,2019,"A","Hard",104545,105173,0,137.809887232703,0.68853892458235,1,0.672071345709185
2019-02-18,2019,"A","Hard",200005,104897,0,-109.351567089976,0.347628859092763,1,0.410051916131093
2019-02-18,2019,"A","Clay",144719,2e+05,0,69.0323436257495,0.598058522549597,0,0.600345715244101
2019-02-18,2019,"A","Hard",104312,105554,1,9.84799791657929,0.514168613962321,0,0.546551112574951
2019-02-18,2019,"A","Hard",105062,126094,0,46.6641137596355,0.566754142577962,1,0.579034252434843
2019-02-18,2019,"A","Clay",104655,105077,0,86.2164801412857,0.621589884118837,1,0.618240225404947
2019-02-18,2019,"A","Hard",105449,105430,1,164.873382587023,0.720931626347623,0,0.703698754981941
2019-02-18,2019,"A","Hard",105676,104468,0,135.95921236625,0.686249706476558,1,0.670284442007865
2019-02-18,2019,"A","Clay",105379,106198,0,190.033849038488,0.749119684780729,1,0.718347911556168
2019-02-18,2019,"A","Hard",105223,111456,1,479.062973824985,0.940347204178832,0,0.903744250382618
2019-02-18,2019,"A","Hard",126774,104660,1,330.500026962129,0.870175467378125,1,0.830557302438275
2019-02-18,2019,"A","Clay",111513,134770,0,53.5381843654745,0.57644353676954,1,0.583976650268894
2019-02-18,2019,"A","Hard",104545,105554,1,149.383791873795,0.702644405865365,0,0.689376822941752
2019-02-18,2019,"A","Hard",105062,200005,0,201.448042029559,0.761265140553385,1,0.730267904627431
2019-02-18,2019,"A","Clay",104655,2e+05,0,171.253631990252,0.72826054418919,0,0.701430461829876
2019-02-18,2019,"A","Hard",105430,111456,0,-24.9725401145636,0.464123387324473,1,0.501350828607278
2019-02-18,2019,"A","Hard",126774,105676,0,-11.5719017386675,0.483352849998481,1,0.51600214836413
2019-02-18,2019,"A","Clay",105379,111513,0,44.1372152448075,0.563179053544636,0,0.57395128629374
2019-02-18,2019,"A","Hard",105430,105554,0,-110.087167743365,0.346669176541442,1,0.409273625421199
2019-02-18,2019,"A","Hard",126774,105062,1,182.777086665672,0.741187446158299,1,0.719766067941074
2019-02-18,2019,"A","Clay",111513,2e+05,0,87.9486459075333,0.623932397145778,1,0.620027202557883
2019-02-25,2019,"A","Hard",100644,200615,1,532.780767883362,0.955507953083652,1,0.9223383392367
2019-02-25,2019,"A","Hard",103819,104259,1,411.038625419304,0.914207699936338,1,0.874564517668557
2019-02-25,2019,"A","Hard",105815,103970,0,-40.132977058902,0.442499519466048,0,0.484773999596018
2019-02-25,2019,"A","Hard",104269,105341,0,233.946412914541,0.793590218565214,1,0.757341837477459
2019-02-25,2019,"A","Clay",111513,105561,0,98.2910591330913,0.637795520614527,1,0.630627849668857
2019-02-25,2019,"A","Hard",105583,103852,0,11.5045962706608,0.516550396394831,0,0.541153937834282
2019-02-25,2019,"A","Hard",105916,106000,0,44.9110818528954,0.56427464546998,1,0.577163677094857
2019-02-25,2019,"A","Clay",105077,105487,0,127.343779202379,0.675474155362348,1,0.659712987533968
2019-02-25,2019,"A","Hard",200282,111797,1,62.482157828648,0.588962052093902,1,0.602769256263478
2019-02-25,2019,"A","Hard",105683,105526,1,110.85263202655,0.654328144494209,0,0.652180019289985
2019-02-25,2019,"A","Clay",104655,2e+05,1,171.253631990252,0.72826054418919,0,0.707468904833665
2019-02-25,2019,"A","Hard",106043,105657,1,99.1467987187898,0.638932721086504,1,0.640474254032697
2019-02-25,2019,"A","Hard",111575,105932,1,143.67017112708,0.695726993351227,0,0.6839989176574
2019-02-25,2019,"A","Hard",111815,106415,0,-56.4824517435936,0.419423815969025,1,0.466935577724642
2019-02-25,2019,"A","Hard",105138,106368,0,298.25631951017,0.847729284870812,1,0.805262165847118
2019-02-25,2019,"A","Clay",109739,106148,0,-56.167052711404,0.41986598851778,0,0.464849230477228
2019-02-25,2019,"A","Hard",104607,125802,0,233.246751960173,0.792929702833412,1,0.756778861891485
2019-02-25,2019,"A","Clay",111200,205734,0,-0.0500588979612075,0.499927959455363,0,0.526144554250201
2019-02-25,2019,"A","Hard",126207,111442,1,173.951378667172,0.731322866500187,1,0.711912239989778
2019-02-25,2019,"A","Hard",106432,106210,1,281.853117377782,0.835136450498616,1,0.798469218534962
2019-02-25,2019,"A","Clay",106121,105477,1,58.627523513336,0.583579993807031,0,0.596376345923382
2019-02-25,2019,"A","Hard",105357,104719,1,136.741927247537,0.687219011734224,1,0.677411187678307
2019-02-25,2019,"A","Hard",106421,105575,1,307.430553269627,0.854421916815078,0,0.815876205937477
2019-02-25,2019,"A","Clay",144719,106203,1,77.5926263310294,0.609844602967989,1,0.616178813184757
2019-02-25,2019,"A","Hard",105376,105943,0,167.364530269023,0.723807558883456,1,0.699909836174297
2019-02-25,2019,"A","Hard",126610,106045,0,31.7603632748803,0.545579945238642,0,0.563064103570086
2019-02-25,2019,"A","Clay",106426,105155,0,-76.4539030052426,0.391716178072594,1,0.442853458619502
2019-02-25,2019,"A","Hard",105023,104198,0,185.409998793025,0.744084206081644,1,0.716225790571238
2019-02-25,2019,"A","Hard",104571,105633,0,130.25923298323,0.6791421832861,1,0.66475004190633
2019-02-25,2019,"A","Clay",105643,132283,0,52.2530945861927,0.574636358756662,0,0.582610105763885
2019-02-25,2019,"A","Hard",104545,105173,1,137.809887232703,0.68853892458235,1,0.67843134978234
2019-02-25,2019,"A","Hard",105227,104792,1,138.433005523488,0.689307637893484,0,0.679025794968087
2019-02-25,2019,"A","Hard",105449,126204,1,229.545700072754,0.789409759292535,1,0.759129312096446
2019-02-25,2019,"A","Hard",126774,105051,1,232.859817439401,0.792563746773895,1,0.761770531887858
2019-02-25,2019,"A","Clay",106228,103893,1,-33.6567226132704,0.451715026088966,1,0.49666254722905
2019-02-25,2019,"A","Hard",104527,105992,0,181.859169459605,0.740172541098778,1,0.713057840426482
2019-02-25,2019,"A","Hard",104898,106078,0,-64.5629359683367,0.408141384832563,0,0.458147483479402
2019-02-25,2019,"A","Clay",106198,124079,0,-29.7400447834723,0.457304862020803,1,0.493695698440629
2019-02-25,2019,"A","Hard",104312,106401,0,-160.986941893404,0.283591577437743,0,0.356714479159972
2019-02-25,2019,"A","Hard",128034,144895,0,44.4912890953378,0.56368040632592,1,0.576715405910848
2019-02-25,2019,"A","Clay",134770,106329,0,-18.1167976892784,0.473951436995241,1,0.50640779700622
2019-02-25,2019,"A","Hard",104745,104999,1,611.060496887253,0.97118293149902,1,0.943588672996522
2019-02-25,2019,"A","Hard",105453,105332,1,301.19518304234,0.849900241046156,1,0.811742867801635
2019-02-25,2019,"A","Hard",100644,103970,1,401.490693221211,0.909797607388469,1,0.869909949535764
2019-02-25,2019,"A","Hard",103819,104269,1,370.326592268423,0.893953039648082,1,0.85368761602042
2019-02-25,2019,"A","Clay",111513,104291,-1,-49.522011959994,0.42921084282193,1,0.464866126644819
2019-02-25,2019,"A","Hard",200282,103852,1,21.1329401664013,0.530375294625471,1,0.558756361776882
2019-02-25,2019,"A","Hard",105916,105526,0,-16.2416916075397,0.476643338291867,1,0.510898363618317
2019-02-25,2019,"A","Clay",2e+05,105077,0,-85.0371518489662,0.380008253061097,1,0.433609191832938
2019-02-25,2019,"A","Hard",106043,111815,1,92.032633255757,0.629432364275742,0,0.63327650740658
2019-02-25,2019,"A","Hard",105138,105932,0,85.8293935377133,0.62106562255912,0,0.620143260134713
2019-02-25,2019,"A","Clay",105550,106148,1,83.5185153346829,0.617929970831961,1,0.62229149815708
2019-02-25,2019,"A","Hard",126207,111456,1,83.501080696449,0.61790627587038,0,0.624565898789964
2019-02-25,2019,"A","Hard",106432,104607,1,105.781142674552,0.647695587982196,1,0.647130131765966
2019-02-25,2019,"A","Clay",105477,205734,0,61.5550256215913,0.587669429287907,1,0.592471740496526
2019-02-25,2019,"A","Hard",105357,105376,1,53.3588909653968,0.576191524134574,1,0.593174262161648
2019-02-25,2019,"A","Hard",106045,105575,0,-10.9984172763193,0.484177290176422,0,0.516628721986838
2019-02-25,2019,"A","Clay",144719,106426,1,126.44122801804,0.674334218750111,0,0.665314960936168
2019-02-25,2019,"A","Hard",104545,105023,1,48.2735345491137,0.569027579014374,1,0.58779443223378
2019-02-25,2019,"A","Hard",104792,104571,0,185.338924060132,0.744006288856819,1,0.716162587165084
2019-02-25,2019,"A","Clay",104919,132283,1,66.9330501749782,0.595150183702895,1,0.605091428995989
2019-02-25,2019,"A","Hard",105449,104527,1,-133.047752241113,0.317370058933778,0,0.39211832613249
2019-02-25,2019,"A","Hard",126774,106078,1,205.73204893944,0.765718078006286,1,0.739568754370703
2019-02-25,2019,"A","Clay",106228,106198,1,15.1972926147118,0.521856724405121,0,0.549929017894827
2019-02-25,2019,"A","Hard",104745,106401,1,381.768327309147,0.900036945345588,0,0.859829962581162
2019-02-25,2019,"A","Hard",105453,128034,1,501.929757970819,0.947316949617612,0,0.912102319451166
2019-02-25,2019,"A","Clay",105311,134770,1,100.79961537892,0.641124751994864,0,0.639890715852944
2019-02-25,2019,"A","Hard",100644,200282,0,283.369789796359,0.836335005437906,1,0.794845735669523
2019-02-25,2019,"A","Hard",103819,105916,1,437.617772395795,0.925472097523916,1,0.886775270131628
2019-02-25,2019,"A","Clay",111513,2e+05,0,87.9486459075333,0.623932397145778,1,0.620027202557883
2019-02-25,2019,"A","Hard",111815,111456,0,91.0103672600985,0.628058746740774,1,0.625467980538914
2019-02-25,2019,"A","Hard",106432,105932,1,114.125859784494,0.658577447376664,1,0.6554213146086
2019-02-25,2019,"A","Clay",105550,105477,1,112.140794127451,0.656003423453622,1,0.651242889148154
2019-02-25,2019,"A","Hard",104545,105357,0,98.5183556889588,0.638097728281506,1,0.633130397042772
2019-02-25,2019,"A","Hard",104792,105575,0,170.348331941326,0.727228011861221,1,0.702644468633937
2019-02-25,2019,"A","Clay",104919,106426,1,167.048377480777,0.723443589857797,0,0.703646880797275
2019-02-25,2019,"A","Hard",104527,106401,0,16.9990272747877,0.524444064602488,0,0.547116506909165
2019-02-25,2019,"A","Hard",126774,128034,1,382.869814636633,0.900605973051236,1,0.860409747863352
2019-02-25,2019,"A","Clay",106198,134770,0,-92.3584494282059,0.37013027543421,0,0.425760156126956
2019-02-25,2019,"A","Hard",100644,111815,1,365.118268647497,0.891077007134409,1,0.850818510655604
2019-02-25,2019,"A","Hard",103819,106432,0,231.214976906376,0.791002757830089,1,0.755138994827429
2019-02-25,2019,"A","Clay",111513,105550,-1,-62.8627790580331,0.410507633873021,0,0.450380687710718
2019-02-25,2019,"A","Hard",104545,106401,1,-21.4511479361879,0.469168483175125,0,0.512450688365502
2019-02-25,2019,"A","Hard",126774,104792,1,94.4141887730566,0.632624315386581,1,0.635692855017077
2019-02-25,2019,"A","Clay",106426,134770,0,-91.8193459343493,0.370854057650134,1,0.42633689537632
2019-02-25,2019,"A","Hard",100644,106401,1,200.17906846881,0.75993502994904,0,0.734862401429183
2019-02-25,2019,"A","Hard",103819,126774,0,258.36413026588,0.815667181685512,1,0.77643093586136
2019-02-25,2019,"A","Clay",105550,106426,1,208.220309357857,0.768277854275507,1,0.739784752019905
2019-03-04,2019,"M","Hard",105147,111577,0,-90.7877670244595,0.372240636266575,0,0.408472401437634
2019-03-04,2019,"M","Hard",105992,106148,0,78.2293693553468,0.610716371902863,0,0.591255424872957
2019-03-04,2019,"M","Hard",105062,105936,0,53.303377495004,0.576113487029644,0,0.564662761002584
2019-03-04,2019,"M","Hard",105311,111456,0,80.777223188717,0.614197527901569,0,0.593946518391321
2019-03-04,2019,"M","Hard",103852,104607,0,-87.4819698833871,0.376698152082491,1,0.411971488874532
2019-03-04,2019,"M","Hard",104898,104797,0,34.3980115727495,0.549341606444041,1,0.544233466672686
2019-03-04,2019,"M","Hard",105208,106109,0,302.063477465566,0.850536759319542,0,0.793871340344568
2019-03-04,2019,"M","Hard",144719,200615,0,91.2516218692544,0.628383107744121,0,0.604949022040611
2019-03-04,2019,"M","Hard",104312,105376,0,12.3414526971394,0.517753311826712,0,0.52021429388635
2019-03-04,2019,"M","Hard",104527,105554,0,187.833967084771,0.746732207218603,1,0.700288571054432
2019-03-04,2019,"M","Hard",126207,111797,0,-26.7756075861396,0.461542908227652,0,0.477456808259963
2019-03-04,2019,"M","Hard",105430,105657,0,-108.868741911629,0.34825943859835,1,0.389506435373392
2019-03-04,2019,"M","Hard",105583,106121,0,120.265201596307,0.666478855881122,1,0.634845790175349
2019-03-04,2019,"M","Hard",105449,126203,0,56.1755239347508,0.580145889368303,1,0.567749047780469
2019-03-04,2019,"M","Hard",128034,105385,0,-91.8506510470841,0.370812012559189,1,0.407349320129486
2019-03-04,2019,"M","Hard",105173,105815,0,82.1835666424117,0.616114061675539,1,0.595429524086695
2019-03-04,2019,"M","Hard",200005,109739,0,-23.1782667391783,0.46669318934069,0,0.48138466996667
2019-03-04,2019,"M","Hard",105819,125802,0,-69.8013733914186,0.400877784790424,1,0.430829026076868
2019-03-04,2019,"M","Hard",106045,106415,0,-105.513891851124,0.352655537521363,0,0.393002175130516
2019-03-04,2019,"M","Hard",111815,2e+05,0,145.443220992361,0.697883289690117,0,0.659982213988536
2019-03-04,2019,"M","Hard",105023,126610,0,112.485594526035,0.656451187363363,1,0.626920209853161
2019-03-04,2019,"M","Hard",104871,106218,0,231.545115577036,0.791316758378261,0,0.738831966702157
2019-03-04,2019,"M","Hard",105357,105526,0,-18.7478508072568,0.473045830087487,0,0.486225261163522
2019-03-04,2019,"M","Hard",105373,104999,0,210.758852306553,0.770869162733065,1,0.720907512884734
2019-03-04,2019,"M","Hard",111442,105643,0,-130.976981738161,0.319958154398212,1,0.36676742907971
2019-03-04,2019,"M","Hard",104291,105614,0,135.857810268341,0.686124012011041,1,0.650509439869021
2019-03-04,2019,"M","Hard",105332,105432,0,225.935964722256,0.785934592227458,0,0.73406911672026
2019-03-04,2019,"M","Hard",105051,103333,0,47.0470017387931,0.567295261202122,0,0.557922865807875
2019-03-04,2019,"M","Hard",106000,105077,0,62.9708430437561,0.589642892262304,0,0.575029689126785
2019-03-04,2019,"M","Hard",104919,124187,0,85.6258639502848,0.620789853013886,1,0.599052072542922
2019-03-04,2019,"M","Hard",104259,105732,0,34.5858331531713,0.549609256867708,1,0.544437279038395
2019-03-04,2019,"M","Hard",111200,106216,0,-29.9425785124492,0.457015532239289,0,0.47400114862807
2019-03-04,2019,"M","Hard",104745,111577,1,587.67380398583,0.967166532533566,1,0.932576389273693
2019-03-04,2019,"M","Hard",106043,106148,1,170.182944617234,0.72703911609896,1,0.69007155302878
2019-03-04,2019,"M","Hard",105676,105936,1,247.652365899344,0.806215071191446,0,0.757565557307118
2019-03-04,2019,"M","Hard",106421,111456,1,360.407897698514,0.888417209449171,1,0.836536256140216
2019-03-04,2019,"M","Hard",111575,103852,1,222.807423900524,0.782889076863947,1,0.737048355042567
2019-03-04,2019,"M","Hard",104898,126094,0,-40.8537844824691,0.441476158682867,0,0.46211642466215
2019-03-04,2019,"M","Hard",105550,106109,1,256.436905582487,0.813993307536915,1,0.764553928513109
2019-03-04,2019,"M","Hard",104545,200615,1,311.150551478364,0.857065339772222,1,0.804895977059001
2019-03-04,2019,"M","Hard",103819,105376,1,493.482822560909,0.944836764939854,1,0.901577351270361
2019-03-04,2019,"M","Hard",105916,104527,1,-134.462371700217,0.315608493358874,0,0.369967922270216
2019-03-04,2019,"M","Hard",106378,111797,1,142.902500356856,0.694790708338154,1,0.663984883854606
2019-03-04,2019,"M","Hard",104926,105430,1,291.722717156913,0.842810618316066,0,0.791201724262222
2019-03-04,2019,"M","Hard",105227,105583,1,198.628179678206,0.758302550520036,1,0.716039530946764
2019-03-04,2019,"M","Hard",133430,105449,1,38.2073532218046,0.554764218720963,1,0.555536683481177
2019-03-04,2019,"M","Hard",106298,128034,1,202.517177139956,0.76238185193807,0,0.719486218009614
2019-03-04,2019,"M","Hard",105453,105173,1,340.111276207562,0.876298771595132,1,0.824028334647334
2019-03-04,2019,"M","Hard",109739,200175,0,16.9078091543706,0.524313103246823,0,0.525198348403732
2019-03-04,2019,"M","Hard",111513,105819,1,97.4560416986408,0.636684368709801,1,0.618285461840691
2019-03-04,2019,"M","Hard",105138,106415,1,169.099733252301,0.725799917387,0,0.689057098703847
2019-03-04,2019,"M","Hard",126774,2e+05,1,372.172718875532,0.894956295303096,0,0.843453166947426
2019-03-04,2019,"M","Hard",105683,105023,1,79.3556616939618,0.612256650827918,1,0.59942958544244
2019-03-04,2019,"M","Hard",200282,106218,1,241.242303790134,0.800384996919144,0,0.752377919860162
2019-03-04,2019,"M","Hard",105526,105575,0,101.750570192008,0.642383286611837,1,0.615871631323512
2019-03-04,2019,"M","Hard",100644,105373,1,218.712385740364,0.778855585639837,1,0.733561453784305
2019-03-04,2019,"M","Hard",106233,111442,1,426.021928396981,0.920735274354342,1,0.872109080808109
2019-03-04,2019,"M","Hard",104468,104291,1,110.314750380422,0.653627481351625,1,0.631471191190605
2019-03-04,2019,"M","Hard",105932,105432,1,321.09449800542,0.863935433718714,0,0.811637338444502
2019-03-04,2019,"M","Hard",106432,103333,1,307.055972537698,0.85415350516277,0,0.802067483157574
2019-03-04,2019,"M","Hard",106065,105077,1,74.3111795435568,0.60534092855593,0,0.594118990459563
2019-03-04,2019,"M","Hard",104792,104919,1,168.119037013989,0.72467498219401,1,0.68813708288789
2019-03-04,2019,"M","Hard",106401,104259,1,90.8841974489392,0.627889068503262,0,0.611477177978623
2019-03-04,2019,"M","Hard",104925,106216,1,625.941640724797,0.973485978817151,1,0.942371140046705
2019-03-04,2019,"M","Hard",104745,106043,0,454.674894232076,0.931967923118653,1,0.882475925999567
2019-03-04,2019,"M","Hard",106421,105936,1,278.74849671592,0.832661060127049,0,0.781669626027688
2019-03-04,2019,"M","Hard",111575,126094,1,286.134665127397,0.838501909066646,1,0.78713421244938
2019-03-04,2019,"M","Hard",104545,105550,0,138.119848269293,0.688921439950031,1,0.652755969690428
2019-03-04,2019,"M","Hard",103819,104527,1,303.155400695577,0.851334052433509,1,0.799344384506339
2019-03-04,2019,"M","Hard",106378,105430,1,278.151728754008,0.832181853709824,1,0.781223728243346
2019-03-04,2019,"M","Hard",105227,133430,0,183.650486199437,0.742150731205683,0,0.696433129780002
2019-03-04,2019,"M","Hard",105453,128034,1,501.929757970819,0.947316949617612,0,0.904808254870988
2019-03-04,2019,"M","Hard",111513,200175,1,93.7305981424245,0.631709287693634,0,0.614431500585744
2019-03-04,2019,"M","Hard",2e+05,106415,0,-201.925672735954,0.238235529530888,0,0.2980696793854
2019-03-04,2019,"M","Hard",105683,106218,1,334.064004326342,0.872475602440859,1,0.820159046115801
2019-03-04,2019,"M","Hard",100644,105526,1,301.4007212867,0.850051115766829,0,0.798110276414491
2019-03-04,2019,"M","Hard",106233,104468,0,142.219075910571,0.693955816263219,1,0.656809758437155
2019-03-04,2019,"M","Hard",103333,105432,0,128.164385252216,0.67650879185415,1,0.642819084154681
2019-03-04,2019,"M","Hard",104792,105077,1,192.72137825351,0.752016011059657,1,0.710755960110943
2019-03-04,2019,"M","Hard",104925,104259,1,413.451541833701,0.915290860296023,0,0.865848707530063
2019-03-04,2019,"M","Hard",104745,105936,1,556.058493765338,0.960869259619385,1,0.923341621322286
2019-03-04,2019,"M","Hard",104545,111575,0,-139.934910342762,0.308843822113123,0,0.357713903445727
2019-03-04,2019,"M","Hard",103819,106378,0,322.924806769706,0.865169220979881,1,0.808406356910546
2019-03-04,2019,"M","Hard",133430,128034,1,243.238145187627,0.802214246063407,0,0.754001096774952
2019-03-04,2019,"M","Hard",106415,200175,0,207.707624970845,0.767752036430679,0,0.718213798497215
2019-03-04,2019,"M","Hard",105683,105526,1,110.85263202655,0.654328144494209,1,0.632018648605294
2019-03-04,2019,"M","Hard",106233,103333,1,297.738584461183,0.847344173068967,1,0.795516367164876
2019-03-04,2019,"M","Hard",104792,104259,1,58.2603063803676,0.583066201982701,1,0.577079983842686
2019-03-04,2019,"M","Hard",104745,111575,0,263.284564902573,0.819887840506991,1,0.764725681805066
2019-03-04,2019,"M","Hard",103819,128034,1,641.233944902513,0.97566584665731,1,0.945898777681812
2019-03-04,2019,"M","Hard",105683,200175,1,325.795352614599,0.867085186785542,1,0.814761381768581
2019-03-04,2019,"M","Hard",106233,104792,0,112.245954056045,0.656140015427688,1,0.62667496207435
2019-03-04,2019,"M","Hard",104745,103819,0,61.6138993387817,0.587751548142191,0,0.573578326045597
2019-03-04,2019,"M","Hard",106233,105683,0,69.9910837788134,0.599384472258276,1,0.582517249538706
2019-03-04,2019,"M","Hard",103819,106233,0,240.532364982892,0.799731262136408,0,0.746347347491692
2019-03-18,2019,"M","Hard",105023,103970,0,131.586942267099,0.680805349651353,0,0.646249644209715
2019-03-18,2019,"M","Hard",105208,200175,0,202.219949083537,0.762071758510617,0,0.713329577019603
2019-03-18,2019,"M","Hard",103333,104665,0,26.0276992250936,0.53738695691583,0,0.535136471721777
2019-03-18,2019,"M","Hard",106000,111153,0,184.502552596394,0.743088230122735,1,0.69722065053193
2019-03-18,2019,"M","Hard",106121,126094,0,-45.4333640987736,0.434986293868992,0,0.457140263392801
2019-03-18,2019,"M","Hard",104291,105554,0,-2.07682349353672,0.497011246336788,0,0.50445538779091
2019-03-18,2019,"M","Hard",104919,144707,0,72.2123595191761,0.602450908767666,1,0.584878659743851
2019-03-18,2019,"M","Hard",111456,200005,0,66.485263551961,0.594528951984653,1,0.578782584795489
2019-03-18,2019,"M","Hard",105430,105051,0,-109.852587818433,0.346975080277812,1,0.388483404326349
2019-03-18,2019,"M","Hard",105732,105936,0,48.8201358540807,0.569799040914214,0,0.559835314078789
2019-03-18,2019,"M","Hard",105526,124187,0,185.147139214956,0.743795962911308,0,0.697815639878252
2019-03-18,2019,"M","Hard",105173,105379,0,19.0355248498156,0.527366944501774,1,0.527519039573535
2019-03-18,2019,"M","Hard",111815,111442,0,181.460665230821,0.739731127409938,0,0.694403904243941
2019-03-18,2019,"M","Hard",105332,103852,0,-16.0212805097192,0.476959852530114,0,0.489205604878556
2019-03-18,2019,"M","Hard",105311,202358,0,152.136110675621,0.705944033738376,1,0.666521948869469
2019-03-18,2019,"M","Hard",144719,105432,0,104.930829180627,0.646577857734373,1,0.619157843891856
2019-03-18,2019,"M","Hard",105583,104655,0,46.3097239575063,0.566253157221991,1,0.557127151250783
2019-03-18,2019,"M","Hard",105815,122330,0,47.3007064475732,0.567653722501337,0,0.558196610652092
2019-03-18,2019,"M","Hard",104871,111797,0,52.7849696155504,0.57538456132453,1,0.564105160389642
2019-03-18,2019,"M","Hard",106045,106148,0,29.1188712539467,0.541807581022331,0,0.538499058022448
2019-03-18,2019,"M","Hard",104898,105041,0,65.393997735734,0.593013732156959,1,0.577618222717341
2019-03-18,2019,"M","Hard",104999,200095,0,81.2611591555774,0.614857428084612,1,0.594457029405709
2019-03-18,2019,"M","Hard",2e+05,134770,0,-34.4104615420588,0.450640651154587,1,0.469130299397287
2019-03-18,2019,"M","Hard",126610,128034,0,138.869239920811,0.689845180182915,0,0.653498731946288
2019-03-18,2019,"M","Hard",105373,132283,0,249.142660985985,0.807551841650244,0,0.753412299092987
2019-03-18,2019,"M","Hard",105657,105077,0,53.2919036803617,0.576097357438792,0,0.564650421507833
2019-03-18,2019,"M","Hard",105341,125802,0,-34.0301336418629,0.451182711364966,0,0.469544713940478
2019-03-18,2019,"M","Hard",126203,109739,0,127.032315350492,0.675081005694382,0,0.641681116699128
2019-03-18,2019,"M","Hard",105062,105819,0,198.903028000968,0.758592408881811,0,0.7103529781141
2019-03-18,2019,"M","Hard",105614,104386,0,-63.09815522705,0.410179791649681,0,0.438034373247186
2019-03-18,2019,"M","Hard",105643,105376,0,-42.094489080803,0.439715846372385,1,0.460767490076719
2019-03-18,2019,"M","Hard",106071,106329,0,101.475698990533,0.642019711001545,1,0.615587100407593
2019-03-18,2019,"M","Hard",100644,103970,1,401.490693221211,0.909797607388469,0,0.859653357513926
2019-03-18,2019,"M","Hard",126207,200175,1,143.715886663602,0.695782699024402,1,0.664778358808434
2019-03-18,2019,"M","Hard",105676,104665,1,317.506420141955,0.861489158973846,1,0.809225697332713
2019-03-18,2019,"M","Hard",106065,106000,1,11.3403364998007,0.5163142629071,1,0.526356857226228
2019-03-18,2019,"M","Hard",105227,126094,1,273.460017175739,0.828376181624021,0,0.777695318844275
2019-03-18,2019,"M","Hard",133430,105554,1,92.9935680654626,0.630721665052239,1,0.613667324748939
2019-03-18,2019,"M","Hard",105550,104919,1,41.1719318770799,0.558975371070088,0,0.558736801675429
2019-03-18,2019,"M","Hard",126774,111456,1,317.73986514327,0.861649432899919,1,0.809383316895577
2019-03-18,2019,"M","Hard",103819,105430,1,601.076535523714,0.9695301728509,1,0.936171094068216
2019-03-18,2019,"M","Hard",104527,105936,1,191.289193730979,0.750475353180112,0,0.7094661388319
2019-03-18,2019,"M","Hard",106043,124187,1,213.462225109916,0.773606260571845,0,0.729048132350528
2019-03-18,2019,"M","Hard",106421,105173,1,263.71936542862,0.820257154217822,1,0.770240744527026
2019-03-18,2019,"M","Hard",111575,111442,1,464.883627816082,0.935600655356789,0,0.889903406788908
2019-03-18,2019,"M","Hard",105777,103852,1,123.847829804008,0.671047247442911,1,0.645139081617682
2019-03-18,2019,"M","Hard",105449,105311,1,59.1236192837428,0.584273817715583,0,0.578001512240267
2019-03-18,2019,"M","Hard",104731,144719,1,417.193949401439,0.916946292268003,1,0.867739125461027
2019-03-18,2019,"M","Hard",105453,105583,1,273.66930626196,0.828547394179707,0,0.777853577475191
2019-03-18,2019,"M","Hard",106401,122330,1,288.745308258876,0.840526619188428,1,0.789041642844888
2019-03-18,2019,"M","Hard",104468,104871,1,30.2908966175485,0.54348199004626,0,0.546969356678457
2019-03-18,2019,"M","Hard",106432,106148,1,332.028962604153,0.871166511693312,1,0.81884209398629
2019-03-18,2019,"M","Hard",104898,144750,0,62.0050679462818,0.588297037795467,1,0.573996844277004
2019-03-18,2019,"M","Hard",105932,104999,1,204.105760857601,0.764034476300697,1,0.720886760335923
2019-03-18,2019,"M","Hard",105916,2e+05,1,192.919076745618,0.752228181655496,0,0.710933739853105
2019-03-18,2019,"M","Hard",106233,128034,1,400.701579919621,0.909424128243202,0,0.859236318130863
2019-03-18,2019,"M","Hard",104545,132283,1,246.224830321351,0.804927991884746,1,0.75641668328594
2019-03-18,2019,"M","Hard",106298,105077,1,106.782929529889,0.649010355915262,0,0.627868132775388
2019-03-18,2019,"M","Hard",106378,125802,1,247.318064771395,0.805914241768272,1,0.757296844040125
2019-03-18,2019,"M","Hard",105683,109739,1,308.887543460228,0.855462050366224,1,0.803336515591249
2019-03-18,2019,"M","Hard",104926,105819,1,330.690426565719,0.870299235593629,1,0.817971789744682
2019-03-18,2019,"M","Hard",105138,104386,1,306.314403162019,0.853620911717392,1,0.801551924060167
2019-03-18,2019,"M","Hard",105357,105643,1,95.4533800461998,0.634013505758071,0,0.616215530074997
2019-03-18,2019,"M","Hard",104925,106071,1,478.946807333938,0.940309682393376,1,0.895788378159921
2019-03-18,2019,"M","Hard",126207,103970,1,28.8631380100644,0.541442101950772,1,0.545421094311319
2019-03-18,2019,"M","Hard",106065,105676,0,-224.396289221677,0.215560324345046,0,0.277917578621312
2019-03-18,2019,"M","Hard",133430,126094,1,89.8095309763019,0.6264425396757,1,0.610359618767678
2019-03-18,2019,"M","Hard",126774,104919,1,262.533225787046,0.819248268018254,1,0.76932110636295
2019-03-18,2019,"M","Hard",103819,105936,1,494.444594426556,0.945124614060556,1,0.90195009421073
2019-03-18,2019,"M","Hard",106421,124187,1,390.827122292575,0.904631708877415,1,0.8539297496385
2019-03-18,2019,"M","Hard",105777,111442,1,365.924033719566,0.891526384386867,0,0.839809516378191
2019-03-18,2019,"M","Hard",104731,105311,1,351.016216106209,0.882944252270852,1,0.830839757853596
2019-03-18,2019,"M","Hard",106401,105583,1,92.819065223289,0.630487669945453,1,0.613486312574215
2019-03-18,2019,"M","Hard",106432,104871,1,181.827360604635,0.740137325032126,1,0.700860235527934
2019-03-18,2019,"M","Hard",105932,104898,1,183.318278482786,0.741784610355284,1,0.702225957531708
2019-03-18,2019,"M","Hard",128034,2e+05,0,-10.6970957611004,0.484610504217935,0,0.495027352931831
2019-03-18,2019,"M","Hard",104545,105077,1,203.894121385893,0.763814764418125,1,0.720700420319687
2019-03-18,2019,"M","Hard",105683,106378,0,12.4013580080011,0.517839413283554,0,0.520279707144545
2019-03-18,2019,"M","Hard",104926,105138,0,-49.8423752136434,0.428759103414943,0,0.452357497522491
2019-03-18,2019,"M","Hard",104925,105643,1,537.990228056108,0.956765548026435,1,0.91755586871996
2019-03-18,2019,"M","Hard",105676,126207,0,245.810686185489,0.804553385807898,0,0.750694116956283
2019-03-18,2019,"M","Hard",126774,133430,0,139.631669449006,0.690783440112325,0,0.65425364989202
2019-03-18,2019,"M","Hard",103819,106421,0,215.696097710636,0.775850489736009,1,0.725232665209435
2019-03-18,2019,"M","Hard",104731,111442,1,522.243737265649,0.952856879011676,1,0.912192368383143
2019-03-18,2019,"M","Hard",106432,106401,0,88.939451063989,0.62526972953707,1,0.60252898172018
2019-03-18,2019,"M","Hard",105932,2e+05,1,285.196012450542,0.837768871761308,0,0.78644533093186
2019-03-18,2019,"M","Hard",104545,106378,0,-18.6807691368469,0.473142088821344,1,0.48629857552541
2019-03-18,2019,"M","Hard",104925,105138,0,261.924359567554,0.81872867733872,0,0.763653320186275
2019-03-18,2019,"M","Hard",133430,126207,0,94.6071149978154,0.632882386410776,1,0.608451900528042
2019-03-18,2019,"M","Hard",103819,104731,0,144.310556114224,0.696506797226423,1,0.658869324563831
2019-03-18,2019,"M","Hard",106432,2e+05,1,399.321872235036,0.908767780493787,0,0.858504665520288
2019-03-18,2019,"M","Hard",104545,105138,0,-82.0941327533958,0.384007710227002,1,0.417693320964242
2019-03-18,2019,"M","Hard",103819,133430,0,397.995799714886,0.908132918575648,1,0.85422372660901
2019-03-18,2019,"M","Hard",104545,2e+05,1,288.931273234859,0.840670058503013,1,0.789177036667174
2019-03-18,2019,"M","Hard",103819,104545,0,341.605575906553,0.87722819470045,1,0.820746841458326
2019-04-05,2019,"D","Hard",105657,111761,0,121.357246509025,0.667874742834882,0,0.77980188113252
2019-04-05,2019,"D","Hard",105656,126190,0,20.4428454644819,0.52938571567501,1,0.694876319691801
2019-04-05,2019,"D","Clay",105827,104467,0,-78.2717904540118,0.389225574174811,0,0.594206073189668
2019-04-05,2019,"D","Hard",106021,105626,0,63.8121799940027,0.590814244012856,1,0.733559033877764
2019-04-05,2019,"D","Hard",105656,122669,0,123.541676971739,0.670658102467984,1,0.781438495004626
2019-04-05,2019,"D","Clay",105575,104467,0,93.2542444090391,0.631071097823764,1,0.756170687135069
2019-04-05,2019,"D","Hard",105657,105626,0,194.70151822861,0.754135601000643,1,0.829966489405357
2019-04-08,2019,"A","Clay",104926,106210,1,203.714275917358,0.763627948196763,0,0.735971905156612
2019-04-08,2019,"A","Clay",106426,104655,0,-228.662516382542,0.21143666088645,1,0.289977244459983
2019-04-08,2019,"A","Clay",106228,104122,0,-72.1125609854873,0.397686691043067,1,0.447544672360207
2019-04-08,2019,"A","Clay",103333,105992,0,-53.256379288892,0.423952582856787,0,0.468018385553423
2019-04-08,2019,"A","Clay",104665,105643,0,-28.7213370274562,0.458760571007269,1,0.494809749841818
2019-04-08,2019,"A","Clay",111456,105967,1,-72.9034548892239,0.396596671104743,0,0.453868437779348
2019-04-08,2019,"A","Clay",104259,200221,1,228.058506427388,0.787983039626447,1,0.756141656712999
2019-04-08,2019,"A","Clay",104468,106075,1,196.102764371524,0.755628132527664,1,0.729450500965653
2019-04-08,2019,"A","Clay",105815,104386,0,4.22681653350855,0.506082577880778,0,0.530807127447339
2019-04-08,2019,"A","Clay",105077,105819,0,94.5445476400737,0.632798700465905,0,0.626801729073372
2019-04-08,2019,"A","Clay",104198,111511,0,32.4935267658543,0.546626081449634,1,0.56145033923311
2019-04-08,2019,"A","Clay",104999,106121,0,-16.2079027585103,0.47669185846608,0,0.50849516061458
2019-04-08,2019,"A","Clay",105023,106216,1,233.649613854734,0.793310215625685,1,0.760623717260139
2019-04-08,2019,"A","Clay",104269,104629,1,301.48336974921,0.850111748399596,0,0.810439952329867
2019-04-08,2019,"A","Clay",126203,104719,1,84.4871819716079,0.619245576248681,0,0.62328706970296
2019-04-08,2019,"A","Clay",111513,132283,1,45.2422029940251,0.564743235065123,0,0.582204311579435
2019-04-08,2019,"A","Clay",106071,106045,0,57.5911773370403,0.582129526855613,1,0.588277998934833
2019-04-08,2019,"A","Clay",104898,104291,0,-35.5929238997717,0.448956107223304,1,0.487296584240994
2019-04-08,2019,"A","Clay",106198,134770,0,-92.3584494282059,0.37013027543421,0,0.425760156126956
2019-04-08,2019,"A","Clay",106378,200005,1,319.664452191405,0.862964850941398,1,0.822359053183853
2019-04-08,2019,"A","Clay",111442,106353,1,-46.6344748506076,0.43328775143651,1,0.482475422086642
2019-04-08,2019,"A","Clay",105732,105341,1,158.648546610489,0.713665661182629,1,0.69592681264646
2019-04-08,2019,"A","Clay",105614,105053,0,-28.9092981755482,0.458491925317006,0,0.494604192689622
2019-04-08,2019,"A","Clay",105379,105332,0,-57.9516180150374,0.417365838977283,0,0.462907573476093
2019-04-08,2019,"A","Clay",103893,123755,0,-8.6274300389789,0.487586681435043,0,0.516780722272347
2019-04-08,2019,"A","Clay",144719,105487,0,111.338970979162,0.654961090249667,1,0.643822808189658
2019-04-08,2019,"A","Clay",100644,104797,1,443.081767244851,0.927612717034945,1,0.888187293000729
2019-04-08,2019,"A","Clay",104871,106426,1,274.903396022692,0.829554209020792,0,0.791927838625086
2019-04-08,2019,"A","Clay",106228,106210,0,-160.219450128689,0.284490036210566,0,0.355245730004057
2019-04-08,2019,"A","Clay",105992,105967,0,18.1859703647442,0.526147839272962,0,0.545983549741094
2019-04-08,2019,"A","Clay",104259,104665,1,153.260023249863,0.707285280571853,0,0.690915228420129
2019-04-08,2019,"A","Clay",111815,104386,1,80.7322181661245,0.614136137199776,0,0.619422080647732
2019-04-08,2019,"A","Clay",104468,105819,1,257.292804039057,0.814738134039007,1,0.778946885741062
2019-04-08,2019,"A","Clay",105023,104198,1,185.409998793025,0.744084206081644,1,0.72011983709476
2019-04-08,2019,"A","Clay",106121,104629,0,138.571267227672,0.689478063880407,1,0.670651941208698
2019-04-08,2019,"A","Clay",106071,104719,0,100.331967923507,0.640505132485928,0,0.632705272651941
2019-04-08,2019,"A","Clay",104898,132283,0,59.1712910542474,0.584340472408988,0,0.589951328627138
2019-04-08,2019,"A","Clay",124187,134770,1,-10.3968324038572,0.485042219939258,0,0.522088330548779
2019-04-08,2019,"A","Clay",106378,104542,1,3.68755166389246,0.505306614171598,0,0.537437142441693
2019-04-08,2019,"A","Clay",111442,105053,1,-66.5395900131948,0.405395662635062,1,0.460778014581579
2019-04-08,2019,"A","Clay",105732,105332,1,-5.12508859844138,0.492624939544726,0,0.527839797915697
2019-04-08,2019,"A","Clay",105449,123755,1,194.800238823908,0.754240953738364,0,0.728324421530446
2019-04-08,2019,"A","Clay",100644,144719,1,441.529146014108,0.927010281935811,0,0.887510930682993
2019-04-08,2019,"A","Clay",106426,105967,0,-184.745193013777,0.256645209421592,1,0.331068039842484
2019-04-08,2019,"A","Clay",104665,106210,0,-51.2305543850093,0.426803033424694,1,0.470225652651752
2019-04-08,2019,"A","Clay",105023,104386,1,175.94673585951,0.733573781244793,1,0.711699987140298
2019-04-08,2019,"A","Clay",104468,106121,1,150.487253896498,0.703969859894197,1,0.688318712918364
2019-04-08,2019,"A","Clay",134770,104719,0,-19.2605287563044,0.472310230395264,1,0.505157023182245
2019-04-08,2019,"A","Clay",132283,104542,0,-261.218047794306,0.181875526971969,0,0.26155087109166
2019-04-08,2019,"A","Clay",111442,123755,1,-35.5509016192746,0.449015952620294,0,0.49459097369818
2019-04-08,2019,"A","Clay",144719,105332,0,-121.005135541629,0.332575016127453,0,0.395440723913087
2019-04-08,2019,"A","Clay",105023,106426,1,298.066623078036,0.847588273761483,0,0.808132857169764
2019-04-08,2019,"A","Clay",104468,104665,1,181.547207775705,0.739827029839784,0,0.716701149182888
2019-04-08,2019,"A","Clay",134770,123755,0,34.8770041612447,0.550024125987555,1,0.564016194807648
2019-04-08,2019,"A","Clay",105332,104542,0,-113.887011540436,0.341731775375655,1,0.40290934141574
2019-04-08,2019,"A","Clay",106426,134770,0,-91.8193459343493,0.370854057650134,1,0.42633689537632
2019-04-08,2019,"A","Clay",105332,104665,0,123.799278695134,0.670985550700517,1,0.656223217268467
2019-04-15,2019,"M","Clay",105138,105357,0,180.612488442355,0.738790005302663,1,0.691536945615486
2019-04-15,2019,"M","Clay",105777,126610,0,201.734445321395,0.761564641609466,1,0.71089237482489
2019-04-15,2019,"M","Clay",133430,105526,1,23.3802810733691,0.533596231370987,0,0.537040799194336
2019-04-15,2019,"M","Clay",106065,106000,1,11.3403364998007,0.5163142629071,1,0.523921965036949
2019-04-15,2019,"M","Clay",106298,104527,0,-135.56136706698,0.314243605133795,0,0.359869508660591
2019-04-15,2019,"M","Clay",111513,105550,0,-62.8627790580331,0.410507633873021,0,0.435885460039238
2019-04-15,2019,"M","Clay",2e+05,106228,0,42.7506952714352,0.561214569423595,1,0.550867395013028
2019-04-15,2019,"M","Clay",104468,200615,0,270.004686491455,0.825529872989105,1,0.768240202486197
2019-04-15,2019,"M","Clay",104926,126094,1,178.451512324387,0.736382302833768,1,0.695691461270534
2019-04-15,2019,"M","Clay",106432,128034,1,410.018967996137,0.913746213353084,1,0.862944019887675
2019-04-15,2019,"M","Clay",144719,200031,0,108.574410569036,0.651355897510709,1,0.620613129002187
2019-04-15,2019,"M","Clay",104269,105732,0,75.2978663040521,0.606697042529889,0,0.585785132450515
2019-04-15,2019,"M","Clay",104312,132283,0,106.689036364135,0.648887224016223,0,0.618669095228419
2019-04-15,2019,"M","Clay",111815,105173,0,-5.67816500979575,0.491829191133617,1,0.498075524259244
2019-04-15,2019,"M","Clay",105932,105916,1,92.2769357049242,0.629760324336874,0,0.610604665719546
2019-04-15,2019,"M","Clay",105676,105819,1,393.252016405307,0.905829196960905,1,0.854035058346563
2019-04-15,2019,"M","Clay",105583,104291,0,80.092698080231,0.613263385555291,1,0.590865719021363
2019-04-15,2019,"M","Clay",105373,105643,0,196.889566399793,0.756463499348537,1,0.706516661505508
2019-04-15,2019,"M","Clay",104871,105062,0,28.0988794205409,0.540349603789587,0,0.534961595138598
2019-04-15,2019,"M","Clay",105430,105379,0,-102.625547534642,0.356460461955295,1,0.393687527103493
2019-04-15,2019,"M","Clay",106421,105311,1,279.630674509797,0.833367447795547,1,0.780660225973048
2019-04-15,2019,"M","Clay",106378,106043,1,70.1361881235887,0.599585027170436,0,0.587342440717251
2019-04-15,2019,"M","Clay",126203,104542,0,-165.766318437843,0.278035405844877,1,0.330024171887427
2019-04-15,2019,"M","Clay",104259,106121,0,122.200069370657,0.668950054852522,1,0.634544533325604
2019-04-15,2019,"M","Clay",104745,105138,1,321.125342491939,0.863956304153983,1,0.810160766189818
2019-04-15,2019,"M","Clay",105777,105526,0,120.745821127948,0.667093560671816,1,0.633067879338894
2019-04-15,2019,"M","Clay",106065,104527,1,-168.033117053312,0.275423710945727,1,0.334257999456181
2019-04-15,2019,"M","Clay",105227,105550,1,265.380110660398,0.821662326006131,0,0.769798270087237
2019-04-15,2019,"M","Clay",100644,2e+05,1,510.561489639857,0.949742360721896,1,0.907192646504026
2019-04-15,2019,"M","Clay",104926,104468,1,73.3976225266622,0.604083876866652,1,0.590796380369419
2019-04-15,2019,"M","Clay",106432,144719,1,330.289528609287,0.870038517138654,1,0.81625051736217
2019-04-15,2019,"M","Clay",105453,105732,1,306.320271640781,0.85362513276383,0,0.799998289764708
2019-04-15,2019,"M","Clay",111575,132283,1,386.159740664113,0.902288420793068,0,0.850124443990596
2019-04-15,2019,"M","Clay",105916,111815,0,47.4758557532571,0.567901150972749,0,0.555976437288173
2019-04-15,2019,"M","Clay",105676,105583,1,166.181264666442,0.722443812151376,0,0.684208911131477
2019-04-15,2019,"M","Clay",106233,105373,1,98.1553802590272,0.63761507350478,1,0.616701845299165
2019-04-15,2019,"M","Clay",126774,105062,1,182.777086665672,0.741187446158299,1,0.699682900300762
2019-04-15,2019,"M","Clay",106421,105430,1,385.380437813078,0.901892200131689,1,0.849689522305163
2019-04-15,2019,"M","Clay",106043,126203,0,99.3176819781465,0.639159623489393,0,0.611032349346449
2019-04-15,2019,"M","Clay",104925,104259,1,413.451541833701,0.915290860296023,1,0.864710484255308
2019-04-15,2019,"M","Clay",104745,105777,1,362.244158999089,0.889460777788037,1,0.836299453947977
2019-04-15,2019,"M","Clay",106065,105550,1,8.53690642695665,0.512283124071883,0,0.520861907121634
2019-04-15,2019,"M","Clay",100644,104926,0,189.378458865246,0.748409974213801,0,0.699657027269034
2019-04-15,2019,"M","Clay",106432,105732,1,214.4094816661,0.774559845055719,1,0.727936532626183
2019-04-15,2019,"M","Clay",111815,132283,0,102.736778078852,0.643686405791297,0,0.614581573082229
2019-04-15,2019,"M","Clay",106233,105583,1,172.441128210763,0.729611212185132,0,0.690096184254661
2019-04-15,2019,"M","Clay",126774,106421,0,-42.6680325552441,0.438902612101822,0,0.457719513137876
2019-04-15,2019,"M","Clay",104925,126203,1,494.791593285838,0.945228119765803,1,0.901218413961132
2019-04-15,2019,"M","Clay",104745,105550,1,541.339323514628,0.957556040498928,1,0.917924866983102
2019-04-15,2019,"M","Clay",106432,104926,0,78.1388414604246,0.61059247259821,0,0.588797696148468
2019-04-15,2019,"M","Clay",105583,132283,0,174.85691303425,0.732345867716561,1,0.686139887909612
2019-04-15,2019,"M","Clay",104925,106421,0,218.109014125032,0.778256768962735,0,0.725390482720832
2019-04-15,2019,"M","Clay",104745,104926,0,370.967717705582,0.89430240527102,0,0.837549804081391
2019-04-15,2019,"M","Clay",106421,105583,1,197.277395483018,0.756874553785794,0,0.712841845428902
2019-04-15,2019,"M","Clay",104926,105583,1,103.619674826853,0.644851213871757,1,0.622336777382813
2019-04-22,2019,"A","Clay",111797,104719,0,111.038551716488,0.654570174348009,1,0.643521358076392
2019-04-22,2019,"A","Clay",104269,103852,0,54.1514971958916,0.577305300457263,1,0.584628384157524
2019-04-22,2019,"A","Clay",111456,106121,0,-42.8653006191889,0.438622978913104,1,0.479351527484389
2019-04-22,2019,"A","Clay",111815,105077,0,60.4060691433945,0.586065858191313,0,0.591257504448629
2019-04-22,2019,"A","Clay",126203,124187,0,114.14454313177,0.658601629923405,1,0.646632480324947
2019-04-22,2019,"A","Clay",104291,105819,0,146.978053658635,0.699742860953932,1,0.678724096768775
2019-04-22,2019,"A","Clay",105373,106426,0,349.257988291784,0.881894130462974,0,0.836563678882018
2019-04-22,2019,"A","Clay",105643,200095,0,95.1304450623375,0.633582043866117,0,0.62740113798588
2019-04-22,2019,"A","Clay",105550,105311,0,15.6013480445872,0.522437066011599,1,0.543179132324332
2019-04-22,2019,"A","Clay",105332,106228,0,232.788174438813,0.79249593568407,1,0.754605781660132
2019-04-22,2019,"A","Clay",144719,105155,0,49.9873250127973,0.571445249163196,1,0.580197640441463
2019-04-22,2019,"A","Clay",106043,106415,0,35.5501815121634,0.550983021837155,1,0.564740267908626
2019-04-22,2019,"A","Clay",105916,106045,0,96.5072958607875,0.635420106695096,1,0.628808197310594
2019-04-22,2019,"A","Clay",105526,106198,0,267.108756239305,0.823115798030557,1,0.7813379449683
2019-04-22,2019,"A","Clay",104999,103970,0,-27.9805448257059,0.45981958898869,0,0.495619907811291
2019-04-22,2019,"A","Clay",104919,105657,0,-28.6895624408414,0.458805987583666,1,0.494844499185232
2019-04-22,2019,"A","Clay",100644,111797,1,345.851947625007,0.879836612926791,0,0.838482707612733
2019-04-22,2019,"A","Clay",104269,105777,-1,-69.6963326081163,0.401023018382692,0,0.442991691440534
2019-04-22,2019,"A","Clay",104898,105341,0,75.6138900093074,0.60713104283971,1,0.607233888636384
2019-04-22,2019,"A","Clay",104468,111456,1,193.352554515687,0.75269296500177,0,0.7270694047058
2019-04-22,2019,"A","Clay",104312,105936,0,13.3032245627871,0.51913552844992,0,0.540683270917923
2019-04-22,2019,"A","Clay",106421,105077,1,329.80359958181,0.869721902377746,1,0.828746728667884
2019-04-22,2019,"A","Clay",105430,104660,1,-12.2123782957046,0.482432209424767,1,0.520106137526452
2019-04-22,2019,"A","Clay",105453,126203,1,353.074489939747,0.884163280510534,1,0.842716410090581
2019-04-22,2019,"A","Clay",2e+05,104291,1,-137.470657867527,0.31188000516414,1,0.385200820414524
2019-04-22,2019,"A","Clay",105732,106078,0,18.4717206328446,0.526557924593536,1,0.546293424315913
2019-04-22,2019,"A","Clay",133430,106426,1,289.949933818817,0.841453921622019,0,0.802566545822596
2019-04-22,2019,"A","Clay",128034,105226,0,-41.5353778465712,0.440508928694619,0,0.480803803828263
2019-04-22,2019,"A","Clay",106148,200095,0,67.4638171935201,0.595886142614318,1,0.598698128255688
2019-04-22,2019,"A","Clay",105357,200175,1,196.194869780792,0.755726023195713,1,0.729530018098413
2019-04-22,2019,"A","Clay",111575,105550,1,278.054758612055,0.832103883013042,0,0.794190501405473
2019-04-22,2019,"A","Clay",111513,105208,1,-108.489350941112,0.348755304343075,1,0.415629957891934
2019-04-22,2019,"A","Clay",105807,105332,1,35.6458333197331,0.551119240827153,0,0.571958250210161
2019-04-22,2019,"A","Clay",206173,200218,0,19.9158918193818,0.528629921022299,1,0.547858965303477
2019-04-22,2019,"A","Clay",126207,144719,1,68.9015908029617,0.597877578080223,0,0.607147506788682
2019-04-22,2019,"A","Clay",105376,144750,0,97.18136055903,0.636318532583305,1,0.629496256935889
2019-04-22,2019,"A","Clay",106233,106043,1,152.528629910403,0.706412862965801,1,0.690231487512401
2019-04-22,2019,"A","Clay",126774,105916,1,179.253642129915,0.737277675270124,1,0.714659369017635
2019-04-22,2019,"A","Clay",105062,126610,1,61.2234880501496,0.58720689959092,0,0.599107141431293
2019-04-22,2019,"A","Clay",105676,105526,1,174.583852261042,0.732037645632887,0,0.710475030227827
2019-04-22,2019,"A","Clay",105379,106071,0,-21.9170970695297,0.46850053377766,1,0.502251601930544
2019-04-22,2019,"A","Clay",106298,103970,1,82.7492849602086,0.616883997790968,0,0.621500166413666
2019-04-22,2019,"A","Clay",104655,120424,0,145.146558205482,0.697523106867619,1,0.676974368958283
2019-04-22,2019,"A","Clay",104745,104919,1,582.511255391708,0.966209609255599,1,0.935977363341508
2019-04-22,2019,"A","Clay",105777,111797,1,165.197047466255,0.721306320672368,0,0.701955132152661
2019-04-22,2019,"A","Clay",106432,104898,1,297.444138267281,0.847124796352254,1,0.807710237577141
2019-04-22,2019,"A","Clay",106421,111456,1,360.407897698514,0.888417209449171,1,0.846922299158249
2019-04-22,2019,"A","Clay",105430,105936,1,-106.631941097158,0.351187660651968,0,0.417604976373695
2019-04-22,2019,"A","Clay",105453,2e+05,0,491.232662209718,0.944157750215797,1,0.904995990180413
2019-04-22,2019,"A","Clay",105732,104897,0,87.6132332986592,0.623479246775608,1,0.61968142864228
2019-04-22,2019,"A","Clay",106426,106148,0,-124.701794023174,0.327868535826239,0,0.39158097050097
2019-04-22,2019,"A","Clay",105357,105226,1,159.57463546043,0.714753792120231,0,0.696783499923197
2019-04-22,2019,"A","Clay",105550,105332,0,-39.2260542018118,0.443787809058963,1,0.483326342965463
2019-04-22,2019,"A","Clay",111513,206173,1,96.5089286128132,0.63542228404909,1,0.63555391712902
2019-04-22,2019,"A","Clay",106233,144719,1,320.972140532771,0.863852615889001,1,0.823193273176241
2019-04-22,2019,"A","Clay",105932,105376,1,148.141985870038,0.701148690774466,1,0.686113238055588
2019-04-22,2019,"A","Clay",126774,105526,1,163.011950522375,0.718770735828179,0,0.699951256162854
2019-04-22,2019,"A","Clay",126610,105379,0,-3.91371699263027,0.494367946713232,1,0.521928516986373
2019-04-22,2019,"A","Clay",104745,103970,1,583.079952061547,0.96631632739311,1,0.936126293174424
2019-04-22,2019,"A","Clay",105227,104655,1,244.937903635712,0.803762144620135,0,0.769499588527694
2019-04-22,2019,"A","Clay",106421,111797,1,250.131209415926,0.808434671967993,1,0.773504818449552
2019-04-22,2019,"A","Clay",106432,105936,1,263.22961752018,0.819841126822245,0,0.783386769826151
2019-04-22,2019,"A","Clay",105453,106148,1,423.939752578835,0.919856093411836,1,0.879596221905459
2019-04-22,2019,"A","Clay",105732,105226,0,154.074108483466,0.708254545051554,1,0.685455782929531
2019-04-22,2019,"A","Clay",106233,105550,1,239.193059192954,0.798493619499262,1,0.765011512518128
2019-04-22,2019,"A","Clay",105932,111513,0,197.247366543009,0.756842743373106,0,0.724688796972236
2019-04-22,2019,"A","Clay",104745,105526,1,482.989980127037,0.941602702928177,1,0.904387459953163
2019-04-22,2019,"A","Clay",126610,104655,0,-43.0814878305414,0.438316572055073,1,0.479115483263332
2019-04-22,2019,"A","Clay",105453,106421,0,76.3919107789418,0.608198788931065,0,0.608045401603855
2019-04-22,2019,"A","Clay",105732,105936,0,48.8201358540807,0.569799040914214,0,0.578953377415522
2019-04-22,2019,"A","Clay",104745,106233,0,302.146264321673,0.850597331334153,0,0.806397190657197
2019-04-22,2019,"A","Clay",111513,126610,1,-40.2234982521773,0.442370975707294,0,0.489481719581373
2019-04-22,2019,"A","Clay",106233,106421,0,-24.8362672722556,0.46431849550044,1,0.499058811765829
2019-04-22,2019,"A","Clay",126610,105936,0,-7.92011055514558,0.488604018607015,1,0.517553432129364
2019-04-29,2019,"A","Clay",104655,106099,0,201.023647071753,0.760820862596835,1,0.727972726701028
2019-04-29,2019,"A","Clay",104259,104312,0,70.1027444444649,0.599538806189497,1,0.601468769317537
2019-04-29,2019,"A","Clay",111456,106415,0,-147.492819003692,0.299634925410492,0,0.368098924924517
2019-04-29,2019,"A","Clay",126610,104797,0,60.6924217647045,0.58646568584138,1,0.591560231401018
2019-04-29,2019,"A","Clay",126207,105062,1,-51.461697781149,0.426477551999724,1,0.477204338957498
2019-04-29,2019,"A","Clay",106378,106045,1,211.200261486876,0.77131766251117,0,0.742286588444244
2019-04-29,2019,"A","Clay",124187,105155,0,4.96861052524946,0.507149917919357,1,0.531615293933206
2019-04-29,2019,"A","Clay",105657,200484,0,139.545655213554,0.690677667870038,0,0.671592835660253
2019-04-29,2019,"A","Clay",126203,200221,0,146.718454975251,0.699428795930902,0,0.678476391527599
2019-04-29,2019,"A","Clay",200005,106121,0,-109.35056417115,0.347630168372441,0,0.407692998538363
2019-04-29,2019,"A","Clay",105807,104871,1,8.18880085671026,0.511782450062655,0,0.542328963674909
2019-04-29,2019,"A","Clay",105550,104999,1,69.7211733726256,0.599011329023194,1,0.608002420594051
2019-04-29,2019,"A","Clay",105583,104919,1,107.923862859272,0.650504992178542,0,0.647041074444624
2019-04-29,2019,"A","Clay",105916,132283,1,150.21263383211,0.703640312466702,1,0.68806090042287
2019-04-29,2019,"A","Clay",111797,104291,0,27.2388841473235,0.539119787870221,0,0.555782189950661
2019-04-29,2019,"A","Clay",105526,106329,0,156.63350912182,0.711289478218475,0,0.687864951280854
2019-04-29,2019,"A","Clay",105311,200615,0,157.429355164484,0.712229359097223,1,0.688612025125578
2019-04-29,2019,"A","Clay",105373,105208,0,95.4111070508479,0.633957038532649,1,0.627688133830757
2019-04-29,2019,"A","Clay",200282,106249,1,189.78892318815,0.748854614759855,0,0.723964663465491
2019-04-29,2019,"A","Clay",106043,105332,1,47.4383750807394,0.56784820593145,1,0.58453955785849
2019-04-29,2019,"A","Clay",105357,106071,0,36.4099593240301,0.552207165679258,1,0.565664647595308
2019-04-29,2019,"A","Clay",106426,120424,0,-83.5159581770602,0.382073504499095,1,0.435244360990459
2019-04-29,2019,"A","Clay",105819,106198,0,48.4405920950396,0.569263396350175,1,0.578548553979074
2019-04-29,2019,"A","Clay",106228,109739,0,-53.8765521909147,0.423080965938935,1,0.467342913250485
2019-04-29,2019,"A","Clay",104655,111795,0,192.756236446054,0.752053429814149,1,0.720751376721065
2019-04-29,2019,"A","Clay",111575,104259,1,209.367959855513,0.769451888032525,0,0.740750130199606
2019-04-29,2019,"A","Clay",126207,106415,1,-63.9917383072432,0.408935898783013,1,0.463548730976872
2019-04-29,2019,"A","Clay",126610,106045,0,31.7603632748803,0.545579945238642,1,0.560660407849252
2019-04-29,2019,"A","Clay",104792,124187,1,253.744900964274,0.811635596884812,1,0.776262622340731
2019-04-29,2019,"A","Clay",105138,200484,1,372.242005672481,0.894993784801186,1,0.853514608688719
2019-04-29,2019,"A","Clay",104871,200221,0,226.054794335681,0.786049653275646,0,0.749110009730872
2019-04-29,2019,"A","Clay",105550,106121,1,53.5132706141153,0.576408520677829,1,0.590979105660449
2019-04-29,2019,"A","Clay",104919,104291,0,-27.8311647790408,0.460033183243453,0,0.495783278323324
2019-04-29,2019,"A","Clay",105916,106329,1,140.391817514281,0.69171732952867,1,0.678765383957669
2019-04-29,2019,"A","Clay",105676,105311,1,248.534543693221,0.807007220379675,1,0.772278684496356
2019-04-29,2019,"A","Clay",106065,105373,1,-132.500772506971,0.318052598243331,1,0.390362704676246
2019-04-29,2019,"A","Clay",105357,106249,0,153.010140890552,0.706987387835495,0,0.684451312840848
2019-04-29,2019,"A","Clay",106043,106426,1,294.884738640408,0.845207023691871,0,0.805965149221503
2019-04-29,2019,"A","Clay",126774,105819,1,381.68011466664,0.899991249722285,1,0.858602162580544
2019-04-29,2019,"A","Clay",100644,106228,1,553.312184911293,0.960270497751583,1,0.927882613860053
2019-04-29,2019,"A","Clay",126207,104655,1,-33.3196975615408,0.452195565831689,0,0.497031149556776
2019-04-29,2019,"A","Clay",126610,104259,0,-91.3260795623976,0.371516809024436,1,0.426864773170822
2019-04-29,2019,"A","Clay",104792,200221,1,286.318812807756,0.838645404324839,0,0.800037253583395
2019-04-29,2019,"A","Clay",105138,105550,0,220.213981022689,0.780340814047523,1,0.744276918187386
2019-04-29,2019,"A","Clay",105676,104291,1,246.273962746673,0.804972397554978,1,0.770534716660174
2019-04-29,2019,"A","Clay",106065,105916,0,-33.5707453530947,0.451837606352274,1,0.489507123475887
2019-04-29,2019,"A","Clay",126774,106249,1,334.769942220184,0.872927054151325,1,0.831808427856357
2019-04-29,2019,"A","Clay",100644,106426,1,567.970374032148,0.963367540826366,0,0.932057891601158
2019-04-29,2019,"A","Clay",104655,200221,0,179.813914695532,0.737901913722495,1,0.709214001007272
2019-04-29,2019,"A","Clay",105138,126610,1,242.853261828545,0.801862474343993,0,0.767877963428655
2019-04-29,2019,"A","Clay",126774,105676,0,-11.5719017386675,0.483352849998481,1,0.513563219001
2019-04-29,2019,"A","Clay",106065,106426,1,216.757215784814,0.776910970353324,0,0.74690983159696
2019-04-29,2019,"A","Clay",126774,104655,1,200.91908688528,0.760711316747821,1,0.733588788278155
2019-04-29,2019,"A","Clay",126610,106426,0,185.581028552001,0.744271637404346,0,0.714389748927353
2019-05-06,2019,"M","Clay",133430,2e+05,0,232.541049426527,0.792261902886333,0,0.737787267948828
2019-05-06,2019,"M","Clay",105062,104259,0,-30.102591512248,0.456786965987776,0,0.471392875058217
2019-05-06,2019,"M","Clay",105932,126207,1,147.262078021831,0.700086261678758,0,0.666058550198475
2019-05-06,2019,"M","Clay",106421,105550,1,264.02932646521,0.820520069741774,0,0.768749364535434
2019-05-06,2019,"M","Clay",104527,105732,0,142.469057876898,0.694261349918585,1,0.654852660782785
2019-05-06,2019,"M","Clay",104468,106198,0,305.733396134097,0.853202508798227,0,0.794898966219755
2019-05-06,2019,"M","Clay",105138,103970,0,261.954609569608,0.818754519337862,0,0.761910470325932
2019-05-06,2019,"M","Clay",200282,128034,0,237.888795604599,0.797282871797564,0,0.742288172211271
2019-05-06,2019,"M","Clay",106432,106298,1,207.501790856181,0.767540695460319,0,0.721910402812505
2019-05-06,2019,"M","Clay",111575,144719,1,359.833839951872,0.888089202641511,1,0.83485068717178
2019-05-06,2019,"M","Clay",104269,105430,0,230.74994325529,0.79055986686721,1,0.736268514824017
2019-05-06,2019,"M","Clay",105173,105311,0,15.9113090811773,0.522882219615878,1,0.521675143458895
2019-05-06,2019,"M","Clay",105807,124187,0,201.66968334891,0.761496940538041,0,0.710834140024611
2019-05-06,2019,"M","Clay",105357,105449,0,-3.92077865882129,0.494357785450421,1,0.499997634457182
2019-05-06,2019,"M","Clay",104926,106378,1,13.5709884029054,0.519520295764723,1,0.526355540985976
2019-05-06,2019,"M","Clay",104792,104312,1,128.363050824832,0.67675901445485,1,0.647422716682034
2019-05-06,2019,"M","Clay",105676,105916,0,190.825543868582,0.749975219747113,0,0.700985705545394
2019-05-06,2019,"M","Clay",104755,200221,0,289.675951461732,0.841243399377411,1,0.783208313643363
2019-05-06,2019,"M","Clay",105583,111513,0,129.614710040225,0.678333169988844,0,0.64203365013724
2019-05-06,2019,"M","Clay",106401,105526,0,101.22165281789,0.64168353557799,0,0.613010262237373
2019-05-06,2019,"M","Clay",105227,105373,1,124.34243172647,0.671675430731819,1,0.643397170634994
2019-05-06,2019,"M","Clay",106065,106043,1,-78.1275228555946,0.389423019402652,0,0.426619627121257
2019-05-06,2019,"M","Clay",104871,105077,0,132.457359781435,0.68189319638557,1,0.644886799261461
2019-05-06,2019,"M","Clay",105777,126203,0,191.748417211134,0.750970053223336,0,0.701831302706435
2019-05-06,2019,"M","Clay",104745,2e+05,1,692.150748480194,0.981735093864,1,0.955818970003279
2019-05-06,2019,"M","Clay",126207,104259,0,-81.564289293397,0.384729435362695,1,0.415883324091412
2019-05-06,2019,"M","Clay",105550,104527,0,-176.570023480269,0.265725569461716,0,0.319658549424077
2019-05-06,2019,"M","Clay",105453,106198,1,549.180650095865,0.959353151272133,1,0.920472618993192
2019-05-06,2019,"M","Clay",100644,103970,1,401.490693221211,0.909797607388469,1,0.858471161164455
2019-05-06,2019,"M","Clay",106298,128034,0,202.517177139956,0.76238185193807,0,0.711595666719694
2019-05-06,2019,"M","Clay",111575,104269,1,168.655926704633,0.725291191001758,0,0.686543487916296
2019-05-06,2019,"M","Clay",126774,105173,1,221.051332873376,0.781165920665881,1,0.733653012946209
2019-05-06,2019,"M","Clay",106233,124187,1,365.990855020319,0.891563577585824,1,0.83853115713096
2019-05-06,2019,"M","Clay",104926,105357,1,130.770113228711,0.679782683213153,1,0.649822793083206
2019-05-06,2019,"M","Clay",104792,105916,1,84.839453356858,0.619723584927766,1,0.602840812068894
2019-05-06,2019,"M","Clay",103819,104755,1,349.421180384961,0.881991941290793,1,0.82847363496381
2019-05-06,2019,"M","Clay",105223,111513,1,445.547181649714,0.928559912717148,0,0.88031268685927
2019-05-06,2019,"M","Clay",105227,105526,1,207.030767272807,0.767056565914459,1,0.721496515266416
2019-05-06,2019,"M","Clay",106043,104871,0,19.9813426177166,0.528723802454939,0,0.526116495510805
2019-05-06,2019,"M","Clay",104925,126203,1,494.791593285838,0.945228119765803,1,0.901218413961132
2019-05-06,2019,"M","Clay",104745,126207,1,554.216814051483,0.960468692577285,1,0.922070624552197
2019-05-06,2019,"M","Clay",105453,104527,1,163.851213763883,0.719746276049153,0,0.682002229424306
2019-05-06,2019,"M","Clay",100644,128034,1,521.258585400958,0.952601479251615,1,0.911058496578601
2019-05-06,2019,"M","Clay",126774,104269,1,111.962462002543,0.655771729325994,1,0.630876260922237
2019-05-06,2019,"M","Clay",106233,104926,0,68.8214533839091,0.597766665398364,1,0.578893858689129
2019-05-06,2019,"M","Clay",103819,104792,0,352.778319038937,0.883988553019464,1,0.826429611889042
2019-05-06,2019,"M","Clay",105227,111513,1,328.242889718431,0.868700559112391,1,0.814903749912553
2019-05-06,2019,"M","Clay",104925,104871,1,415.455253925408,0.916180881348643,1,0.865732727658021
2019-05-06,2019,"M","Clay",104745,104527,1,364.769300034359,0.890881879832164,1,0.837806254745522
2019-05-06,2019,"M","Clay",100644,126774,0,138.388770764325,0.689253101807562,0,0.650806877335837
2019-05-06,2019,"M","Clay",103819,106233,0,240.532364982892,0.799731262136408,0,0.744494401672102
2019-05-06,2019,"M","Clay",104925,105227,0,216.758229929845,0.776911982176286,1,0.724211726036425
2019-05-06,2019,"M","Clay",104745,126774,0,319.978029604662,0.863178175563776,0,0.804872687891499
2019-05-06,2019,"M","Clay",104925,106233,0,242.945281397288,0.801946620264984,1,0.746497276570359
2019-05-06,2019,"M","Clay",104925,126774,0,260.777046680276,0.817746431357026,1,0.760974661899583
2019-05-13,2019,"M","Clay",104755,104871,0,63.6211571260505,0.590548382268214,0,0.573337973881304
2019-05-13,2019,"M","Clay",111513,105062,0,-101.446986302327,0.358018277067787,1,0.394918959708826
2019-05-13,2019,"M","Clay",105932,105916,1,92.2769357049242,0.629760324336874,1,0.610604665719546
2019-05-13,2019,"M","Clay",111575,132283,1,386.159740664113,0.902288420793068,1,0.850124443990596
2019-05-13,2019,"M","Clay",105138,104312,0,221.629926710612,0.781734748491142,1,0.728448233541117
2019-05-13,2019,"M","Clay",106378,104269,0,47.4017854987173,0.567796518145581,0,0.555896437785526
2019-05-13,2019,"M","Clay",126207,105311,0,2.72385750773196,0.503919865748204,0,0.507264612272218
2019-05-13,2019,"M","Clay",111815,105357,0,-44.96969655354,0.435642396927089,1,0.455221182166283
2019-05-13,2019,"M","Clay",106432,2e+05,1,399.321872235036,0.908767780493787,1,0.85731439928403
2019-05-13,2019,"M","Clay",104926,104542,1,17.2585400667979,0.524816627248403,1,0.530375752586797
2019-05-13,2019,"M","Clay",105430,105332,0,-160.57716554968,0.28407106588147,1,0.33506306230306
2019-05-13,2019,"M","Clay",105449,206173,0,202.893978910002,0.762774563351375,0,0.711933863620375
2019-05-13,2019,"M","Clay",105550,126203,0,12.6532526955953,0.518201447988693,0,0.51811734203022
2019-05-13,2019,"M","Clay",105777,105526,0,120.745821127948,0.667093560671816,0,0.633067879338894
2019-05-13,2019,"M","Clay",105227,109640,1,424.751818331244,0.920200035211608,1,0.870390498102465
2019-05-13,2019,"M","Clay",104792,105077,1,192.72137825351,0.752016011059657,0,0.708744478884409
2019-05-13,2019,"M","Clay",106043,106415,0,35.5501815121634,0.550983021837155,1,0.543061569871948
2019-05-13,2019,"M","Clay",106298,126610,0,63.6479372191448,0.590585657451895,0,0.57336663388364
2019-05-13,2019,"M","Clay",105676,104527,0,56.3631721683648,0.580408975628997,1,0.565552951006893
2019-05-13,2019,"M","Clay",134770,105554,0,-105.137019819005,0.353150958540749,1,0.391067906809576
2019-05-13,2019,"M","Clay",106421,106401,1,104.458330259729,0.645956067334112,0,0.623198746123696
2019-05-13,2019,"M","Clay",106065,200282,1,-67.8433684509757,0.403587837680562,1,0.437660112013435
2019-05-13,2019,"M","Clay",104468,104259,0,28.2871845258414,0.540618820015109,0,0.535166538643681
2019-05-13,2019,"M","Clay",133430,105807,0,6.85773693941519,0.509867795333241,1,0.511784320575808
2019-05-13,2019,"M","Clay",104745,104871,1,474.656236849793,0.938908250377099,1,0.893094319029612
2019-05-13,2019,"M","Clay",105932,111513,1,197.247366543009,0.756842743373106,1,0.712814952403776
2019-05-13,2019,"M","Clay",111575,105138,1,57.8407775893663,0.582478997507337,1,0.574246477240328
2019-05-13,2019,"M","Clay",106233,104269,1,129.794227285532,0.678558610074204,0,0.648850645323016
2019-05-13,2019,"M","Clay",103819,105311,1,495.326772220433,0.945387396874792,1,0.901426656883359
2019-05-13,2019,"M","Clay",106432,111815,1,253.878651242676,0.811753277816924,1,0.760760630121709
2019-05-13,2019,"M","Clay",104926,105430,1,291.722717156913,0.842810618316066,1,0.789584064589839
2019-05-13,2019,"M","Clay",126774,206173,1,380.733001580812,0.899499458389907,1,0.847074231889459
2019-05-13,2019,"M","Clay",105453,126203,1,353.074489939747,0.884163280510534,1,0.830732997578821
2019-05-13,2019,"M","Clay",105227,105526,1,207.030767272807,0.767056565914459,0,0.721496515266416
2019-05-13,2019,"M","Clay",106043,105077,0,152.438702399151,0.706305491151252,1,0.664643257380864
2019-05-13,2019,"M","Clay",100644,126610,1,382.389345480147,0.900358118152493,0,0.84801057071256
2019-05-13,2019,"M","Clay",105223,105676,1,149.751206943047,0.703086116758599,1,0.668476316773973
2019-05-13,2019,"M","Clay",106401,134770,0,275.971959628989,0.830422182146771,0,0.772855811812826
2019-05-13,2019,"M","Clay",106065,104259,1,-60.1498923295851,0.414291931837481,0,0.445960583856625
2019-05-13,2019,"M","Clay",104925,133430,1,400.408716129282,0.90928516493784,1,0.857895060147584
2019-05-13,2019,"M","Clay",104745,105932,0,406.954736029652,0.9123458171907,1,0.857850521268754
2019-05-13,2019,"M","Clay",111575,104269,1,168.655926704633,0.725291191001758,0,0.686543487916296
2019-05-13,2019,"M","Clay",103819,106432,0,231.214976906376,0.791002757830089,1,0.736663378244209
2019-05-13,2019,"M","Clay",126774,104926,0,50.9896881009206,0.572857726539592,1,0.559768142014357
2019-05-13,2019,"M","Clay",105453,105526,1,282.071893856561,0.835309773057463,1,0.782483514708637
2019-05-13,2019,"M","Clay",106043,126610,0,109.303710088407,0.652308662496506,1,0.621364085688958
2019-05-13,2019,"M","Clay",105223,134770,1,499.085366015188,0.946493770862589,1,0.902878171458398
2019-05-13,2019,"M","Clay",104925,104259,1,413.451541833701,0.915290860296023,1,0.864710484255308
2019-05-13,2019,"M","Clay",104745,104269,1,431.940491607205,0.923186391924507,1,0.873897271801764
2019-05-13,2019,"M","Clay",103819,126774,0,258.36413026588,0.815667181685512,0,0.759049249986832
2019-05-13,2019,"M","Clay",105453,106043,1,253.756807961601,0.81164607561352,0,0.760663597939549
2019-05-13,2019,"M","Clay",104925,105223,0,99.453937998562,0.639340502608541,1,0.611174019316825
2019-05-13,2019,"M","Clay",104745,126774,0,319.978029604662,0.863178175563776,1,0.804872687891499
2019-05-13,2019,"M","Clay",104925,106043,1,395.473911307691,0.906914591081243,1,0.855242664985707
2019-05-13,2019,"M","Clay",104925,104745,0,-59.2009829243852,0.415618013962448,0,0.439828616566454
2019-05-20,2019,"A","Clay",106000,103852,0,-58.0507647843751,0.417227059062844,1,0.462799731444615
2019-05-20,2019,"A","Clay",124187,144895,0,79.2020139946399,0.612046658841634,0,0.610971475272641
2019-05-20,2019,"A","Clay",106228,104999,0,-123.840946864376,0.328961498753484,1,0.392478606881184
2019-05-20,2019,"A","Clay",126203,106210,0,20.6894174127171,0.529739320759304,1,0.548697111559212
2019-05-20,2019,"A","Clay",105430,132283,1,-13.2461292958096,0.480946518412087,1,0.518977212651884
2019-05-20,2019,"A","Clay",104755,126125,1,292.060148128246,0.843067779026035,1,0.804025316497663
2019-05-20,2019,"A","Clay",106121,126523,0,95.1103760399315,0.633555223282407,1,0.627380612612119
2019-05-20,2019,"A","Clay",111815,200005,0,157.49563081206,0.712307547234229,0,0.688674194978293
2019-05-20,2019,"A","Clay",111442,106045,0,-132.429225123291,0.318141935337281,0,0.383556755692343
2019-05-20,2019,"A","Clay",105332,111456,0,135.604625435116,0.685810053801831,1,0.667778863037486
2019-05-20,2019,"A","Clay",105051,111797,1,-25.3966405787194,0.46351625347097,0,0.505696614264938
2019-05-20,2019,"A","Clay",128034,104655,1,-181.950727751352,0.259726110614101,0,0.340261527025177
2019-05-20,2019,"A","Clay",105173,105077,1,66.0842341531902,0.593972331280704,0,0.604203714476201
2019-05-20,2019,"A","Clay",104871,105732,-1,32.5821210614642,0.546752467168447,0,0.55439241600959
2019-05-20,2019,"A","Clay",104919,105311,0,-25.5705838324927,0.463267270914192,0,0.498255668026929
2019-05-20,2019,"A","Clay",105449,144750,0,154.461030183248,0.708714558655542,1,0.685820638505397
2019-05-20,2019,"A","Clay",105777,105643,0,234.947051981404,0.794532161751928,0,0.75635055613921
2019-05-20,2019,"A","Clay",105357,104665,0,124.174717073656,0.671462488645894,1,0.656593666287508
2019-05-20,2019,"A","Clay",104312,106198,1,207.34346716379,0.76737804480005,0,0.739045603237973
2019-05-20,2019,"A","Clay",105583,104542,1,-86.3611347600556,0.378214271694825,0,0.439318284873255
2019-05-20,2019,"A","Clay",105376,104386,0,72.3430237542677,0.602631040974972,0,0.603815782967225
2019-05-20,2019,"A","Clay",106071,105731,0,195.70859092595,0.755208900765549,0,0.723343619215455
2019-05-20,2019,"A","Clay",106415,105208,0,5.48767588730857,0.50789674376225,0,0.532180704639887
2019-05-20,2019,"A","Clay",206173,106137,0,17.4929913899846,0.525153187323379,0,0.545231918896364
2019-05-20,2019,"A","Clay",104527,106000,1,179.373453553113,0.737411245878362,0,0.714766246258921
2019-05-20,2019,"A","Clay",105138,144895,1,426.213790844693,0.920815841618255,1,0.880645894372154
2019-05-20,2019,"A","Clay",105430,106228,1,72.2110088891338,0.602449046659615,1,0.610595510678511
2019-05-20,2019,"A","Clay",104755,126203,1,142.957496486481,0.694857837742322,0,0.681207927882259
2019-05-20,2019,"A","Clay",106426,106121,1,-154.707038743742,0.290993182520274,0,0.36750411806419
2019-05-20,2019,"A","Clay",133430,200005,1,244.593459246225,0.80344921501016,1,0.769232196341441
2019-05-20,2019,"A","Clay",111797,106045,0,68.2977611300205,0.597041613174857,1,0.599574386812907
2019-05-20,2019,"A","Clay",104655,105332,0,-18.7838471771263,0.472994177980742,0,0.505678326537197
2019-05-20,2019,"A","Clay",105311,105077,0,50.172925072013,0.571706875558518,0,0.58039540288171
2019-05-20,2019,"A","Clay",105732,105449,1,-9.42130563578507,0.486444973547219,0,0.523153116680726
2019-05-20,2019,"A","Clay",105916,105643,1,97.9595392459169,0.637354544919837,0,0.637022622922666
2019-05-20,2019,"A","Clay",2e+05,105357,1,-190.412917545901,0.250470436843184,1,0.33200056693257
2019-05-20,2019,"A","Clay",106198,104386,0,-122.658990712383,0.330465172406677,1,0.393712258879427
2019-05-20,2019,"A","Clay",104542,105731,0,345.630123411893,0.879701545858525,1,0.834382009953563
2019-05-20,2019,"A","Clay",100644,105208,1,314.123492791212,0.859149049523956,1,0.818790038274524
2019-05-20,2019,"A","Clay",105932,106137,1,311.249286545806,0.857134952791507,1,0.816916837198227
2019-05-20,2019,"A","Clay",105430,106000,1,-118.547681275024,0.335722443958506,1,0.404983267380196
2019-05-20,2019,"A","Clay",105138,126203,1,232.867233718284,0.792570765449791,0,0.759999940565296
2019-05-20,2019,"A","Clay",111797,106121,0,67.4113876633996,0.595813463227107,1,0.598643017285828
2019-05-20,2019,"A","Clay",133430,105332,1,42.5035702591483,0.560864228165942,0,0.579287092167445
2019-05-20,2019,"A","Clay",105643,105077,0,9.92238565073467,0.514275579903524,1,0.537007856301946
2019-05-20,2019,"A","Clay",2e+05,105449,1,-194.333696204722,0.246257199570295,1,0.328207416386817
2019-05-20,2019,"A","Clay",100644,106198,1,568.509477526005,0.963476901586524,1,0.932207097052767
2019-05-20,2019,"A","Clay",105932,104542,1,-18.7284782572719,0.473073628491116,1,0.51298715942873
2019-05-20,2019,"A","Clay",105430,111797,1,-135.249228397152,0.314630938088792,0,0.387504953561497
2019-05-20,2019,"A","Clay",126203,105332,0,-51.8793068974071,0.425889663040185,0,0.46951866394401
2019-05-20,2019,"A","Clay",100644,105643,1,415.601952140157,0.91624570779413,1,0.875679210090694
2019-05-20,2019,"A","Clay",105932,2e+05,0,285.196012450542,0.837768871761308,0,0.794556201192059
2019-05-20,2019,"A","Clay",100644,111797,1,345.851947625007,0.879836612926791,1,0.838482707612733
2019-05-20,2019,"A","Clay",2e+05,105332,1,-190.037479167378,0.250876387926504,0,0.332364940208039
2019-05-27,2019,"G","Clay",104925,128034,1,643.646861316909,0.975993450105587,1,0.95853259315626
2019-05-27,2019,"G","Clay",105967,124079,0,155.544251724161,0.710000132032858,1,0.726327150559677
2019-05-27,2019,"G","Clay",144719,106099,0,98.8023587072503,0.638475177929459,0,0.674327611690807
2019-05-27,2019,"G","Clay",104468,104660,1,206.112716334546,0.766110954532193,1,0.773171291275065
2019-05-27,2019,"G","Clay",133430,105526,1,23.3802810733691,0.533596231370987,0,0.605123630854856
2019-05-27,2019,"G","Clay",105430,105815,0,-39.4775057420461,0.443430544070566,1,0.530675557926141
2019-05-27,2019,"G","Clay",144750,104586,0,-98.9947928974989,0.361269167586012,1,0.465671921754513
2019-05-27,2019,"G","Clay",106432,105379,1,267.236011082696,0.823222427488031,1,0.81663550034136
2019-05-27,2019,"G","Clay",104926,104312,1,171.787551496968,0.72886835168454,1,0.745761788794778
2019-05-27,2019,"G","Clay",105643,104198,0,39.7117976069799,0.556902287627887,1,0.615219443535748
2019-05-27,2019,"G","Clay",126203,106071,0,-15.8447859518994,0.477213315193959,1,0.556322080461387
2019-05-27,2019,"G","Clay",105138,105449,1,176.691709783533,0.73441108312749,1,0.749808274799073
2019-05-27,2019,"G","Clay",105583,106329,1,165.036096716421,0.721120032798822,1,0.740120948765858
2019-05-27,2019,"G","Clay",111815,200611,0,159.497941635022,0.714663773237961,0,0.729751926122267
2019-05-27,2019,"G","Clay",144707,105641,0,37.8489748967265,0.554254600616168,1,0.613288393798161
2019-05-27,2019,"G","Clay",100644,105357,1,320.148572093957,0.863294077121515,1,0.848798280911933
2019-05-27,2019,"G","Clay",106233,126205,1,312.948985190644,0.858328898168143,1,0.844711292548592
2019-05-27,2019,"G","Clay",122330,200484,0,22.8537125963971,0.532841783469401,1,0.597618643097304
2019-05-27,2019,"G","Clay",104655,126125,0,182.198111362046,0.740547596456956,1,0.748885378594834
2019-05-27,2019,"G","Clay",106378,104871,1,90.1175307413052,0.626857347820023,1,0.672349817083854
2019-05-27,2019,"G","Clay",104269,105554,1,120.662775511925,0.666987387195633,1,0.701084225075607
2019-05-27,2019,"G","Clay",106000,126156,0,166.888181971465,0.723259052668277,0,0.736080675288211
2019-05-27,2019,"G","Clay",105173,105882,0,201.872746981811,0.761709175626093,1,0.764723337289784
2019-05-27,2019,"G","Clay",104792,106121,1,180.460375751025,0.738620991279852,1,0.752888547063024
2019-05-27,2019,"G","Clay",105051,106296,0,211.897925429282,0.772025273107061,0,0.772522828303968
2019-05-27,2019,"G","Clay",105062,105373,0,-102.453471689633,0.356687722438833,0,0.461908892106499
2019-05-27,2019,"G","Clay",106298,104620,1,59.3823752687813,0.584635573355622,1,0.642071736091886
2019-05-27,2019,"G","Clay",111442,200221,0,-27.4571615331806,0.460568024010169,1,0.54374907363428
2019-05-27,2019,"G","Clay",103333,103852,0,-113.792859979759,0.341853704854983,1,0.449604330384322
2019-05-27,2019,"G","Clay",111456,106415,0,-147.492819003692,0.299634925410492,0,0.413453923001985
2019-05-27,2019,"G","Clay",105223,111797,1,368.786285542396,0.893109524937097,1,0.874131634312873
2019-05-27,2019,"G","Clay",126774,109739,1,361.046861956053,0.888781313856318,1,0.870358780642606
2019-05-27,2019,"G","Clay",106198,105432,0,-22.0495023312694,0.468310748107994,1,0.549612011166701
2019-05-27,2019,"G","Clay",106148,124186,0,91.1870005413534,0.628296237256254,1,0.66696885001911
2019-05-27,2019,"G","Clay",126207,105936,1,1.841679713855,0.50265036533598,0,0.582399094750008
2019-05-27,2019,"G","Clay",104527,106075,1,275.698804569409,0.83020063888738,1,0.822114732265846
2019-05-27,2019,"G","Clay",106426,124187,0,-81.4225135304921,0.384922641126359,1,0.484841942337062
2019-05-27,2019,"G","Clay",105777,104386,0,265.195586654869,0.82150662428477,1,0.810887356572147
2019-05-27,2019,"G","Clay",105227,105341,1,389.927691667516,0.904184089372017,1,0.88396103492554
2019-05-27,2019,"G","Clay",106065,103917,1,66.6535315548012,0.594762432314368,0,0.649348887278528
2019-05-27,2019,"G","Clay",104259,104898,0,117.620489754353,0.663086217942222,1,0.692142006278232
2019-05-27,2019,"G","Clay",104919,106210,0,-7.82926176876754,0.488734693379124,1,0.564959775786905
2019-05-27,2019,"G","Clay",106043,105916,1,44.5567775024999,0.563773120759419,1,0.627032289552544
2019-05-27,2019,"G","Clay",126610,104665,1,61.9339436874659,0.588197870196385,1,0.644633075981212
2019-05-27,2019,"G","Clay",134770,105208,0,-162.027535306587,0.282376156073337,1,0.398122588586381
2019-05-27,2019,"G","Clay",104291,106214,0,157.285097405716,0.712059128448169,0,0.727838439069644
2019-05-27,2019,"G","Clay",103819,132283,1,587.830406227904,0.967195147206985,1,0.947663307734807
2019-05-27,2019,"G","Clay",105453,111460,1,519.052765991404,0.952024847019724,1,0.930565124290394
2019-05-27,2019,"G","Clay",104542,105376,0,166.87046412731,0.723238637932418,1,0.736065616549266
2019-05-27,2019,"G","Clay",200005,200615,0,10.1668684238061,0.514627124967507,0,0.584202236845112
2019-05-27,2019,"G","Clay",111513,105077,1,2.91149405856709,0.504189878685307,1,0.583536972124488
2019-05-27,2019,"G","Clay",200282,105614,1,225.578852244313,0.78558853428728,1,0.787758845178483
2019-05-27,2019,"G","Clay",105807,105311,0,90.4732355661322,0.627336172053251,1,0.66627487321093
2019-05-27,2019,"G","Clay",105332,105657,0,51.7084236380504,0.573869801389508,1,0.627566345690616
2019-05-27,2019,"G","Clay",106421,105732,1,229.92836086184,0.789775719142249,0,0.790922955598377
2019-05-27,2019,"G","Clay",105932,106228,1,327.946707721977,0.868505969201988,0,0.853124874048963
2019-05-27,2019,"G","Clay",104755,104999,0,200.025417163511,0.759773632361023,1,0.763266105616545
2019-05-27,2019,"G","Clay",144895,106072,0,-59.634423981091,0.415012135835044,1,0.508666882745959
2019-05-27,2019,"G","Clay",105550,105819,1,160.318820756674,0.715626387900668,1,0.736131797860602
2019-05-27,2019,"G","Clay",105676,105575,1,276.33442245305,0.830715803531474,1,0.822521037647204
2019-05-27,2019,"G","Clay",106045,200175,0,102.193733119721,0.64296911876829,0,0.677577519100759
2019-05-27,2019,"G","Clay",120424,106293,0,81.7099736954672,0.615469059056352,1,0.657696495438045
2019-05-27,2019,"G","Clay",104745,105870,1,673.744910543222,0.979735011950107,1,0.963461756270484
2019-05-27,2019,"G","Clay",104925,105967,1,505.613456934323,0.948365260012015,1,0.92666855668419
2019-05-27,2019,"G","Clay",104468,106099,1,277.55542332945,0.83170192505732,0,0.823299494296932
2019-05-27,2019,"G","Clay",105430,105526,0,-179.700454735459,0.262224422614576,0,0.379749413177262
2019-05-27,2019,"G","Clay",106432,144750,1,359.449206213563,0.887868958270961,1,0.869568062441799
2019-05-27,2019,"G","Clay",104926,105643,1,226.223493274911,0.786212924769443,1,0.788229997575569
2019-05-27,2019,"G","Clay",105138,126203,1,232.867233718284,0.792570765449791,1,0.793041156194273
2019-05-27,2019,"G","Clay",105583,200611,1,231.61807659042,0.791386105964979,1,0.792142766123641
2019-05-27,2019,"G","Clay",100644,144707,1,473.134356070547,0.938403807036048,1,0.916407858020952
2019-05-27,2019,"G","Clay",106233,122330,1,368.367371246349,0.892879096385572,1,0.873929848999781
2019-05-27,2019,"G","Clay",106378,104655,1,136.358410381454,0.6867442725894,0,0.715273072065028
2019-05-27,2019,"G","Clay",104269,126156,1,279.090443951731,0.832935151669445,0,0.824274348115756
2019-05-27,2019,"G","Clay",104792,105173,1,126.637144100319,0.674581839871899,1,0.706532801045927
2019-05-27,2019,"G","Clay",111575,106296,1,501.451207570772,0.947179296891695,1,0.925421485478274
2019-05-27,2019,"G","Clay",106298,105373,1,-100.029022520638,0.359896511888889,0,0.47176766875265
2019-05-27,2019,"G","Clay",111442,103333,0,-128.283343935799,0.323341365557299,1,0.433971726873169
2019-05-27,2019,"G","Clay",105223,106415,1,331.570154821293,0.870869794915987,1,0.855100126285085
2019-05-27,2019,"G","Clay",126774,106198,1,430.120706761679,0.922440237253155,1,0.900816455479888
2019-05-27,2019,"G","Clay",105936,106148,0,68.7993450839726,0.597736065061984,1,0.644869449614172
2019-05-27,2019,"G","Clay",104527,106426,1,384.790332838126,0.901591221249961,1,0.881635645268098
2019-05-27,2019,"G","Clay",105227,105777,1,86.2849461448586,0.621682583435873,0,0.668645422096122
2019-05-27,2019,"G","Clay",104259,103917,0,126.803423884386,0.674791926775124,0,0.700635820432288
2019-05-27,2019,"G","Clay",106043,104919,1,127.836361159631,0.676095418946241,0,0.707619455674083
2019-05-27,2019,"G","Clay",126610,134770,1,93.7616826176518,0.631750916794417,0,0.675852287439088
2019-05-27,2019,"G","Clay",103819,106214,1,650.351288679601,0.97688129141497,1,0.959682905563995
2019-05-27,2019,"G","Clay",105453,104542,1,187.308171501904,0.746159356324072,1,0.758419976614783
2019-05-27,2019,"G","Clay",111513,200615,1,110.167924151038,0.653436104483288,1,0.691374211856337
2019-05-27,2019,"G","Clay",200282,105807,1,1.5083873563874,0.502170730262468,0,0.582044417970262
2019-05-27,2019,"G","Clay",105332,105732,0,5.12508859844138,0.507375060455274,1,0.578834488648348
2019-05-27,2019,"G","Clay",104755,106228,0,323.866364027887,0.865800225915924,0,0.847156131500008
2019-05-27,2019,"G","Clay",105550,144895,1,205.999809822005,0.765994474535503,0,0.773084650066268
2019-05-27,2019,"G","Clay",105676,200175,1,389.526572849091,0.90398385965319,1,0.883780909178686
2019-05-27,2019,"G","Clay",104745,120424,1,666.043674695424,0.978835857183068,1,0.962256972489295
2019-05-27,2019,"G","Clay",104925,106099,1,662.71978063731,0.978435822734946,1,0.961725268816272
2019-05-27,2019,"G","Clay",106432,105526,1,190.161103881879,0.749257332350373,0,0.760699432917213
2019-05-27,2019,"G","Clay",104926,105138,0,-49.8423752136434,0.428759103414943,1,0.519367987995509
2019-05-27,2019,"G","Clay",100644,105583,0,292.998133692099,0.843780831800028,1,0.828838971380247
2019-05-27,2019,"G","Clay",106233,104655,1,218.750852168269,0.778893722387367,1,0.782721446443156
2019-05-27,2019,"G","Clay",104792,126156,1,296.638717181218,0.846523398499119,1,0.835119281207925
2019-05-27,2019,"G","Clay",111575,105373,1,137.017079678128,0.68755936953436,1,0.715859576610718
2019-05-27,2019,"G","Clay",105223,111442,1,569.513271795707,0.963679691612671,1,0.943543126059799
2019-05-27,2019,"G","Clay",126774,105936,1,236.080464160676,0.795595236012865,1,0.795338903368856
2019-05-27,2019,"G","Clay",104527,105777,1,-2.52514103527028,0.496366093918375,1,0.577745467035502
2019-05-27,2019,"G","Clay",104919,103917,0,16.9446932507647,0.524366057945619,1,0.591386696861252
2019-05-27,2019,"G","Clay",103819,134770,1,596.126387599354,0.968677023152453,1,0.949434455455229
2019-05-27,2019,"G","Clay",105453,111513,0,403.284016302185,0.910641213794761,1,0.886945787373069
2019-05-27,2019,"G","Clay",105332,105807,0,-35.6458333197331,0.448880759172846,1,0.534848384837465
2019-05-27,2019,"G","Clay",106228,144895,0,12.437689585003,0.517891631872669,1,0.586613445274441
2019-05-27,2019,"G","Clay",104745,105676,0,308.406127865994,0.855119056594089,1,0.83819112695783
2019-05-27,2019,"G","Clay",104925,105526,1,423.788997202651,0.919792093828826,1,0.898313858332994
2019-05-27,2019,"G","Clay",100644,104926,0,189.378458865246,0.748409974213801,1,0.754746601908203
2019-05-27,2019,"G","Clay",106233,104792,0,112.245954056045,0.656140015427688,1,0.6871092463865
2019-05-27,2019,"G","Clay",105223,111575,0,104.629643979625,0.646181566759433,0,0.679901291906124
2019-05-27,2019,"G","Clay",126774,104527,0,44.7912704296973,0.56410506472914,0,0.620466389438589
2019-05-27,2019,"G","Clay",103819,104919,1,520.897356052926,0.952507501828485,1,0.931084747706755
2019-05-27,2019,"G","Clay",105453,105332,1,301.19518304234,0.849900241046156,1,0.837845833233249
2019-05-27,2019,"G","Clay",104745,106228,1,734.901443751629,0.985662461158932,1,0.971797316631315
2019-05-27,2019,"G","Clay",104925,100644,0,122.388275915951,0.669189937097855,1,0.696568733779279
2019-05-27,2019,"G","Clay",106233,111575,0,-38.8616994191007,0.444305591227552,1,0.53134649751942
2019-05-27,2019,"G","Clay",103819,104527,0,303.155400695577,0.851334052433509,1,0.835051298665214
2019-05-27,2019,"G","Clay",104745,105453,0,200.918086270476,0.760710268255363,1,0.763971047400301
2019-05-27,2019,"G","Clay",104925,106233,0,242.945281397288,0.801946620264984,0,0.7955064180668
2019-05-27,2019,"G","Clay",104745,103819,0,61.6138993387817,0.587751548142191,1,0.637637870514749
2019-05-27,2019,"G","Clay",104745,106233,0,302.146264321673,0.850597331334153,1,0.834442284663093
2019-06-10,2019,"A","Grass",126203,200514,0,160.252412289406,0.715548585931435,1,0.670529225200964
2019-06-10,2019,"A","Grass",126610,106401,0,-182.210277011337,0.259438948213192,1,0.312667512717317
2019-06-10,2019,"A","Grass",200005,104898,0,-113.930143787454,0.341675924631039,0,0.380139642839353
2019-06-10,2019,"A","Grass",106045,105634,0,94.7751723350721,0.633107129086084,1,0.604468691837952
2019-06-10,2019,"A","Grass",106426,106099,1,-27.6388693107897,0.460308162635493,1,0.479403743693223
2019-06-10,2019,"A","Grass",104792,105449,1,83.4248338977538,0.617802644249551,1,0.599520254131193
2019-06-10,2019,"A","Grass",105173,105217,0,99.7049432113988,0.639673607127793,1,0.609613395539043
2019-06-10,2019,"A","Grass",106298,103852,0,-14.2386782982421,0.47952035894005,1,0.48680049252266
2019-06-10,2019,"A","Grass",105732,105051,0,45.5994891328055,0.565248722603263,1,0.552055374834743
2019-06-10,2019,"A","Grass",104259,200175,0,225.280175956999,0.785298791405596,0,0.730088749954256
2019-06-10,2019,"A","Grass",105676,200221,1,392.30490331948,0.905363094898006,1,0.852557409922853
2019-06-10,2019,"A","Grass",133430,105526,1,23.3802810733691,0.533596231370987,0,0.535135644630144
2019-06-10,2019,"A","Grass",126207,105311,1,2.72385750773196,0.503919865748204,1,0.512598274253475
2019-06-10,2019,"A","Grass",105683,200615,1,342.232678623212,0.877616447085715,1,0.822844323430467
2019-06-10,2019,"A","Grass",111442,126205,0,-113.072943206337,0.342786711685791,1,0.38102371436803
2019-06-10,2019,"A","Grass",104542,104999,0,222.834239114873,0.782915313002339,1,0.727974864187183
2019-06-10,2019,"A","Grass",104312,105341,0,123.131635319195,0.670136539668677,1,0.633712784255637
2019-06-10,2019,"A","Grass",105916,144719,0,123.886733119868,0.671096679911998,1,0.634479260002591
2019-06-10,2019,"A","Grass",104755,105379,1,149.029807604111,0.702218483362415,1,0.666074830393931
2019-06-10,2019,"A","Grass",2e+05,105208,1,-196.437996848646,0.244015706120667,1,0.30556850050236
2019-06-10,2019,"A","Grass",105062,132283,0,146.689189296352,0.69939337827857,1,0.657290110034975
2019-06-10,2019,"A","Grass",104468,105376,0,110.731381667446,0.654170257950242,1,0.621031228254091
2019-06-10,2019,"A","Grass",111797,206173,0,173.269824720131,0.730551271219724,1,0.68298637862763
2019-06-10,2019,"A","Grass",105357,104460,0,160.605291157992,0.715961860147327,0,0.670870197443969
2019-06-10,2019,"A","Grass",106432,126203,1,261.163699965065,0.81807791712334,1,0.765139303972133
2019-06-10,2019,"A","Grass",111575,126610,1,300.694039417911,0.849531854170159,0,0.794784220450116
2019-06-10,2019,"A","Grass",106426,104898,1,-159.286618360046,0.285584354365924,1,0.34110269575442
2019-06-10,2019,"A","Grass",104792,106045,1,181.346749217646,0.739604856048751,0,0.696750213004868
2019-06-10,2019,"A","Grass",104269,105173,1,109.088870870833,0.652028120403349,0,0.626152376697007
2019-06-10,2019,"A","Grass",106421,106298,1,223.020670051921,0.783097654608069,0,0.733839626953222
2019-06-10,2019,"A","Grass",105676,105732,1,198.832230045263,0.758517767169141,1,0.712666139151954
2019-06-10,2019,"A","Grass",105526,200175,0,214.942720588049,0.775095392054957,1,0.721084415906184
2019-06-10,2019,"A","Grass",126207,111442,1,173.951378667172,0.731322866500187,0,0.689870884635217
2019-06-10,2019,"A","Grass",105683,104542,1,16.0889096718936,0.523137266123659,1,0.52719194734468
2019-06-10,2019,"A","Grass",200282,104312,1,77.7962205658555,0.61012342174731,1,0.593593694933247
2019-06-10,2019,"A","Grass",105932,105916,1,92.2769357049242,0.629760324336874,0,0.608781710684936
2019-06-10,2019,"A","Grass",104755,105062,1,91.7200365465915,0.629012549518819,1,0.608201286654525
2019-06-10,2019,"A","Grass",2e+05,104468,1,-247.78540824795,0.193665305818881,1,0.260078239455922
2019-06-10,2019,"A","Grass",126774,111797,1,207.463176860682,0.767501033460291,0,0.720335864058172
2019-06-10,2019,"A","Grass",100644,104460,1,480.753863251949,0.940890866286238,0,0.894896408454801
2019-06-10,2019,"A","Grass",106432,106426,0,456.730756627327,0.932714449019775,1,0.881598756344078
2019-06-10,2019,"A","Grass",126610,106045,0,31.7603632748803,0.545579945238642,1,0.537040328379141
2019-06-10,2019,"A","Grass",105676,105173,1,232.623234612043,0.792339755662922,0,0.74196411727842
2019-06-10,2019,"A","Grass",106298,105526,0,-17.3406869743021,0.475065446462303,0,0.483410732394775
2019-06-10,2019,"A","Grass",200282,111442,1,263.209144081959,0.819823718849117,0,0.76674358166149
2019-06-10,2019,"A","Grass",105683,105916,1,127.09432363409,0.67515929622772,1,0.644401211462072
2019-06-10,2019,"A","Grass",104755,111797,1,116.406126741601,0.661522758451476,1,0.633615296603507
2019-06-10,2019,"A","Grass",2e+05,104460,1,-29.8076263879086,0.457208315033591,1,0.477036197703656
2019-06-10,2019,"A","Grass",106432,105173,1,248.20048623288,0.806707544567517,0,0.754795063376898
2019-06-10,2019,"A","Grass",126610,105526,0,-80.9886241934469,0.385514151672021,1,0.41463474282431
2019-06-10,2019,"A","Grass",104755,111442,1,317.133112994912,0.861232537547217,0,0.806266180804198
2019-06-10,2019,"A","Grass",105683,2e+05,0,320.013400379707,0.863202220519788,0,0.803691185721706
2019-06-10,2019,"A","Grass",105173,111442,0,187.138830240617,0.74597467821147,1,0.69597554691218
2019-06-10,2019,"A","Grass",2e+05,126610,1,-128.172144159711,0.323481433775857,0,0.372323968736025
2019-06-17,2019,"A","Grass",100644,104898,1,408.683755672102,0.913138510964321,1,0.86133927385879
2019-06-17,2019,"A","Grass",104731,111815,1,340.783072034828,0.876717359951546,1,0.82191795289632
2019-06-17,2019,"A","Grass",104259,105449,0,25.1645275173862,0.536151471335063,0,0.529858626976399
2019-06-17,2019,"A","Grass",104468,104868,0,326.522460923549,0.867566826798429,1,0.808145200904053
2019-06-17,2019,"A","Grass",105430,105051,0,-109.852587818433,0.346975080277812,1,0.384352029119037
2019-06-17,2019,"A","Grass",126207,103917,0,45.2391345909894,0.564738893311605,0,0.551665481601563
2019-06-17,2019,"A","Grass",105550,105676,1,-232.933195648634,0.207366816698244,0,0.272775871938755
2019-06-17,2019,"A","Grass",104527,105554,1,187.833967084771,0.746732207218603,1,0.702713173323703
2019-06-17,2019,"A","Grass",111575,200175,1,434.648135812513,0.924284413638828,1,0.874357771328607
2019-06-17,2019,"A","Grass",106421,104269,1,154.630494557787,0.708915901311822,1,0.671502349073182
2019-06-17,2019,"A","Grass",111513,105526,0,-121.212122445624,0.332310590242299,0,0.372661947056379
2019-06-17,2019,"A","Grass",106298,126652,0,209.792849149942,0.769885486946269,1,0.716530566449027
2019-06-17,2019,"A","Grass",104312,121531,0,157.955761982923,0.712850033763666,1,0.668305691240585
2019-06-17,2019,"A","Grass",106043,122330,0,215.838741335946,0.775993255973535,1,0.721872138586663
2019-06-17,2019,"A","Grass",105932,126610,1,157.023868290831,0.711750713740999,0,0.673807929823463
2019-06-17,2019,"A","Grass",105227,106426,1,473.600420018254,0.938558700848073,1,0.891916221685877
2019-06-17,2019,"A","Grass",104792,105732,1,92.8461395335389,0.630523978570084,0,0.609374641301137
2019-06-17,2019,"A","Grass",105683,106065,1,160.665068987184,0.716031833084997,1,0.677299472432785
2019-06-17,2019,"A","Grass",104660,200484,0,42.8892915976289,0.561411026338116,1,0.549121482735987
2019-06-17,2019,"A","Grass",200282,105379,0,95.1058386911579,0.633549159377428,0,0.604814513468227
2019-06-17,2019,"A","Grass",128034,105311,0,-145.90717268208,0.301553907461538,0,0.347770552315458
2019-06-17,2019,"A","Grass",105916,103852,0,-13.1396829314797,0.481099486374097,0,0.488001741414377
2019-06-17,2019,"A","Grass",106432,144719,1,330.289528609287,0.870038517138654,1,0.815098762710191
2019-06-17,2019,"A","Grass",105223,133430,1,300.95477813072,0.84972361397933,1,0.79497021174433
2019-06-17,2019,"A","Grass",105138,126203,1,232.867233718284,0.792570765449791,1,0.742168437905199
2019-06-17,2019,"A","Grass",2e+05,105777,1,-329.906589481105,0.130210938200245,1,0.197049504804324
2019-06-17,2019,"A","Grass",104755,105376,0,144.061642175948,0.696203825942388,1,0.654695998809144
2019-06-17,2019,"A","Grass",106401,106148,0,243.089511540164,0.802078455216759,1,0.74516471020742
2019-06-17,2019,"A","Grass",105332,104542,0,-113.887011540436,0.341731775375655,0,0.380184108228996
2019-06-17,2019,"A","Grass",105062,104871,0,-28.0988794205409,0.459650396210413,0,0.471668380698793
2019-06-17,2019,"A","Grass",103819,105357,1,440.123931595512,0.926461063818673,1,0.876966008859947
2019-06-17,2019,"A","Grass",126774,106378,1,64.560676503826,0.591855473281981,1,0.579552541850706
2019-06-17,2019,"A","Grass",100644,105449,1,316.227793435135,0.860608539774085,1,0.805646760372856
2019-06-17,2019,"A","Grass",104731,104468,1,238.440884779239,0.797796037142719,0,0.746806890135985
2019-06-17,2019,"A","Grass",105676,105430,0,354.284306996501,0.884874644714506,1,0.826275799108633
2019-06-17,2019,"A","Grass",104527,103917,1,234.686648608113,0.794287340372598,0,0.743688652293154
2019-06-17,2019,"A","Grass",111575,105526,1,219.705415224464,0.779838595434067,1,0.73099711385641
2019-06-17,2019,"A","Grass",106421,106298,1,223.020670051921,0.783097654608069,1,0.733839626953222
2019-06-17,2019,"A","Grass",126610,104312,0,-21.2233351179327,0.469495098743717,1,0.479170105412426
2019-06-17,2019,"A","Grass",105227,106043,1,178.715681377846,0.736677396150888,0,0.694312611488714
2019-06-17,2019,"A","Grass",105732,104660,0,143.239698655534,0.695202169181515,1,0.653882611045338
2019-06-17,2019,"A","Grass",105683,105379,1,187.927539227367,0.746834063870218,1,0.702798687371077
2019-06-17,2019,"A","Grass",106432,105311,1,264.111795314057,0.820589970943927,1,0.767449117536113
2019-06-17,2019,"A","Grass",105223,103852,1,327.43706788015,0.8681705658712,0,0.813210561141998
2019-06-17,2019,"A","Grass",105138,104755,1,89.9097372318035,0.626577515969835,1,0.606312408447029
2019-06-17,2019,"A","Grass",2e+05,106401,1,-310.382421171047,0.143477195026153,1,0.210914674061335
2019-06-17,2019,"A","Grass",103819,104542,1,326.612358433599,0.867626272502184,1,0.812661879961838
2019-06-17,2019,"A","Grass",126774,104871,1,154.678207245131,0.708972574527186,1,0.671548392888828
2019-06-17,2019,"A","Grass",100644,105676,1,126.816869025658,0.674808911025683,0,0.64412301102165
2019-06-17,2019,"A","Grass",104468,103917,0,155.090608410228,0.709462154148526,1,0.665521200642623
2019-06-17,2019,"A","Grass",111575,126610,1,300.694039417911,0.849531854170159,0,0.794784220450116
2019-06-17,2019,"A","Grass",106421,106043,1,177.364897182659,0.735166255294816,1,0.693056901220439
2019-06-17,2019,"A","Grass",106432,105732,1,214.4094816661,0.774559845055719,0,0.726416756218634
2019-06-17,2019,"A","Grass",105683,103852,1,113.95464070261,0.65835579378672,0,0.631121940995023
2019-06-17,2019,"A","Grass",103819,105138,0,259.511443153157,0.816658121244002,1,0.758565880050672
2019-06-17,2019,"A","Grass",126774,2e+05,0,372.172718875532,0.894956295303096,0,0.83722453323186
2019-06-17,2019,"A","Grass",126610,105676,0,-255.572476454489,0.186761285320292,0,0.248125679840731
2019-06-17,2019,"A","Grass",106421,104468,1,167.055343182827,0.723451612272391,0,0.683379387961301
2019-06-17,2019,"A","Grass",103819,105732,1,445.624458572476,0.92858941629127,1,0.879539025707161
2019-06-17,2019,"A","Grass",2e+05,103852,1,-206.058759677097,0.233944704824579,0,0.296710872878809
2019-06-17,2019,"A","Grass",103819,105676,1,246.792228527213,0.805440337390975,1,0.753652988738162
2019-06-17,2019,"A","Grass",104468,103852,0,41.7266485708521,0.559762417406259,0,0.547861817541264
2019-06-24,2019,"A","Grass",106148,111574,0,93.42486749155,0.631299741140003,1,0.603055417349907
2019-06-24,2019,"A","Grass",105341,104868,0,105.000896634047,0.646670021653228,1,0.615113181442994
2019-06-24,2019,"A","Grass",105432,104386,0,-100.609488381114,0.359127104165734,1,0.393964360920323
2019-06-24,2019,"A","Grass",104655,111797,0,6.54408997540122,0.509416588959479,0,0.50952716882716
2019-06-24,2019,"A","Grass",105311,132283,1,92.503634007471,0.63006454493932,0,0.609017897308881
2019-06-24,2019,"A","Grass",104468,105815,1,178.847588888205,0.736824665593637,1,0.694435080598869
2019-06-24,2019,"A","Grass",117356,105906,0,-107.986190225799,0.349413443048855,0,0.386285986309752
2019-06-24,2019,"A","Grass",105062,105023,0,-51.2621064758855,0.426758600034816,0,0.446508989726143
2019-06-24,2019,"A","Grass",105376,144985,0,145.614309285784,0.698090899978991,1,0.656230032956463
2019-06-24,2019,"A","Grass",106228,126652,0,-24.7779275003488,0.464402026611782,1,0.47529039607379
2019-06-24,2019,"A","Grass",104312,106071,1,-4.6074789442273,0.493369693465615,0,0.504582253998658
2019-06-24,2019,"A","Grass",104269,105357,1,69.7973393270884,0.599116637872024,1,0.585124688812712
2019-06-24,2019,"A","Grass",106000,105051,1,8.69509345659094,0.512510633560126,1,0.519122575532706
2019-06-24,2019,"A","Grass",105430,105554,1,-110.087167743365,0.346669176541442,0,0.390993282443294
2019-06-24,2019,"A","Grass",105208,123795,0,237.747508438498,0.797151389802499,0,0.740701320285448
2019-06-24,2019,"A","Grass",105732,106045,0,88.5006096841066,0.624677640970703,1,0.597887096112975
2019-06-24,2019,"A","Grass",105614,104327,0,-168.568916407734,0.274808615845487,1,0.325634316564028
2019-06-24,2019,"A","Grass",111815,104871,0,-72.0512906380404,0.397771177135684,1,0.424155473491669
2019-06-24,2019,"A","Grass",200005,105643,1,-107.0119473194,0.350689392384177,1,0.394201557774448
2019-06-24,2019,"A","Grass",106065,128034,1,170.045427153623,0.72688198947364,0,0.686203037997908
2019-06-24,2019,"A","Grass",200175,144719,0,-74.8142958606406,0.393967378336398,1,0.421205745762538
2019-06-24,2019,"A","Grass",124187,105449,0,-170.32006706652,0.272804264843371,0,0.323954196082364
2019-06-24,2019,"A","Grass",106075,104678,0,-27.8464239536509,0.46001136391168,0,0.471943622799797
2019-06-24,2019,"A","Grass",126203,206703,0,146.718454975251,0.699428795930902,1,0.657318950799204
2019-06-24,2019,"A","Grass",105173,106148,1,83.8284763712729,0.618351137064204,1,0.599944168382278
2019-06-24,2019,"A","Grass",111513,105341,1,61.6848019490851,0.587850438779644,0,0.576483683581787
2019-06-24,2019,"A","Grass",132283,105432,0,78.6049284683859,0.611230220997709,1,0.58743598836582
2019-06-24,2019,"A","Grass",104468,111797,1,83.0758662330988,0.617328204612862,1,0.599153640437139
2019-06-24,2019,"A","Grass",105807,105906,1,248.574315661315,0.807042875403813,1,0.755097631996695
2019-06-24,2019,"A","Grass",105583,105023,1,-23.0943827379874,0.466813374378522,0,0.48436765512701
2019-06-24,2019,"A","Grass",106071,105376,0,16.9489316413667,0.524372142991097,1,0.52089631088939
2019-06-24,2019,"A","Grass",104269,106228,1,302.960952144424,0.851192328663512,1,0.796397080101397
2019-06-24,2019,"A","Grass",106000,123795,1,189.317506482575,0.748343902249097,1,0.704067281848427
2019-06-24,2019,"A","Grass",105732,105554,0,45.3649092078729,0.564916854741303,0,0.551801573353885
2019-06-24,2019,"A","Grass",111442,105614,1,-37.6302918376466,0.446056425329351,1,0.468505837714954
2019-06-24,2019,"A","Grass",106378,111815,1,162.168821379346,0.717788623376263,1,0.678735696086276
2019-06-24,2019,"A","Grass",200005,200175,1,-6.27045758480767,0.490977065790413,0,0.502763491720856
2019-06-24,2019,"A","Grass",128034,105449,0,-205.030791965822,0.235006868682489,1,0.29162261927014
2019-06-24,2019,"A","Grass",105332,104678,1,110.508411337302,0.653879827734625,0,0.627605003635063
2019-06-24,2019,"A","Grass",105550,126203,1,12.6532526955953,0.518201447988693,0,0.523443892288595
2019-06-24,2019,"A","Grass",105173,132283,1,108.414943088648,0.651147405788273,0,0.625461942267082
2019-06-24,2019,"A","Grass",104468,105341,1,221.521564289501,0.781628296269231,0,0.732556661370464
2019-06-24,2019,"A","Grass",105807,106071,1,71.6803542652408,0.601717206281964,1,0.587123105505334
2019-06-24,2019,"A","Grass",104269,105023,1,19.5525181872433,0.528108667850512,0,0.530967394415307
2019-06-24,2019,"A","Grass",111442,106000,0,-184.025439131183,0.257436446276896,1,0.310963431285422
2019-06-24,2019,"A","Grass",106378,105554,1,168.064561010642,0.72461241013074,1,0.684333956128264
2019-06-24,2019,"A","Grass",200175,104678,0,-85.3110200649678,0.379636893995507,1,0.410052512494366
2019-06-24,2019,"A","Grass",126203,128034,0,148.855268031072,0.702008343806138,1,0.659421588955811
2019-06-24,2019,"A","Grass",105807,132283,1,182.976869573603,0.741407996089502,0,0.69825494675112
2019-06-24,2019,"A","Grass",105023,105341,0,214.393894727297,0.774544177058744,1,0.7206012491733
2019-06-24,2019,"A","Grass",111442,200175,1,-30.2354920035693,0.456597141694992,0,0.476569232275418
2019-06-24,2019,"A","Grass",106378,126203,1,169.453870101735,0.726205436471611,0,0.685645492550784
2019-06-24,2019,"A","Grass",132283,200175,0,48.4883951483994,0.569330869050843,1,0.555178735555545
2019-06-24,2019,"A","Grass",126203,105023,0,-102.499566415775,0.35662683882537,1,0.391991825050908
2019-07-01,2019,"G","Grass",104925,104259,1,413.451541833701,0.915290860296023,1,0.884728760469442
2019-07-01,2019,"G","Grass",104291,106045,0,41.058876982697,0.5588149293772,0,0.593822396358691
2019-07-01,2019,"G","Grass",104919,105208,0,-86.7985037601593,0.377622370815395,1,0.455225268205466
2019-07-01,2019,"G","Grass",105583,128034,1,228.260451708859,0.78817718697541,0,0.773431757697222
2019-07-01,2019,"G","Grass",2e+05,105577,1,-85.0751416224502,0.379956731389998,1,0.464301705469988
2019-07-01,2019,"G","Grass",105777,144895,0,385.094974337544,0.901746704074418,0,0.868176458226939
2019-07-01,2019,"G","Grass",132283,104719,0,-10.964547384855,0.484225984205959,0,0.537974193979466
2019-07-01,2019,"G","Grass",104792,200005,1,289.810939922175,0.841347149981921,0,0.81713731063968
2019-07-01,2019,"G","Grass",106421,103893,1,423.934724088941,0.919853959438666,1,0.889324192308947
2019-07-01,2019,"G","Grass",105807,200615,0,247.902590730616,0.806440010534962,0,0.783252295628124
2019-07-01,2019,"G","Grass",105373,104871,0,74.3545922690926,0.605400629808543,0,0.628422880235704
2019-07-01,2019,"G","Grass",105676,105614,1,382.131773015014,0.900225020579066,1,0.870001351347493
2019-07-01,2019,"G","Grass",106378,144719,1,238.579698745957,0.797924911657498,1,0.781245175991588
2019-07-01,2019,"G","Grass",104269,111794,0,258.839330850049,0.816078116743256,1,0.791265183386564
2019-07-01,2019,"G","Grass",103333,105063,0,86.2190265185382,0.621593331936935,1,0.640460453089485
2019-07-01,2019,"G","Grass",126774,105341,1,345.908874917084,0.879871254400291,0,0.851003992882171
2019-07-01,2019,"G","Grass",104731,105732,1,301.313902458252,0.849987401913136,1,0.824537387819288
2019-07-01,2019,"G","Grass",106415,104386,0,137.214669909718,0.68780365981651,0,0.690074288866044
2019-07-01,2019,"G","Grass",111797,104312,0,15.3140627372075,0.522024446536507,0,0.566394935806205
2019-07-01,2019,"G","Grass",105550,105657,1,12.4823694362385,0.517955848719695,1,0.570470922375763
2019-07-01,2019,"G","Grass",104527,105074,1,293.654992583314,0.84427859990774,1,0.819636863477494
2019-07-01,2019,"G","Grass",124187,105649,0,-48.2086505618488,0.431064019243768,1,0.49731220766138
2019-07-01,2019,"G","Grass",104898,106075,0,50.1950900913298,0.571738117236758,1,0.603425878383171
2019-07-01,2019,"G","Grass",105683,105432,1,355.911885934585,0.885825652581631,1,0.856468128454197
2019-07-01,2019,"G","Grass",111575,126952,1,453.684439173866,0.931605534192752,1,0.901500586810315
2019-07-01,2019,"G","Grass",103852,106218,0,220.109363623732,0.780237569619622,1,0.761900412770821
2019-07-01,2019,"G","Grass",104999,104327,0,-89.0915124139794,0.374525195296314,0,0.452738567526502
2019-07-01,2019,"G","Grass",105138,105376,1,233.971379407751,0.79361375938042,1,0.777780078240517
2019-07-01,2019,"G","Grass",105332,106228,1,232.788174438813,0.79249593568407,1,0.776884101117402
2019-07-01,2019,"G","Grass",200175,106148,0,-73.0748618657747,0.396360570763332,1,0.470150605629251
2019-07-01,2019,"G","Grass",104655,106000,0,23.2456370975297,0.53340333293056,1,0.574896588825798
2019-07-01,2019,"G","Grass",100644,106210,1,393.092734782603,0.905750953948976,0,0.87532930879551
2019-07-01,2019,"G","Grass",106233,105023,1,149.346745472775,0.702599847197968,0,0.70734988243431
2019-07-01,2019,"G","Grass",106426,126094,0,-200.140402842515,0.240105578006887,0,0.337278640904796
2019-07-01,2019,"G","Grass",105357,106198,0,248.360905432048,0.806851497343786,1,0.783592505107694
2019-07-01,2019,"G","Grass",111513,105819,1,97.4560416986408,0.636684368709801,1,0.658255189954612
2019-07-01,2019,"G","Grass",104468,106099,1,277.55542332945,0.83170192505732,1,0.808989003685806
2019-07-01,2019,"G","Grass",105815,106034,0,40.1641309955519,0.557544721255318,1,0.592877890940397
2019-07-01,2019,"G","Grass",105916,110602,0,134.825759600908,0.684843166831824,1,0.687834608161432
2019-07-01,2019,"G","Grass",104926,126207,1,183.249096345901,0.741708323199143,1,0.737084293446588
2019-07-01,2019,"G","Grass",105227,105173,1,265.070149623808,0.82140071953183,1,0.800405692002163
2019-07-01,2019,"G","Grass",105311,206703,0,143.770359626259,0.695849068374229,1,0.696174632325963
2019-07-01,2019,"G","Grass",105554,105643,0,44.5879438613631,0.563817242596081,1,0.5975409011199
2019-07-01,2019,"G","Grass",105932,104868,1,363.933065126141,0.890413046917627,1,0.860728308175721
2019-07-01,2019,"G","Grass",133430,105575,1,125.130851265377,0.672675515764946,0,0.684947806933824
2019-07-01,2019,"G","Grass",104542,106071,0,149.921532485943,0.703290755569509,1,0.701836510648193
2019-07-01,2019,"G","Grass",106401,111442,0,346.399865409508,0.880169674815184,1,0.847566590321172
2019-07-01,2019,"G","Grass",104745,105216,1,689.895486738292,0.981500842084737,1,0.962580358517245
2019-07-01,2019,"G","Grass",105453,106329,1,438.705402978381,0.925902785322553,1,0.895526424581276
2019-07-01,2019,"G","Grass",111815,104797,0,77.9634985973546,0.610352452270613,1,0.632102144900506
2019-07-01,2019,"G","Grass",105449,105077,0,109.296544355756,0.652299307017183,1,0.663365021177307
2019-07-01,2019,"G","Grass",200282,106065,1,67.8433684509757,0.596412162319438,1,0.628543717575009
2019-07-01,2019,"G","Grass",105526,105430,1,179.700454735459,0.737775577385425,1,0.734064607822426
2019-07-01,2019,"G","Grass",126203,104607,0,-155.382557290513,0.290191554615191,1,0.382339064413683
2019-07-01,2019,"G","Grass",105062,104665,0,123.157431737616,0.670169364435248,1,0.676769905359277
2019-07-01,2019,"G","Grass",104545,134770,1,254.520811692801,0.812317499835965,1,0.792930162284297
2019-07-01,2019,"G","Grass",126610,105379,1,-3.91371699263027,0.494367946713232,1,0.552812443935842
2019-07-01,2019,"G","Grass",111790,104571,0,-148.314738334914,0.298642976094528,0,0.38966740451184
2019-07-01,2019,"G","Grass",105936,136440,0,153.110439890863,0.707106978800884,0,0.70474774570276
2019-07-01,2019,"G","Grass",106043,105051,1,98.1629528119863,0.637625145699463,1,0.658950568597497
2019-07-01,2019,"G","Grass",106298,104755,1,-89.2955873775963,0.374250043581638,1,0.45971233052704
2019-07-01,2019,"G","Grass",122330,106296,0,94.222136905322,0.632367338443543,0,0.648482703312732
2019-07-01,2019,"G","Grass",126652,111511,0,-40.7269808979531,0.441656151317044,1,0.50549494468567
2019-07-01,2019,"G","Grass",103819,144750,1,590.664183119939,0.967708796539506,1,0.943389766038792
2019-07-01,2019,"G","Grass",104925,106045,1,536.537984670979,0.956418420092563,1,0.929333122525407
2019-07-01,2019,"G","Grass",128034,104919,0,-120.336588849587,0.333429805087616,1,0.419139346895589
2019-07-01,2019,"G","Grass",2e+05,144895,1,55.1883848564382,0.57876115543473,1,0.61552800080686
2019-07-01,2019,"G","Grass",200005,104719,0,-65.723400118062,0.40652870555966,1,0.478169527455485
2019-07-01,2019,"G","Grass",106421,200615,1,437.060029674281,0.925250346757823,1,0.894851027974131
2019-07-01,2019,"G","Grass",105676,104871,1,166.250108983799,0.722523270675824,1,0.722420309918841
2019-07-01,2019,"G","Grass",106378,104269,1,47.4017854987173,0.567796518145581,0,0.607435105161798
2019-07-01,2019,"G","Grass",103333,105341,0,66.00205573889,0.593858239437251,0,0.619850788270596
2019-07-01,2019,"G","Grass",104731,104386,1,421.515290200952,0.918821173478228,1,0.888278054075822
2019-07-01,2019,"G","Grass",105550,104312,1,1.41594568792311,0.502037698364544,1,0.558569312187976
2019-07-01,2019,"G","Grass",104527,124187,1,303.367819307633,0.851488746331789,0,0.825833621803645
2019-07-01,2019,"G","Grass",105683,104898,1,218.135666411952,0.778283244508077,1,0.765575778019686
2019-07-01,2019,"G","Grass",111575,103852,1,222.807423900524,0.782889076863947,1,0.769223973551352
2019-07-01,2019,"G","Grass",105138,104327,1,200.843641981335,0.760632253106234,1,0.751726958637089
2019-07-01,2019,"G","Grass",105332,200175,1,195.819431402269,0.755326836679098,1,0.7476019696541
2019-07-01,2019,"G","Grass",104655,106210,0,53.784877132998,0.576790220120953,0,0.607177995520392
2019-07-01,2019,"G","Grass",105023,126094,0,97.926220235521,0.637310212385664,1,0.652167773777213
2019-07-01,2019,"G","Grass",111513,105357,1,-102.464271638367,0.356673457052998,0,0.445439829476151
2019-07-01,2019,"G","Grass",104468,105815,1,178.847588888205,0.736824665593637,0,0.733335581390293
2019-07-01,2019,"G","Grass",104926,105916,1,128.263954028994,0.676634213024636,1,0.687898210501554
2019-07-01,2019,"G","Grass",105227,105311,1,280.981458704985,0.83444443750061,0,0.811294429661224
2019-07-01,2019,"G","Grass",105932,105554,1,145.648531089478,0.698132417348064,0,0.703989426790708
2019-07-01,2019,"G","Grass",104542,105575,0,196.514292546664,0.756065303662749,1,0.742671350714832
2019-07-01,2019,"G","Grass",104745,106401,1,381.768327309147,0.900036945345588,1,0.86982141165721
2019-07-01,2019,"G","Grass",105453,111815,1,345.789441217358,0.879798566507994,1,0.850937727617726
2019-07-01,2019,"G","Grass",200282,105449,1,32.8580036387768,0.547145993535767,0,0.592163194656955
2019-07-01,2019,"G","Grass",126203,105526,-1,-71.0025960831863,0.399218169829033,0,0.465187051949822
2019-07-01,2019,"G","Grass",104545,105062,1,99.5356410249992,0.639448943970677,0,0.660298909079108
2019-07-01,2019,"G","Grass",126610,104571,1,35.7525381173668,0.551271191475494,1,0.595217886171202
2019-07-01,2019,"G","Grass",106043,136440,1,254.494039424124,0.812294002892879,1,0.792910930258666
2019-07-01,2019,"G","Grass",106298,106296,1,264.405105372006,0.820838410333938,1,0.799940468670131
2019-07-01,2019,"G","Grass",103819,126652,1,648.509616912499,0.976640649974505,1,0.955483631011767
2019-07-01,2019,"G","Grass",104925,128034,1,643.646861316909,0.975993450105587,1,0.954569915621003
2019-07-01,2019,"G","Grass",2e+05,200005,1,12.0524098196988,0.517337857929367,0,0.570009939951931
2019-07-01,2019,"G","Grass",106421,105676,0,31.0961308165765,0.544631817515484,0,0.583267951490658
2019-07-01,2019,"G","Grass",104269,105341,0,233.946412914541,0.793590218565214,1,0.772707569943981
2019-07-01,2019,"G","Grass",104731,105550,0,335.414868061622,0.873338293980321,0,0.841253271904063
2019-07-01,2019,"G","Grass",105683,124187,1,295.999771241506,0.846044928909968,1,0.821148400538469
2019-07-01,2019,"G","Grass",111575,105138,0,57.8407775893663,0.582478997507337,0,0.611402110770504
2019-07-01,2019,"G","Grass",105332,106210,1,72.5687243101243,0.602942123629179,1,0.633357460536455
2019-07-01,2019,"G","Grass",105357,105023,0,-50.244821139845,0.428191788744483,0,0.495085303541539
2019-07-01,2019,"G","Grass",104926,105815,1,252.245211414867,0.810312217868868,0,0.791290759301569
2019-07-01,2019,"G","Grass",105554,105311,0,4.33740444008481,0.506241702497378,0,0.554565603253316
2019-07-01,2019,"G","Grass",104745,104542,1,388.22625777238,0.903332197592342,1,0.872987283774742
2019-07-01,2019,"G","Grass",105453,105449,1,296.898966004996,0.846717934567727,1,0.8217254227498
2019-07-01,2019,"G","Grass",105526,105062,1,19.7651361432972,0.528413672132881,0,0.57825998072353
2019-07-01,2019,"G","Grass",126610,106043,0,-109.303710088407,0.347691337503494,1,0.430934569511091
2019-07-01,2019,"G","Grass",103819,106298,0,438.716767762557,0.925907273521122,1,0.892786325208148
2019-07-01,2019,"G","Grass",104925,200005,1,645.002175375508,0.976175571213902,1,0.954826360561939
2019-07-01,2019,"G","Grass",105676,104269,1,123.534363741211,0.67064880389637,1,0.683438636477009
2019-07-01,2019,"G","Grass",105683,105550,0,169.201975414141,0.725917032378843,0,0.719182370532588
2019-07-01,2019,"G","Grass",105138,105332,0,180.987926820877,0.739206856378095,1,0.729477346897546
2019-07-01,2019,"G","Grass",105023,105815,0,171.719919326001,0.728791407282936,1,0.721401746660959
2019-07-01,2019,"G","Grass",104745,105311,1,556.940671559215,0.961059752179472,1,0.934975185961547
2019-07-01,2019,"G","Grass",105453,105062,1,301.837029999858,0.850370972853612,1,0.824868254517409
2019-07-01,2019,"G","Grass",103819,126610,0,502.364704981702,0.947441766093494,1,0.916673143555434
2019-07-01,2019,"G","Grass",104925,105676,0,249.205144941609,0.807607735025885,1,0.784218176443984
2019-07-01,2019,"G","Grass",105138,105550,0,220.213981022689,0.780340814047523,1,0.7619834326082
2019-07-01,2019,"G","Grass",104745,105023,1,451.493009794448,0.930797366563103,1,0.900645968989228
2019-07-01,2019,"G","Grass",103819,105453,0,139.304186931694,0.69038062609535,1,0.692026000078589
2019-07-01,2019,"G","Grass",104925,105138,0,261.924359567554,0.81872867733872,1,0.793485622316495
2019-07-01,2019,"G","Grass",104745,103819,0,61.6138993387817,0.587751548142191,0,0.615316766831733
2019-07-01,2019,"G","Grass",104925,103819,0,2.41291641439648,0.503472410027016,1,0.552484842887723
2019-07-15,2019,"A","Clay",105077,106005,0,105.184385887483,0.646911324380306,1,0.63762464253716
2019-07-15,2019,"A","Grass",105815,104797,0,1.45809696473862,0.502098357890281,1,0.503965496648199
2019-07-15,2019,"A","Clay",144895,106099,0,-25.4183697749374,0.463485149279754,0,0.498422148440799
2019-07-15,2019,"A","Clay",106148,144719,0,-1.73943399486598,0.497496774172632,1,0.524301525259074
2019-07-15,2019,"A","Grass",105359,104678,0,-105.673498859293,0.352445819872797,0,0.388687373004631
2019-07-15,2019,"A","Clay",105477,126120,0,70.6673023004353,0.60031881775298,0,0.602060668881789
2019-07-15,2019,"A","Clay",134770,106000,1,-113.597533350664,0.342106726148097,0,0.410212466596697
2019-07-15,2019,"A","Grass",122330,106109,1,127.262593529092,0.67537170140724,1,0.644569886195563
2019-07-15,2019,"A","Clay",105373,105487,1,334.155731252906,0.87253433970236,0,0.831432152807278
2019-07-15,2019,"A","Clay",110602,104327,0,-112.088446862211,0.344064579900622,1,0.404803762499146
2019-07-15,2019,"A","Grass",105432,104719,0,-89.5694758532409,0.373880890958469,0,0.405553279961786
2019-07-15,2019,"A","Clay",126094,104898,0,40.8537844824691,0.558523841317133,1,0.570434957741383
2019-07-15,2019,"A","Clay",106198,105208,0,-254.385984734793,0.187800855348298,1,0.267364879130603
2019-07-15,2019,"A","Grass",104999,105065,0,90.0183536819802,0.626723798407485,1,0.599482442903574
2019-07-15,2019,"A","Clay",105155,206173,0,27.605301318232,0.539643833199149,0,0.556177930593908
2019-07-15,2019,"A","Clay",106228,106032,1,75.7657993613539,0.607339602182938,1,0.614286872908664
2019-07-15,2019,"A","Grass",103333,105819,1,101.773295488446,0.642413338322943,0,0.61863067455626
2019-07-15,2019,"A","Clay",106065,105379,1,27.2624702401822,0.539153523026675,0,0.562956213011497
2019-07-15,2019,"A","Clay",105311,106075,1,83.5274330445534,0.617942090441783,1,0.622300668278103
2019-07-15,2019,"A","Grass",105449,111153,1,230.828253908393,0.790634497018762,0,0.740457788654734
2019-07-15,2019,"A","Clay",104919,104665,1,43.4012926162418,0.562136607930029,1,0.580243975799353
2019-07-15,2019,"A","Clay",106329,111200,0,75.4617129127746,0.606922076721344,0,0.607075091207495
2019-07-15,2019,"A","Grass",106071,125802,0,93.7089806215595,0.631680335816256,0,0.603352923464276
2019-07-15,2019,"A","Clay",106210,105649,0,45.2464751572036,0.564749280108277,1,0.575137557797262
2019-07-15,2019,"A","Clay",105643,126523,0,92.7717591881812,0.630424225557905,1,0.624985690637171
2019-07-15,2019,"A","Grass",106368,104660,0,31.0963945646824,0.544632194055129,1,0.536318028948687
2019-07-15,2019,"A","Clay",103893,105091,0,12.2040819075678,0.517555865842323,1,0.539488824797229
2019-07-15,2019,"A","Clay",111797,105967,1,37.3732333933647,0.553577914641209,1,0.573807426817063
2019-07-15,2019,"A","Grass",105614,106045,1,-94.7989332856441,0.366861100119249,0,0.407030789089336
2019-07-15,2019,"A","Clay",105936,106121,1,38.794100363405,0.555598330864254,1,0.575326917444509
2019-07-15,2019,"A","Clay",144707,200221,0,45.9874162745903,0.565797407322119,1,0.57592945861697
2019-07-15,2019,"A","Grass",111790,105051,0,-195.208033728702,0.245324177914132,0,0.300578981195467
2019-07-15,2019,"A","Clay",105634,105226,0,-29.2016735357126,0.458074092396577,0,0.494284450228257
2019-07-15,2019,"A","Clay",105807,104871,0,8.18880085671026,0.511782450062655,0,0.535121636259595
2019-07-15,2019,"A","Clay",105341,105882,0,77.0152049381029,0.609053444343786,0,0.608695097011417
2019-07-15,2019,"A","Clay",104269,105077,1,175.173105024023,0.732702493717289,0,0.71100502772884
2019-07-15,2019,"A","Grass",105173,105815,1,82.1835666424117,0.616114061675539,0,0.598215716549908
2019-07-15,2019,"A","Clay",106432,106099,1,429.091887316537,0.922015464943587,0,0.881963043421143
2019-07-15,2019,"A","Clay",106148,106000,0,-80.7150852618388,0.385887234501948,1,0.438258752197321
2019-07-15,2019,"A","Grass",122330,104678,1,-57.8919549179052,0.417449358240983,1,0.446508630241795
2019-07-15,2019,"A","Clay",105487,126120,0,-10.3099558910924,0.485167134332799,1,0.514942334333907
2019-07-15,2019,"A","Clay",104755,110602,1,223.022351611742,0.783099298779132,1,0.752056080980828
2019-07-15,2019,"A","Grass",111442,104719,1,-89.6884345368237,0.373720601651309,0,0.412438100847017
2019-07-15,2019,"A","Clay",105583,126094,1,74.8318374975336,0.606056730565435,1,0.61331828237603
2019-07-15,2019,"A","Clay",106228,106198,1,15.1972926147118,0.521856724405121,1,0.549929017894827
2019-07-15,2019,"A","Grass",105819,104999,0,-90.5976473840483,0.372496412594249,0,0.404469317103171
2019-07-15,2019,"A","Clay",105379,206173,0,140.646143857621,0.692029436058965,1,0.672653841889452
2019-07-15,2019,"A","Clay",105311,111200,1,158.144530602417,0.713072411836145,1,0.695459995617546
2019-07-15,2019,"A","Grass",125802,111153,0,96.7885353039826,0.635795071318394,1,0.606572701198689
2019-07-15,2019,"A","Clay",104919,106210,1,-7.82926176876754,0.488734693379124,1,0.524890374127631
2019-07-15,2019,"A","Clay",104655,105643,1,76.2940944905511,0.608064603720988,0,0.614834355781481
2019-07-15,2019,"A","Grass",200005,106368,1,-84.8214962977845,0.380300775992968,1,0.417607444889431
2019-07-15,2019,"A","Clay",111513,103893,1,97.0426185656981,0.63613368804097,1,0.636094559720322
2019-07-15,2019,"A","Clay",111797,144707,1,127.28240844554,0.675396708804313,1,0.666133918304728
2019-07-15,2019,"A","Grass",106045,105051,0,-42.9011205513011,0.438572207299092,0,0.455565763489187
2019-07-15,2019,"A","Clay",105936,105226,1,105.253972629385,0.647002816814058,0,0.644368903678812
2019-07-15,2019,"A","Clay",106426,104871,1,-274.903396022692,0.170445790979208,0,0.255632816705435
2019-07-15,2019,"A","Grass",104545,111794,1,287.560347211919,0.839610171442818,1,0.785253678459485
2019-07-15,2019,"A","Clay",104926,105882,1,371.934391754266,0.894827251741927,0,0.853346267251268
2019-07-15,2019,"A","Clay",106148,105077,0,-17.7442422180827,0.474486161911977,0,0.50681520370036
2019-07-15,2019,"A","Grass",105815,122330,-1,47.3007064475732,0.567653722501337,0,0.546717750164495
2019-07-15,2019,"A","Clay",106099,105487,0,12.5366122719117,0.518033809325186,1,0.539850236392291
2019-07-15,2019,"A","Clay",104755,106228,0,323.866364027887,0.865800225915924,0,0.820802224126843
2019-07-15,2019,"A","Grass",104719,104999,0,-27.4192612945776,0.460622228073667,1,0.472409379930698
2019-07-15,2019,"A","Clay",105583,105379,1,85.4774947954174,0.620588773114477,1,0.624303813717679
2019-07-15,2019,"A","Clay",105311,105643,1,40.2505394212783,0.557667422350678,0,0.576882972825971
2019-07-15,2019,"A","Grass",200005,125802,1,-72.3463874200099,0.397364322281194,1,0.430938073817228
2019-07-15,2019,"A","Clay",111513,104919,0,-21.6908471809531,0.468824854538328,1,0.502499054372898
2019-07-15,2019,"A","Clay",111797,104871,1,-52.7849696155504,0.42461543867547,1,0.475760229618043
2019-07-15,2019,"A","Grass",104545,105051,1,149.618371798728,0.70292646447194,1,0.666647301102397
2019-07-15,2019,"A","Clay",105882,105226,0,-81.5896430651255,0.384694888189308,0,0.437317024177045
2019-07-15,2019,"A","Clay",106228,105077,1,-127.787847120401,0.32396574134876,1,0.395280506636587
2019-07-15,2019,"A","Grass",122330,104719,1,-32.0338773861918,0.454029735424638,1,0.474606961709316
2019-07-15,2019,"A","Clay",105583,106099,1,247.333371029259,0.805928023237379,1,0.771353182848535
2019-07-15,2019,"A","Clay",111797,105643,1,69.7500045151498,0.599051192718246,1,0.60803248258932
2019-07-15,2019,"A","Grass",104545,200005,0,300.983683054558,0.849744859661703,1,0.790223314375607
2019-07-15,2019,"A","Clay",111513,105226,1,57.1103638220625,0.581456097361294,0,0.594777606080732
2019-07-15,2019,"A","Clay",111797,106228,0,207.460237286286,0.76749801391106,1,0.733513226771747
2019-07-15,2019,"A","Grass",104545,122330,0,267.294160322688,0.823271135130608,1,0.764746727495132
2019-07-15,2019,"A","Clay",105583,105226,1,186.725073862287,0.74552307627218,1,0.721277946944892
2019-07-22,2019,"A","Clay",100644,111797,1,345.851947625007,0.879836612926791,1,0.838482707612733
2019-07-22,2019,"A","Hard",105777,110536,0,371.463866298739,0.89457207230833,0,0.850660783062144
2019-07-22,2019,"A","Clay",105077,105967,0,-42.2991567725198,0.439425608186591,1,0.479969715622904
2019-07-22,2019,"A","Clay",106065,105643,0,64.3887938928222,0.591616440909521,0,0.595461661525712
2019-07-22,2019,"A","Hard",200175,106058,0,-113.633216857458,0.342060495902792,1,0.405528222913618
2019-07-22,2019,"A","Clay",105882,123755,0,-50.2848183604688,0.428135416276174,1,0.471256497330373
2019-07-22,2019,"A","Clay",105373,127157,0,289.326412301496,0.840974491733747,1,0.79749023879587
2019-07-22,2019,"A","Clay",106148,103893,1,76.3868822890483,0.608191891204661,1,0.614930483683019
2019-07-22,2019,"A","Clay",111513,105936,1,-48.1436088073228,0.431155844959912,0,0.480827049763163
2019-07-22,2019,"A","Clay",105932,106198,1,343.144000336689,0.878178781623243,1,0.836871815486044
2019-07-22,2019,"A","Hard",200615,106045,0,-118.631059128335,0.335615414799693,1,0.400268115653898
2019-07-22,2019,"A","Clay",104797,144817,0,74.2457509998058,0.605250945175177,1,0.605805419197554
2019-07-22,2019,"A","Clay",106228,200221,0,-34.1904125661554,0.45095426052524,1,0.488829688254265
2019-07-22,2019,"A","Hard",105432,126952,0,-11.0802299586333,0.48405967104745,0,0.516539338812823
2019-07-22,2019,"A","Clay",106121,111795,0,118.800758807253,0.66460237041695,1,0.651273144311528
2019-07-22,2019,"A","Clay",104755,111576,0,320.21210264639,0.86333723168419,1,0.818438658122187
2019-07-22,2019,"A","Hard",111442,111815,1,-181.460665230821,0.260268872590062,0,0.342939801877628
2019-07-22,2019,"A","Clay",104665,110602,1,8.14488332753513,0.511719282566415,1,0.54228127328977
2019-07-22,2019,"A","Clay",105332,104871,1,-27.4570324630229,0.460568208601805,0,0.503443278058997
2019-07-22,2019,"A","Hard",126207,106071,1,-16.0690237931594,0.476891290751083,0,0.518331674410004
2019-07-22,2019,"A","Clay",144895,105649,1,-127.410664556489,0.324441449892144,0,0.395675017623202
2019-07-22,2019,"A","Clay",105526,106329,1,156.63350912182,0.711289478218475,1,0.694058085234864
2019-07-22,2019,"A","Hard",105051,111794,0,137.941975413191,0.688701962888627,1,0.672198692698423
2019-07-22,2019,"A","Clay",105208,106210,0,78.9692419913918,0.611728447530724,0,0.610729397261779
2019-07-22,2019,"A","Clay",105807,105870,0,207.277474550139,0.767310225202684,1,0.733356902827679
2019-07-22,2019,"A","Hard",105657,105614,0,136.716207930142,0.687187187153863,0,0.67101595128405
2019-07-22,2019,"A","Clay",105341,105757,0,71.4264634737237,0.6013668974295,1,0.602856125857564
2019-07-22,2019,"A","Clay",104919,200484,0,110.856092772712,0.654332650416835,0,0.643338217513764
2019-07-22,2019,"A","Clay",104926,109699,1,329.743313479892,0.869682576317695,1,0.828709292728575
2019-07-22,2019,"A","Hard",105430,105815,1,-39.4775057420461,0.443430544070566,1,0.492737666474849
2019-07-22,2019,"A","Clay",105311,104327,1,-34.9716870859411,0.44984098192387,1,0.49522441667203
2019-07-22,2019,"A","Clay",106426,126094,1,-200.140402842515,0.240105578006887,0,0.322630782123247
2019-07-22,2019,"A","Hard",105554,105359,0,165.69191239028,0.721878609447153,1,0.698370627142944
2019-07-22,2019,"A","Clay",103990,126237,0,98.0967251019208,0.637537052637095,0,0.63042978476155
2019-07-22,2019,"A","Clay",134770,104898,0,-67.4672724256968,0.404109067786913,1,0.452574668921635
2019-07-22,2019,"A","Hard",124187,122330,0,2.37651622603016,0.50342002843366,1,0.531222846461208
2019-07-22,2019,"A","Clay",144719,104291,0,-68.4383142417778,0.402763749179533,1,0.451522372501054
2019-07-22,2019,"A","Clay",105916,104259,0,-26.5791469764904,0.461823977397295,1,0.497152588201308
2019-07-22,2019,"A","Clay",106233,104655,1,218.750852168269,0.778893722387367,1,0.74855505755142
2019-07-22,2019,"A","Hard",126203,110536,1,179.715449087605,0.73779227567171,1,0.717056420236408
2019-07-22,2019,"A","Clay",104269,105077,1,175.173105024023,0.732702493717289,0,0.71100502772884
2019-07-22,2019,"A","Clay",100644,105643,1,415.601952140157,0.91624570779413,1,0.875679210090694
2019-07-22,2019,"A","Hard",200005,200175,1,-6.27045758480767,0.490977065790413,0,0.529024289589651
2019-07-22,2019,"A","Clay",106148,105882,1,118.044270610538,0.663630987519951,1,0.657085808429215
2019-07-22,2019,"A","Clay",105936,105373,0,-155.756849184638,0.289747950462415,1,0.359730080985423
2019-07-22,2019,"A","Hard",105732,200615,1,207.131668812442,0.767160334042652,0,0.740746406283546
2019-07-22,2019,"A","Clay",105583,104797,1,150.083633552752,0.703485437278079,1,0.687939755113863
2019-07-22,2019,"A","Clay",105932,106228,1,327.946707721977,0.868505969201988,1,0.827590670983563
2019-07-22,2019,"A","Hard",111815,126952,0,170.261476588605,0.727128820925441,1,0.702565069666991
2019-07-22,2019,"A","Clay",104665,106121,1,-31.0599538792064,0.455419830926125,1,0.499502681682164
2019-07-22,2019,"A","Clay",104755,104871,0,63.6211571260505,0.590548382268214,0,0.594652414189884
2019-07-22,2019,"A","Hard",105051,106071,0,-14.6900567857392,0.47887189773719,0,0.512594506840161
2019-07-22,2019,"A","Clay",106210,105649,0,45.2464751572036,0.564749280108277,0,0.575137557797262
2019-07-22,2019,"A","Clay",105526,105807,1,-16.5225441339539,0.476240056306253,0,0.515397924094348
2019-07-22,2019,"A","Hard",200282,105614,1,225.578852244313,0.78558853428728,1,0.755941703710598
2019-07-22,2019,"A","Clay",132283,105341,1,16.44259895506,0.523645151879648,0,0.551277104601763
2019-07-22,2019,"A","Clay",104926,200484,1,322.399630458837,0.864816175781469,1,0.824100403560377
2019-07-22,2019,"A","Hard",105430,105554,1,-110.087167743365,0.346669176541442,0,0.416303845208345
2019-07-22,2019,"A","Clay",105311,126237,1,143.770359626259,0.695849068374229,1,0.68197971508754
2019-07-22,2019,"A","Clay",134770,126094,0,-108.321056908166,0.348975370389151,0,0.4087810829034
2019-07-22,2019,"A","Hard",104545,124187,1,264.917644096658,0.821271894994058,0,0.786282723682524
2019-07-22,2019,"A","Clay",105138,144719,1,301.993062362506,0.850485223319797,1,0.810782285080884
2019-07-22,2019,"A","Clay",106233,105916,1,197.085407412903,0.756671127286259,1,0.730298084802926
2019-07-22,2019,"A","Hard",126203,200175,1,143.940124504862,0.696055856024552,1,0.684254135778329
2019-07-22,2019,"A","Clay",106148,105077,1,-17.7442422180827,0.474486161911977,0,0.514062867395297
2019-07-22,2019,"A","Clay",100644,105936,1,374.469234925001,0.896192610159993,1,0.8547286864986
2019-07-22,2019,"A","Hard",111815,200615,0,167.662499235866,0.724150322598719,1,0.700183567713933
2019-07-22,2019,"A","Clay",105583,104665,0,151.325155475514,0.704974038130437,0,0.682857023250502
2019-07-22,2019,"A","Clay",105932,104871,1,67.7015008201408,0.596215573983537,1,0.605894498049098
2019-07-22,2019,"A","Hard",200282,106071,1,73.1887416216282,0.603796263428033,1,0.613928979828229
2019-07-22,2019,"A","Clay",105341,105649,0,-45.9584357416022,0.434243577230364,0,0.4759752135651
2019-07-22,2019,"A","Clay",104926,105807,1,95.4997182875004,0.634075399007715,0,0.634530624506979
2019-07-22,2019,"A","Hard",105554,124187,0,115.533852222862,0.660397545800737,0,0.65024399346091
2019-07-22,2019,"A","Clay",105138,105311,0,235.815329067276,0.795346921563774,0,0.757049909778823
2019-07-22,2019,"A","Clay",106233,126094,1,247.272965708296,0.805873631093436,0,0.771306570826085
2019-07-22,2019,"A","Hard",126203,111815,1,-7.28504872238955,0.489517508328145,1,0.527918191604643
2019-07-22,2019,"A","Clay",104665,105077,1,-18.7989513767216,0.472972504752655,0,0.512910132016093
2019-07-22,2019,"A","Clay",100644,105932,0,225.365477189315,0.785381570291221,0,0.748542795334676
2019-07-22,2019,"A","Hard",200282,124187,1,203.178070705297,0.763070354489478,1,0.73741090280557
2019-07-22,2019,"A","Clay",105311,105649,1,62.9877972209288,0.5896665068106,0,0.600959591130305
2019-07-22,2019,"A","Clay",105807,126094,0,82.9517940368867,0.617159468081741,0,0.614863554845015
2019-07-22,2019,"A","Hard",126203,200282,0,-89.0335275735276,0.374603390336769,0,0.431714279932163
2019-07-22,2019,"A","Clay",105077,105649,0,12.8148721489158,0.518433724908292,1,0.540152631763094
2019-07-22,2019,"A","Clay",105932,126094,1,142.464494000317,0.694255773374531,1,0.680739352905142
2019-07-29,2019,"A","Hard",104542,111790,0,359.819623000384,0.888081068634311,1,0.844072877736187
2019-07-29,2019,"A","Hard",105575,144750,0,67.5375321396757,0.595988321368268,0,0.601119131838644
2019-07-29,2019,"A","Hard",126094,105376,0,5.67749186972082,0.50816984039861,0,0.534817486002442
2019-07-29,2019,"A","Hard",105051,105065,0,148.241003525171,0.701268112632235,0,0.682048964725158
2019-07-29,2019,"A","Hard",103333,106216,0,85.2577748663264,0.620290917749951,0,0.619553980106586
2019-07-29,2019,"A","Hard",122330,105614,0,20.0242653129853,0.528785368884172,1,0.550393850370665
2019-07-29,2019,"A","Hard",124187,111153,0,60.5081868418731,0.586208455852458,1,0.593722906864164
2019-07-29,2019,"A","Hard",105657,111453,0,134.483127850087,0.684417314158,1,0.668855681933922
2019-07-29,2019,"A","Hard",105554,106415,0,-62.3781913748903,0.411182838859578,0,0.460521210125033
2019-07-29,2019,"A","Hard",106401,111515,0,352.666280449045,0.883922395628667,1,0.839909461882702
2019-07-29,2019,"A","Hard",200175,200615,0,16.4373260086138,0.523637580464734,1,0.546507538233393
2019-07-29,2019,"A","Hard",105173,125802,0,90.8274084018453,0.627812686018413,1,0.625280453350297
2019-07-29,2019,"A","Hard",128034,105385,0,-91.8506510470841,0.370812012559189,1,0.428693136334437
2019-07-29,2019,"A","Hard",104291,117360,0,170.614163018937,0.727531457393867,0,0.702887402570874
2019-07-29,2019,"A","Hard",111442,106058,0,-143.868708861027,0.304031124480309,1,0.374077969797194
2019-07-29,2019,"A","Hard",106045,126205,0,19.3562819169535,0.527827144762234,0,0.549670567283529
2019-07-29,2019,"A","Hard",111575,104542,1,124.941692869808,0.672435716938143,0,0.666027993594995
2019-07-29,2019,"A","Clay",106065,104871,0,-58.1461802378781,0.417093514409101,0,0.462695951254895
2019-07-29,2019,"A","Hard",105777,105449,0,135.572893276383,0.685770692796147,1,0.669910811072973
2019-07-29,2019,"A","Hard",106378,144750,1,267.739376350233,0.823643712920527,1,0.788349862726626
2019-07-29,2019,"A","Clay",105341,144719,0,-42.7684996673013,0.438760192203667,0,0.479457222694361
2019-07-29,2019,"A","Hard",126952,105649,0,-97.0405352962948,0.363869087784051,1,0.42314144119169
2019-07-29,2019,"A","Hard",200282,105376,1,90.1376732629949,0.626884468886534,0,0.631349058126498
2019-07-29,2019,"A","Clay",105916,105077,1,107.881924896652,0.650450105062255,0,0.646999171143701
2019-07-29,2019,"A","Hard",106426,106228,1,-14.6581891208552,0.47891767728156,0,0.519872504026747
2019-07-29,2019,"A","Hard",105683,105065,1,328.941502468747,0.869158575616917,1,0.829595562758849
2019-07-29,2019,"A","Hard",106421,106216,1,407.832626599765,0.912749112568864,1,0.873017735036176
2019-07-29,2019,"A","Clay",110602,200514,0,80.1875571641449,0.613392885648414,1,0.611995812091483
2019-07-29,2019,"A","Hard",105208,105359,0,222.582427877862,0.78266884937006,1,0.748088628026596
2019-07-29,2019,"A","Hard",126207,122330,1,116.29682151654,0.661381857148522,1,0.65756317141147
2019-07-29,2019,"A","Clay",105373,104897,0,194.549946629216,0.753973787443813,0,0.722328073045373
2019-07-29,2019,"A","Hard",111815,106296,0,218.028244985511,0.778176521628604,1,0.744315321661897
2019-07-29,2019,"A","Hard",2e+05,124187,1,-24.0136291382016,0.465496534714372,1,0.509649382287728
2019-07-29,2019,"A","Clay",105807,134770,1,191.272850945053,0.750457735776414,0,0.725260157600513
2019-07-29,2019,"A","Hard",105062,106000,1,41.3876373171379,0.559281454947096,1,0.58047646829776
2019-07-29,2019,"A","Hard",105227,105657,1,277.862480096636,0.831949192284614,1,0.795645165164576
2019-07-29,2019,"A","Clay",132283,105643,1,-52.2530945861927,0.425363641243338,1,0.476340626638685
2019-07-29,2019,"A","Hard",105430,104386,1,-35.2506892085376,0.44944353843982,1,0.497360208819729
2019-07-29,2019,"A","Hard",105676,106415,1,181.818947878246,0.740128010657033,0,0.718919789434366
2019-07-29,2019,"A","Clay",106148,106198,0,125.240897517031,0.672814981508549,1,0.657644637891781
2019-07-29,2019,"A","Hard",105815,106121,0,-28.3603349917064,0.459276604540602,0,0.497645490328748
2019-07-29,2019,"A","Hard",104468,106401,1,-62.5970129230977,0.410877900133923,0,0.467496381721501
2019-07-29,2019,"A","Clay",104198,106075,0,3.56509601629523,0.505130405527221,0,0.530086062545707
2019-07-29,2019,"A","Hard",106423,126125,0,90.2189670507321,0.626993919474652,1,0.624656549460912
2019-07-29,2019,"A","Hard",105732,200175,1,190.694342803828,0.749833573522099,0,0.726699104061572
2019-07-29,2019,"A","Hard",105173,105613,0,253.146990006056,0.811108830834826,0,0.772443900414223
2019-07-29,2019,"A","Clay",104665,104919,-1,-43.4012926162418,0.437863392069971,1,0.471533408094305
2019-07-29,2019,"A","Hard",126203,136440,1,155.176357445978,0.709563889520759,1,0.694777301485661
2019-07-29,2019,"A","Hard",104545,128034,1,299.62836899596,0.84874601495762,1,0.810693112956332
2019-07-29,2019,"A","Clay",104755,104259,0,61.6174450343435,0.587756493630487,0,0.592537674166725
2019-07-29,2019,"A","Hard",105357,105432,0,226.311403100778,0.786297970366614,0,0.751150589441804
2019-07-29,2019,"A","Hard",105332,117360,1,223.180984318788,0.783254363833693,1,0.754001068290762
2019-07-29,2019,"A","Clay",124116,111192,0,80.013218829271,0.613154869427489,1,0.611814683083648
2019-07-29,2019,"A","Hard",104719,106412,0,140.772716294075,0.692184699009382,1,0.674921713245212
2019-07-29,2019,"A","Hard",105526,111442,1,245.178212591618,0.803980243516577,0,0.771412359290786
2019-07-29,2019,"A","Hard",126774,126205,1,295.117219907656,0.84538203147196,1,0.807645636940174
2019-07-29,2019,"A","Clay",105583,104871,1,0.0688443173571613,0.500099074935506,0,0.53349916274928
2019-07-29,2019,"A","Hard",105550,105777,1,-179.095164515539,0.262899069133955,1,0.345275527940151
2019-07-29,2019,"A","Hard",106378,104542,1,3.68755166389246,0.505306614171598,1,0.539863619143579
2019-07-29,2019,"A","Clay",105077,144719,0,16.0048082232167,0.523016492228543,1,0.543617087485236
2019-07-29,2019,"A","Hard",106228,126952,0,-17.9324396751908,0.474216036706917,0,0.509049866698676
2019-07-29,2019,"A","Hard",105683,105376,1,182.959373799204,0.741388686555927,0,0.719926897231357
2019-07-29,2019,"A","Clay",104655,110602,1,113.160314845542,0.657326586289075,1,0.652255264817988
2019-07-29,2019,"A","Hard",106043,105208,1,41.0378573994719,0.558785098110405,1,0.580103765725033
2019-07-29,2019,"A","Hard",106421,126207,0,276.906817002065,0.831178660376761,1,0.790196564540675
2019-07-29,2019,"A","Clay",134770,104897,0,-62.8886957282189,0.41047153210067,1,0.457541930490972
2019-07-29,2019,"A","Hard",105062,111815,1,43.9524112174995,0.562917327930746,1,0.583206493500018
2019-07-29,2019,"A","Hard",105227,2e+05,0,416.191535625964,0.916505787533647,1,0.873854121491964
2019-07-29,2019,"A","Clay",132283,106148,1,-24.5864667173753,0.464676174910257,1,0.506582598118735
2019-07-29,2019,"A","Hard",105430,106121,1,-67.8378407337525,0.403595496951087,1,0.461793014574382
2019-07-29,2019,"A","Hard",106401,106415,0,108.456748435093,0.651202068729642,1,0.643170069285862
2019-07-29,2019,"A","Clay",104269,106075,1,208.527612996563,0.768592631342889,1,0.74004347734628
2019-07-29,2019,"A","Hard",106298,106423,1,112.545593699917,0.656529074975068,0,0.653858247806879
2019-07-29,2019,"A","Hard",200175,105613,0,96.2436517690082,0.635068451862616,0,0.630815801449852
2019-07-29,2019,"A","Clay",104259,104665,0,153.260023249863,0.707285280571853,0,0.684687377024874
2019-07-29,2019,"A","Hard",126203,105432,1,174.056657824849,0.731441929567108,1,0.712006694879604
2019-07-29,2019,"A","Hard",104545,105332,0,98.8937940674812,0.638596662284894,0,0.633511833041606
2019-07-29,2019,"A","Clay",106233,124116,1,339.743262235596,0.876068949169776,1,0.834830508087229
2019-07-29,2019,"A","Hard",104926,104719,1,267.512040476249,0.823453544709069,1,0.788183864583779
2019-07-29,2019,"A","Hard",126774,111442,1,408.190163113993,0.91291288034159,1,0.873191038121556
2019-07-29,2019,"A","Clay",105077,104871,0,-132.457359781435,0.31810680361443,1,0.383527653123598
2019-07-29,2019,"A","Hard",105550,126952,1,175.629680561811,0.733216922345276,1,0.713415788188983
2019-07-29,2019,"A","Hard",106378,105376,1,170.558015791202,0.727467383060585,0,0.708857915400641
2019-07-29,2019,"A","Clay",104655,134770,1,136.843170448193,0.687344270947731,0,0.675370880486078
2019-07-29,2019,"A","Hard",106043,105062,0,48.0802220382575,0.568754661271675,1,0.580543660482144
2019-07-29,2019,"A","Hard",106421,105227,0,-1.35078419518754,0.498056075074668,1,0.527160075879098
2019-07-29,2019,"A","Clay",104269,132283,0,217.503813959481,0.777654973677816,0,0.742013690180111
2019-07-29,2019,"A","Hard",105430,106423,1,-49.8141740612396,0.428798864682501,1,0.481440083412692
2019-07-29,2019,"A","Hard",106401,105613,0,412.408025174947,0.914823955932715,1,0.872018149611822
2019-07-29,2019,"A","Clay",106233,104665,1,323.766283686276,0.865733273619576,1,0.824965440028381
2019-07-29,2019,"A","Hard",104926,126203,0,183.024858504641,0.74146095513714,0,0.714100163709143
2019-07-29,2019,"A","Hard",126774,105332,0,182.135239708154,0.740478052553557,1,0.713304899100045
2019-07-29,2019,"A","Clay",134770,105077,0,-50.6266903069074,0.427653654919629,0,0.470883830893972
2019-07-29,2019,"A","Hard",105550,106043,0,-86.6644292825513,0.377803778006587,0,0.434258900327665
2019-07-29,2019,"A","Hard",106421,105376,1,277.786724850273,0.831888214915061,1,0.795591272111825
2019-07-29,2019,"A","Clay",106233,132283,0,347.298041245013,0.880713922296063,1,0.835387921871342
2019-07-29,2019,"A","Hard",126203,105430,0,108.697858652273,0.651517256808102,1,0.643412122171599
2019-07-29,2019,"A","Hard",126774,106401,1,61.790297704485,0.587997564699039,0,0.60204428598211
2019-07-29,2019,"A","Clay",106233,105077,1,304.967332309555,0.85264932726894,1,0.812770488228119
2019-07-29,2019,"A","Hard",106043,126203,0,99.3176819781465,0.639159623489393,1,0.633942291504332
2019-07-29,2019,"A","Hard",106421,106401,1,104.458330259729,0.645956067334112,0,0.645807477405184
2019-08-05,2019,"M","Hard",133430,105732,0,47.6286588575897,0.568116983932917,1,0.558550415599413
2019-08-05,2019,"M","Hard",105357,103852,0,-15.6458421311968,0.477499031158869,1,0.489616051786004
2019-08-05,2019,"M","Hard",105227,105614,1,414.578688026778,0.915792573075347,1,0.866420458121016
2019-08-05,2019,"M","Hard",104545,111442,1,324.94871747332,0.866522503592849,1,0.814201704636855
2019-08-05,2019,"M","Hard",106426,111513,0,-145.357530299824,0.302220723707267,1,0.352281864596161
2019-08-05,2019,"M","Hard",106401,106378,0,2.77037879934096,0.503986811083072,0,0.509755835278831
2019-08-05,2019,"M","Hard",105916,111815,0,47.4758557532571,0.567901150972749,0,0.558385574377764
2019-08-05,2019,"M","Hard",105526,104542,0,-94.7637223546565,0.36690818110913,1,0.404276255519848
2019-08-05,2019,"M","Hard",105932,105583,1,67.6326565027837,0.5961201641298,1,0.587054339053749
2019-08-05,2019,"M","Hard",105683,106298,1,128.193319000852,0.676545240681456,1,0.649479320521643
2019-08-05,2019,"M","Hard",2e+05,105577,0,-85.0751416224502,0.379956731389998,1,0.414524675410297
2019-08-05,2019,"M","Hard",104527,105777,0,-2.52514103527028,0.496366093918375,1,0.50396508080165
2019-08-05,2019,"M","Hard",105332,104755,0,-91.0781895890734,0.371850056102861,0,0.408165435138553
2019-08-05,2019,"M","Hard",106043,106065,0,78.1275228555946,0.610576980597348,1,0.591147737676037
2019-08-05,2019,"M","Hard",105138,106071,1,217.022447766385,0.777175483581701,1,0.732113928672055
2019-08-05,2019,"M","Hard",104792,105166,1,315.171283430353,0.859877361462026,1,0.807643555625528
2019-08-05,2019,"M","Hard",126952,125802,0,-85.1122331965555,0.379906430465309,0,0.414485293081284
2019-08-05,2019,"M","Hard",126203,128034,0,148.855268031072,0.702008343806138,0,0.663323995747779
2019-08-05,2019,"M","Hard",111790,126205,0,-132.950631260447,0.317491192464489,0,0.364764363415298
2019-08-05,2019,"M","Hard",105062,105173,0,38.2742462077038,0.554859328597271,0,0.548436616323669
2019-08-05,2019,"M","Hard",106432,105376,1,262.267845654532,0.819021942316379,1,0.769114999308015
2019-08-05,2019,"M","Hard",105676,105550,1,232.933195648634,0.792633183301756,0,0.745543407687004
2019-08-05,2019,"M","Hard",104468,105430,0,218.325094630251,0.778471351421562,0,0.727518670961235
2019-08-05,2019,"M","Hard",200282,105554,0,87.6442184824348,0.623521117563045,0,0.601171119914715
2019-08-05,2019,"M","Hard",106233,133430,1,157.463434731994,0.712269565761656,1,0.678046033566604
2019-08-05,2019,"M","Hard",105227,105357,1,225.778618080063,0.785782166409041,1,0.73955985878013
2019-08-05,2019,"M","Hard",104545,106426,1,346.34015762715,0.88013341909596,0,0.82794506296895
2019-08-05,2019,"M","Hard",106421,106378,1,107.22870905907,0.649594682273403,1,0.628323697585564
2019-08-05,2019,"M","Hard",100644,111815,1,365.118268647497,0.891077007134409,1,0.839334707082091
2019-08-05,2019,"M","Hard",105932,105526,1,76.0352440973845,0.607709431825266,1,0.595936549818276
2019-08-05,2019,"M","Hard",105683,2e+05,1,320.013400379707,0.863202220519788,0,0.810913178132662
2019-08-05,2019,"M","Hard",111575,104527,1,101.484735131786,0.642031665819751,1,0.622436430227188
2019-08-05,2019,"M","Hard",105453,104755,1,210.116993453267,0.770215891069349,0,0.726147463053357
2019-08-05,2019,"M","Hard",105138,106043,1,133.549551740138,0.683255413041986,1,0.654795176406612
2019-08-05,2019,"M","Hard",104792,125802,1,217.464552502165,0.777615892851471,1,0.732493097017408
2019-08-05,2019,"M","Hard",126774,128034,1,382.869814636633,0.900605973051236,0,0.849533694362139
2019-08-05,2019,"M","Hard",104926,126205,1,244.127531806735,0.80302531781279,1,0.754722103562076
2019-08-05,2019,"M","Hard",106432,105173,1,248.20048623288,0.806707544567517,0,0.758005701791026
2019-08-05,2019,"M","Hard",105550,105430,0,121.351111347868,0.667866908878106,1,0.635946397792402
2019-08-05,2019,"M","Hard",104745,105554,1,552.60326711913,0.960114515860239,1,0.922264780289165
2019-08-05,2019,"M","Hard",106233,105227,0,-26.1870514674431,0.462385006804712,1,0.478099262656814
2019-08-05,2019,"M","Hard",106421,106426,1,472.249635823067,0.938108770975255,1,0.893021306073072
2019-08-05,2019,"M","Hard",100644,105932,0,225.365477189315,0.785381570291221,1,0.733581612225546
2019-08-05,2019,"M","Hard",111575,2e+05,1,428.866183577622,0.921921993430286,1,0.873490547390857
2019-08-05,2019,"M","Hard",105138,104755,1,89.9097372318035,0.626577515969835,1,0.610463873731202
2019-08-05,2019,"M","Hard",104792,128034,1,288.455625863576,0.840302971685127,1,0.788830609542886
2019-08-05,2019,"M","Hard",104926,105173,1,170.061644772455,0.726900522563678,1,0.689958043379836
2019-08-05,2019,"M","Hard",104745,105550,1,541.339323514628,0.957556040498928,1,0.9186575000679
2019-08-05,2019,"M","Hard",106233,106421,0,-24.8362672722556,0.46431849550044,0,0.479574018329591
2019-08-05,2019,"M","Hard",100644,111575,0,81.6953060622359,0.615449076203581,0,0.594914843531339
2019-08-05,2019,"M","Hard",105138,104792,0,93.2668758857794,0.631088026642504,0,0.607054110797148
2019-08-05,2019,"M","Hard",104745,104926,0,370.967717705582,0.89430240527102,1,0.838873957353863
2019-08-05,2019,"M","Hard",111575,106421,0,14.0254321468451,0.520173262366352,0,0.522052833151404
2019-08-05,2019,"M","Hard",104745,104792,0,414.392218377718,0.915709758801454,1,0.86293139047745
2019-08-05,2019,"M","Hard",104745,106421,0,277.309997049418,0.831504079130515,1,0.775585878493707
2019-08-12,2019,"M","Hard",106426,105173,0,-208.530270394447,0.231404647936803,0,0.292059676600912
2019-08-12,2019,"M","Hard",105550,134770,0,116.400963423508,0.66151610325431,1,0.630917872005989
2019-08-12,2019,"M","Hard",105676,126203,1,245.586448344229,0.804350328640493,1,0.755901723548589
2019-08-12,2019,"M","Hard",106432,124187,1,375.308243096835,0.896641066788133,0,0.845255937599316
2019-08-12,2019,"M","Hard",200282,106065,0,67.8433684509757,0.596412162319438,1,0.580230435361279
2019-08-12,2019,"M","Hard",111442,106415,0,-237.943116974415,0.202666593592722,0,0.266181873402756
2019-08-12,2019,"M","Hard",104755,104918,0,-164.758949255671,0.279200922553494,1,0.333165112063199
2019-08-12,2019,"M","Hard",106043,111513,0,149.527208340584,0.702816867996196,1,0.663980190815872
2019-08-12,2019,"M","Hard",105227,105430,1,386.731222008265,0.902578071377644,0,0.851680395055237
2019-08-12,2019,"M","Hard",105138,128034,1,381.722501749356,0.900013209256588,1,0.848890952450631
2019-08-12,2019,"M","Hard",104792,126207,0,139.824595673765,0.691020610013548,0,0.654444552398645
2019-08-12,2019,"M","Hard",2e+05,200175,0,5.78195223489115,0.508320130069507,0,0.513047981890262
2019-08-12,2019,"M","Hard",105526,103333,0,116.894868655819,0.662152426921272,1,0.631420897083442
2019-08-12,2019,"M","Hard",105332,104269,0,-70.1727777056108,0.400364406070138,1,0.430430626461034
2019-08-12,2019,"M","Hard",106421,106378,1,107.22870905907,0.649594682273403,1,0.628323697585564
2019-08-12,2019,"M","Hard",105932,126094,1,142.464494000317,0.694255773374531,0,0.663557215660042
2019-08-12,2019,"M","Hard",104527,105777,0,-2.52514103527028,0.496366093918375,1,0.50396508080165
2019-08-12,2019,"M","Hard",126610,106228,0,170.922839431146,0.727883545718115,0,0.684533920289586
2019-08-12,2019,"M","Hard",106401,132283,0,267.675978257539,0.823590696119594,1,0.768164753181046
2019-08-12,2019,"M","Hard",106298,106045,0,95.4083004940251,0.633953289472871,1,0.609286642243775
2019-08-12,2019,"M","Hard",133430,105311,0,97.3309725055474,0.636517813954364,1,0.611287225740235
2019-08-12,2019,"M","Hard",104545,105583,1,71.3679172871011,0.601286102887929,1,0.591010174964128
2019-08-12,2019,"M","Hard",104468,105807,0,22.1020957608382,0.53176463517122,0,0.530861619593841
2019-08-12,2019,"M","Hard",105732,105023,0,-55.7453481168088,0.420457396702572,0,0.445968028387885
2019-08-12,2019,"M","Hard",105062,105173,0,38.2742462077038,0.554859328597271,0,0.548436616323669
2019-08-12,2019,"M","Hard",105676,105550,1,232.933195648634,0.792633183301756,1,0.745543407687004
2019-08-12,2019,"M","Hard",200282,124187,0,203.178070705297,0.763070354489478,1,0.714185979891912
2019-08-12,2019,"M","Hard",105453,106415,1,289.306989473764,0.840959538527358,0,0.789450386623704
2019-08-12,2019,"M","Hard",104755,105643,0,186.156131256751,0.744901230587446,1,0.6987456631662
2019-08-12,2019,"M","Hard",106043,105430,0,208.015540630419,0.76806793974907,1,0.71848635133256
2019-08-12,2019,"M","Hard",105138,126207,1,233.091471559544,0.792782898614987,1,0.745674748827368
2019-08-12,2019,"M","Hard",100644,200175,1,516.343441874749,0.95130747407417,0,0.910102653866766
2019-08-12,2019,"M","Hard",126774,105526,1,163.011950522375,0.718770735828179,0,0.683322081830342
2019-08-12,2019,"M","Hard",106421,105332,1,224.803272263398,0.784835562328887,1,0.738737130237362
2019-08-12,2019,"M","Hard",104527,126094,0,184.64992999561,0.743250157912506,0,0.697356746518052
2019-08-12,2019,"M","Hard",103819,106228,1,673.287544412848,0.979682673204479,1,0.952642373865187
2019-08-12,2019,"M","Hard",111575,106401,1,118.483762406574,0.664195494253066,1,0.63974843727399
2019-08-12,2019,"M","Hard",106298,133430,0,-40.7209680476712,0.441664686699462,1,0.462260860254286
2019-08-12,2019,"M","Hard",104545,105807,1,63.247960747748,0.590028822498889,0,0.582396372542538
2019-08-12,2019,"M","Hard",104925,105023,1,392.292026870063,0.905356743809144,1,0.854727341934559
2019-08-12,2019,"M","Hard",105676,105173,1,232.623234612043,0.792339755662922,1,0.745286065205804
2019-08-12,2019,"M","Hard",200282,106415,0,25.2660271075445,0.536296774303203,0,0.53430741984759
2019-08-12,2019,"M","Hard",106043,104755,0,-43.639814508334,0.437525461617359,0,0.459088167257417
2019-08-12,2019,"M","Hard",105138,200175,1,376.807358223146,0.897438089420112,1,0.846111844511333
2019-08-12,2019,"M","Hard",106421,105526,1,205.679983077619,0.765664306646047,1,0.722270405732464
2019-08-12,2019,"M","Hard",103819,126094,1,487.805330691188,0.943108382902434,0,0.899351178431336
2019-08-12,2019,"M","Hard",111575,106298,1,237.046102198766,0.796497719208467,0,0.748941869500598
2019-08-12,2019,"M","Hard",104925,105807,1,407.266453068698,0.912489209888115,1,0.862674392585282
2019-08-12,2019,"M","Hard",105676,106415,1,181.818947878246,0.740128010657033,1,0.70085251905717
2019-08-12,2019,"M","Hard",105138,104755,1,89.9097372318035,0.626577515969835,0,0.610463873731202
2019-08-12,2019,"M","Hard",106421,126094,1,272.109232980552,0.827267887657668,1,0.776671956897797
2019-08-12,2019,"M","Hard",104925,106298,1,441.129684176954,0.92685454067602,1,0.87930153696513
2019-08-12,2019,"M","Hard",105676,104755,1,102.628951857748,0.643544033481006,1,0.623612138423393
2019-08-12,2019,"M","Hard",104925,106421,0,218.109014125032,0.778256768962735,0,0.727331230631991
2019-08-12,2019,"M","Hard",106421,105676,0,31.0961308165765,0.544631817515484,1,0.540648110790388
2019-08-19,2019,"A","Hard",105815,104918,0,-376.936798652378,0.102493347924379,1,0.177347471920928
2019-08-19,2019,"A","Hard",106329,200615,0,74.7465374748422,0.605939490941663,0,0.608656739783194
2019-08-19,2019,"A","Hard",126094,105341,0,116.467674491777,0.661602084767416,1,0.651172557441109
2019-08-19,2019,"A","Hard",106148,106218,0,81.3435135775185,0.61496968546821,1,0.61550938920559
2019-08-19,2019,"A","Hard",105967,117353,0,144.960120012744,0.69729662501073,0,0.678928145337593
2019-08-19,2019,"A","Hard",111797,104665,0,98.4713415426061,0.638035228429491,0,0.633082620082754
2019-08-19,2019,"A","Hard",104871,106031,0,226.054794335681,0.786049653275646,1,0.750940680610448
2019-08-19,2019,"A","Hard",104312,104607,0,-144.145250282841,0.303694389527498,0,0.373794733099536
2019-08-19,2019,"A","Hard",105449,144895,0,249.52208106116,0.807891051435145,1,0.769644293518902
2019-08-19,2019,"A","Hard",144719,144750,0,29.1596776042757,0.541865894932141,0,0.560262906593714
2019-08-19,2019,"A","Hard",106065,122330,0,137.711218480352,0.688417105841057,1,0.671976202059176
2019-08-19,2019,"A","Hard",106045,104898,0,-5.46595308292535,0.492134510099319,0,0.52267036717976
2019-08-19,2019,"A","Hard",126156,106000,0,-166.888181971465,0.276740947331723,0,0.350812287363801
2019-08-19,2019,"A","Hard",105373,105657,0,153.520048370166,0.707595076265585,0,0.687036235233886
2019-08-19,2019,"A","Hard",105432,105649,0,-108.120765254928,0.349237361360813,1,0.411355152816836
2019-08-19,2019,"A","Hard",133430,105815,1,163.603230066782,0.719458240674822,1,0.702538802886311
2019-08-19,2019,"A","Hard",200175,200615,1,16.4373260086138,0.523637580464734,1,0.553685570341466
2019-08-19,2019,"A","Hard",126094,105077,-1,57.6943666012585,0.582274014372237,1,0.583719967277426
2019-08-19,2019,"A","Hard",105023,106148,1,173.364829054862,0.730658910600951,1,0.711385658991546
2019-08-19,2019,"A","Hard",128034,117353,1,6.9267156301571,0.509967024594414,1,0.543381848962597
2019-08-19,2019,"A","Hard",103852,104665,1,139.820559204853,0.691015648893353,1,0.68034741409669
2019-08-19,2019,"A","Hard",126207,104871,1,-79.56057720169,0.387463353809635,1,0.449073992992403
2019-08-19,2019,"A","Hard",105936,104607,1,-157.448474845628,0.287748083320299,1,0.366986064328646
2019-08-19,2019,"A","Hard",105554,105449,1,-54.7862148436579,0.421803355257007,0,0.476011873578133
2019-08-19,2019,"A","Hard",134770,144750,1,-5.46220447941505,0.49213990343935,1,0.529905236332616
2019-08-19,2019,"A","Hard",105357,106065,1,31.0645861533776,0.544586782449607,1,0.569440016856735
2019-08-19,2019,"A","Hard",105311,104898,1,33.3323429532236,0.547822465936456,0,0.57187081356073
2019-08-19,2019,"A","Hard",132283,106000,1,-105.301551979214,0.352934632205165,1,0.421400134318112
2019-08-19,2019,"A","Hard",105807,105657,1,87.3542569577835,0.623129215717342,1,0.628510315301182
2019-08-19,2019,"A","Hard",200005,106216,1,-19.0605346507107,0.472597171467743,1,0.515063406871317
2019-08-19,2019,"A","Hard",105332,105432,1,225.935964722256,0.785934592227458,1,0.756229832306553
2019-08-19,2019,"A","Hard",133430,200175,0,238.323001661418,0.797686546601223,1,0.760843286979552
2019-08-19,2019,"A","Hard",105023,126094,1,97.926220235521,0.637310212385664,0,0.639243714923864
2019-08-19,2019,"A","Hard",128034,103852,0,-216.755855438198,0.223090386883668,1,0.302876122465681
2019-08-19,2019,"A","Hard",105936,126207,0,-1.841679713855,0.497349634664021,0,0.526624718174761
2019-08-19,2019,"A","Hard",134770,105449,1,-159.923234662663,0.284837256977116,0,0.364474525811921
2019-08-19,2019,"A","Hard",105357,104898,1,88.535183578145,0.624724301924842,1,0.629715812027139
2019-08-19,2019,"A","Hard",132283,105807,0,-182.976869573603,0.258592003910498,0,0.334955150273864
2019-08-19,2019,"A","Hard",105332,200005,0,202.089888987077,0.761935981315696,1,0.730820667020649
2019-08-19,2019,"A","Hard",133430,126094,1,89.8095309763019,0.6264425396757,1,0.631014861483221
2019-08-19,2019,"A","Hard",128034,126207,0,-148.631030189812,0.298261755941483,1,0.369212546208467
2019-08-19,2019,"A","Hard",105357,105449,1,-3.92077865882129,0.494357785450421,0,0.531584775768382
2019-08-19,2019,"A","Hard",105332,105807,0,-35.6458333197331,0.448880759172846,1,0.489678515238107
2019-08-19,2019,"A","Hard",133430,128034,0,243.238145187627,0.802214246063407,0,0.764734108889614
2019-08-19,2019,"A","Hard",105332,105449,1,-4.2962170373437,0.49381756179038,1,0.531175762112675
2019-08-19,2019,"A","Hard",105332,128034,0,200.734574928479,0.760517922975072,0,0.729652623102366
2019-08-26,2019,"G","Hard",104925,106148,1,565.656855924925,0.962894641656558,1,0.943163325007196
2019-08-26,2019,"G","Hard",105023,106228,0,283.408433957181,0.836365452343416,0,0.824223857679784
2019-08-26,2019,"G","Hard",106045,104386,0,31.7007780585941,0.54549490648418,1,0.609217043472915
2019-08-26,2019,"G","Hard",105583,104327,1,47.381591940838,0.567767991352674,1,0.632191256516212
2019-08-26,2019,"G","Hard",104527,206173,1,335.941731151115,0.873673405616764,1,0.858643080547179
2019-08-26,2019,"G","Hard",128034,104871,0,-228.191607391502,0.211888984372688,0,0.333367350503731
2019-08-26,2019,"G","Hard",111513,200175,0,93.7305981424245,0.631709287693634,0,0.671593196499338
2019-08-26,2019,"G","Hard",103893,208260,0,-0.53368995288497,0.499231959022956,1,0.575175257975447
2019-08-26,2019,"G","Hard",104926,124187,1,297.16940163641,0.84691987127713,0,0.836776729206954
2019-08-26,2019,"G","Hard",144719,136440,0,86.050528801756,0.621365158000504,0,0.664140270077387
2019-08-26,2019,"G","Hard",104607,202385,0,311.262462452209,0.857144240308661,0,0.841187577375491
2019-08-26,2019,"G","Hard",105932,105916,1,92.2769357049242,0.629760324336874,1,0.676567942196232
2019-08-26,2019,"G","Hard",126203,103852,1,-67.9005874071263,0.403508557178067,0,0.50931767704491
2019-08-26,2019,"G","Hard",106415,106218,0,215.976276682589,0.776130848281269,1,0.777337687186253
2019-08-26,2019,"G","Hard",106198,126952,0,-33.1297322899027,0.45246646296753,1,0.540012257870302
2019-08-26,2019,"G","Hard",106421,105432,1,450.739236985654,0.930517348648492,1,0.90939735559473
2019-08-26,2019,"G","Hard",103819,111576,1,669.633283031351,0.979259716809962,1,0.963171142783389
2019-08-26,2019,"G","Hard",106000,200611,0,162.062715535384,0.71766487946148,1,0.733870461188815
2019-08-26,2019,"G","Hard",105173,105554,0,11.5739046410924,0.516650029214078,0,0.588064102026412
2019-08-26,2019,"G","Hard",106298,104259,1,-27.6781423432528,0.460252000868814,1,0.553110450827423
2019-08-26,2019,"G","Hard",105550,105807,1,-74.871887521545,0.39388822735662,0,0.501693975654955
2019-08-26,2019,"G","Hard",105575,106210,0,-10.0585566961045,0.485528616155853,1,0.564962532537818
2019-08-26,2019,"G","Hard",111815,106296,0,218.028244985511,0.778176521628604,0,0.778887636218264
2019-08-26,2019,"G","Hard",105676,144895,1,438.933005470638,0.925992622820613,1,0.905050627128909
2019-08-26,2019,"G","Hard",106432,105539,1,343.72474013386,0.878535967310801,1,0.86272568740834
2019-08-26,2019,"G","Hard",104312,105777,0,-180.511110203462,0.261322629279918,0,0.381215018677218
2019-08-26,2019,"G","Hard",104655,106058,0,63.4023673676854,0.590243810086289,1,0.641691930358399
2019-08-26,2019,"G","Hard",111797,111794,0,163.33861599191,0.719150689871867,0,0.734959227667454
2019-08-26,2019,"G","Hard",106426,111153,1,-20.914326688619,0.469938166289074,1,0.560412812726799
2019-08-26,2019,"G","Hard",200282,105732,0,42.2793092745619,0.56054624799076,1,0.620177771932574
2019-08-26,2019,"G","Hard",106329,105614,0,50.9144116321511,0.57275169184984,0,0.629035422566203
2019-08-26,2019,"G","Hard",105453,105477,1,452.562031371603,0.931192704747208,1,0.910052274531954
2019-08-26,2019,"G","Hard",126774,126094,1,229.441200425308,0.789309739291127,0,0.792182369839074
2019-08-26,2019,"G","Hard",104468,106216,0,240.777283416938,0.799956972160969,1,0.79555186393683
2019-08-26,2019,"G","Hard",104919,126156,0,128.519680167229,0.676956220423616,0,0.704246108944039
2019-08-26,2019,"G","Hard",106401,105449,1,116.048724966325,0.661061938941589,1,0.698895576153839
2019-08-26,2019,"G","Hard",126610,104755,1,-152.943524596741,0.293092057538314,1,0.417077146684241
2019-08-26,2019,"G","Hard",105311,111442,0,171.22752115944,0.728230798038726,0,0.741627532871604
2019-08-26,2019,"G","Hard",105643,200615,0,117.178815743206,0.662517985269331,0,0.693808337673578
2019-08-26,2019,"G","Hard",105138,105062,1,181.629773778395,0.739918504291865,0,0.755646564166922
2019-08-26,2019,"G","Hard",104792,105077,1,192.72137825351,0.752016011059657,1,0.764494992386354
2019-08-26,2019,"G","Hard",200005,105657,0,-150.381465349027,0.296157062507578,0,0.412757265819803
2019-08-26,2019,"G","Hard",106065,105967,0,32.012022771037,0.545939078935548,0,0.609541172677594
2019-08-26,2019,"G","Hard",2e+05,133430,1,-232.541049426527,0.207738097113667,0,0.335587849699892
2019-08-26,2019,"G","Hard",106378,104665,1,241.373841899462,0.800505945456827,0,0.800645787635337
2019-08-26,2019,"G","Hard",132283,104719,0,-10.964547384855,0.484225984205959,1,0.563988093918419
2019-08-26,2019,"G","Hard",122330,105053,0,-8.88503286256287,0.487216196557038,1,0.566223969691524
2019-08-26,2019,"G","Hard",106233,105341,1,363.740640200073,0.890304914677041,0,0.872770950942064
2019-08-26,2019,"G","Hard",100644,105430,1,481.101176022159,0.941001959492988,1,0.9197629593631
2019-08-26,2019,"G","Hard",126207,103333,0,45.6680347313729,0.565345685267509,1,0.623663753595335
2019-08-26,2019,"G","Hard",105379,106075,0,80.403217275915,0.613687241661709,1,0.658607083817094
2019-08-26,2019,"G","Hard",105332,111790,1,245.932611459948,0.804663727494415,1,0.803810075625363
2019-08-26,2019,"G","Hard",106043,104898,1,135.598120280362,0.685801984936203,1,0.71658240807803
2019-08-26,2019,"G","Hard",144750,106078,0,-126.568003914618,0.325505536265428,0,0.438218376167972
2019-08-26,2019,"G","Hard",104542,105815,0,234.986671348069,0.794569391438988,0,0.791400508982491
2019-08-26,2019,"G","Hard",111575,105577,1,343.791041955171,0.878576688987663,0,0.862760036475178
2019-08-26,2019,"G","Hard",104545,104198,1,233.683533342138,0.793342229789576,1,0.795221325097938
2019-08-26,2019,"G","Hard",105526,134770,0,174.750306811099,0.732225560866074,1,0.744569708605018
2019-08-26,2019,"G","Hard",105936,105649,0,63.8699750148057,0.59089467149277,0,0.642162162080187
2019-08-26,2019,"G","Hard",105227,105373,1,124.34243172647,0.671675430731819,1,0.706475781931048
2019-08-26,2019,"G","Hard",104269,104735,1,197.952278489615,0.757588729010586,1,0.768590282968328
2019-08-26,2019,"G","Hard",111202,124014,0,228.688318139951,0.788588102112835,1,0.786815044722168
2019-08-26,2019,"G","Hard",125802,106423,0,-18.980510078627,0.47271199161649,0,0.555345816549968
2019-08-26,2019,"G","Hard",104745,105357,1,501.737830934293,0.947261783462633,1,0.926178370678902
2019-08-26,2019,"G","Hard",104925,106228,1,675.700460827244,0.979957310202873,1,0.964101221378259
2019-08-26,2019,"G","Hard",105583,106045,1,121.151575062928,0.667612071368776,0,0.703572640336931
2019-08-26,2019,"G","Hard",104527,104871,1,109.886936815434,0.65306972040725,1,0.693192387244201
2019-08-26,2019,"G","Hard",200175,103893,0,3.31202042327368,0.504766236159919,0,0.579281084168588
2019-08-26,2019,"G","Hard",124187,136440,0,41.0318143142081,0.558776521606392,0,0.618891323407883
2019-08-26,2019,"G","Hard",105932,202385,1,302.917745342267,0.851160822263887,1,0.840182552444417
2019-08-26,2019,"G","Hard",106415,103852,0,-4.13308694114312,0.494052290322743,0,0.571322973447068
2019-08-26,2019,"G","Hard",106421,106198,1,472.788739316924,0.938288707668584,1,0.917037846443313
2019-08-26,2019,"G","Hard",103819,106000,1,482.52885424869,0.941456571117705,1,0.920222703028589
2019-08-26,2019,"G","Hard",106298,105554,1,52.2726000177913,0.574663803620997,0,0.63715259484358
2019-08-26,2019,"G","Hard",105575,105807,0,-118.273114325962,0.336075014966797,0,0.447171383276866
2019-08-26,2019,"G","Hard",105676,106296,1,456.32964460735,0.932569396314555,1,0.911392447177164
2019-08-26,2019,"G","Hard",106432,105777,1,69.415282753931,0.598588305415021,0,0.654306917639892
2019-08-26,2019,"G","Hard",104655,111794,0,169.882705967312,0.726695992309844,0,0.740498557571768
2019-08-26,2019,"G","Hard",106426,200282,1,-284.600584235789,0.162697514956853,0,0.286840906462458
2019-08-26,2019,"G","Hard",105453,105614,1,489.619814610532,0.943666222551519,1,0.92247067586682
2019-08-26,2019,"G","Hard",104468,126094,0,105.053889797725,0.646739719494314,0,0.682424983564621
2019-08-26,2019,"G","Hard",106401,126156,1,329.26260824979,0.869368639667149,1,0.855059093067993
2019-08-26,2019,"G","Hard",126610,111442,1,164.189588398171,0.720139009891459,1,0.741285004717064
2019-08-26,2019,"G","Hard",105062,200615,0,211.614910453365,0.771738409304551,0,0.774017647839843
2019-08-26,2019,"G","Hard",104792,105657,1,139.429474573148,0.690534768102214,1,0.719974241490828
2019-08-26,2019,"G","Hard",133430,105967,0,105.20474080504,0.64693808807773,1,0.68256799485821
2019-08-26,2019,"G","Hard",132283,104665,0,-23.5317575587364,0.466186767011095,0,0.550423675995591
2019-08-26,2019,"G","Hard",122330,105341,0,-4.62673104627675,0.493341992355936,1,0.570793961162069
2019-08-26,2019,"G","Hard",100644,126207,1,372.627555211146,0.895202181182927,1,0.877026030386266
2019-08-26,2019,"G","Hard",105332,105379,1,57.9516180150374,0.582634161022716,0,0.642876787456314
2019-08-26,2019,"G","Hard",106043,106078,1,71.0351843120254,0.600826822174348,1,0.655908161613095
2019-08-26,2019,"G","Hard",105815,105577,0,-16.1373222627055,0.476793212195817,1,0.558415263503804
2019-08-26,2019,"G","Hard",104545,105526,1,79.770504881702,0.612823413078142,1,0.66448124241359
2019-08-26,2019,"G","Hard",105227,105649,1,343.969255925914,0.878686087273451,1,0.86285232818557
2019-08-26,2019,"G","Hard",104269,111202,1,31.2162046433593,0.544803235476935,0,0.61559819833161
2019-08-26,2019,"G","Hard",104745,106423,1,612.876260801256,0.97147402220603,1,0.953275719905747
2019-08-26,2019,"G","Hard",104925,106045,1,536.537984670979,0.956418420092563,1,0.935935971089936
2019-08-26,2019,"G","Hard",104527,103893,1,336.475421104,0.874012085973911,1,0.85892623815185
2019-08-26,2019,"G","Hard",105932,136440,1,302.214197626548,0.850647020449723,0,0.839768820348286
2019-08-26,2019,"G","Hard",106421,103852,1,208.781991753679,0.768852970254118,1,0.776909732367178
2019-08-26,2019,"G","Hard",103819,105554,1,490.989367780348,0.944083863647212,1,0.922898112153184
2019-08-26,2019,"G","Hard",105676,105807,1,158.061308127089,0.71297438463712,1,0.736109996610639
2019-08-26,2019,"G","Hard",105777,111794,0,328.535663458165,0.868892669528118,1,0.851024658677866
2019-08-26,2019,"G","Hard",105453,200282,1,264.040962366219,0.820529933706073,0,0.81600365923958
2019-08-26,2019,"G","Hard",106401,126094,1,167.650902720823,0.724136987663806,0,0.744178540297709
2019-08-26,2019,"G","Hard",126610,200615,1,150.391422403216,0.703854885055848,1,0.729540362832383
2019-08-26,2019,"G","Hard",104792,133430,1,45.2174806759492,0.564708252999107,1,0.629986990857009
2019-08-26,2019,"G","Hard",104665,122330,0,44.6010875600732,0.563835849668264,1,0.622567546475006
2019-08-26,2019,"G","Hard",100644,105379,1,378.475628487517,0.898318641306473,1,0.879758900338303
2019-08-26,2019,"G","Hard",106043,105815,1,168.538034888373,0.725155955494891,1,0.744916722696382
2019-08-26,2019,"G","Hard",104545,105227,0,-127.260262391105,0.324631240669089,0,0.437472927087834
2019-08-26,2019,"G","Hard",104745,111202,1,463.156696250564,0.934999088482961,1,0.913775023226551
2019-08-26,2019,"G","Hard",104925,104527,0,305.568317109974,0.853083449284325,0,0.837831256561942
2019-08-26,2019,"G","Hard",106421,136440,1,431.858936606783,0.923153093772304,1,0.902357536529471
2019-08-26,2019,"G","Hard",103819,105676,0,246.792228527213,0.805440337390975,1,0.799798714506443
2019-08-26,2019,"G","Hard",200282,105777,0,-102.714889637607,0.356342493362337,0,0.464052220070763
2019-08-26,2019,"G","Hard",126610,126094,1,-14.5593742905141,0.479059632130213,1,0.567250067844905
2019-08-26,2019,"G","Hard",104792,104665,1,211.520329630231,0.771642485589825,1,0.778979243987942
2019-08-26,2019,"G","Hard",100644,106043,0,273.08563539174,0.828069574066281,0,0.817584791291069
2019-08-26,2019,"G","Hard",104745,105227,0,275.95921285423,0.830411848954215,1,0.819452261665514
2019-08-26,2019,"G","Hard",106421,104527,0,87.4593029849414,0.62327121088573,1,0.665513653499652
2019-08-26,2019,"G","Hard",103819,105777,1,300.630259660307,0.849484916824067,0,0.838834189485318
2019-08-26,2019,"G","Hard",104792,126610,0,149.586385942765,0.702888013815388,0,0.723074956661089
2019-08-26,2019,"G","Hard",104745,106043,0,454.674894232076,0.931967923118653,1,0.908421606812381
2019-08-26,2019,"G","Hard",106421,105777,1,84.9341619496711,0.619852058600559,1,0.669498899219351
2019-08-26,2019,"G","Hard",104745,126610,0,563.978604320484,0.962547927746879,1,0.941183272407076
2019-08-26,2019,"G","Hard",104745,106421,0,277.309997049418,0.831504079130515,1,0.820324940588039
2019-09-13,2019,"D","Clay",105985,110778,0,69.8488743071289,0.599187886162619,1,0.736799817001151
2019-09-13,2019,"D","Clay",122109,200273,0,-147.22222796247,0.299961905645072,1,0.519920937124931
2019-09-13,2019,"D","Hard",106233,126609,0,415.465192603911,0.91618527472404,1,0.927655432496098
2019-09-13,2019,"D","Hard",105311,125802,0,74.9160993206681,0.60617253125971,1,0.74294548238685
2019-09-13,2019,"D","Clay",105373,105757,0,337.011723414769,0.874351641009204,0,0.90009006134486
2019-09-13,2019,"D","Hard",144707,122548,0,64.5612630755288,0.59185628893663,1,0.734199073045025
2019-09-13,2019,"D","Clay",105379,105747,0,156.518125689869,0.711153061033825,1,0.80354109459007
2019-09-13,2019,"D","Clay",126340,106223,0,-34.2056687290465,0.450932516488972,0,0.63972432441106
2019-09-13,2019,"D","Hard",144750,200247,0,64.3356055562042,0.59154246458168,1,0.734006367729191
2019-09-13,2019,"D","Clay",133975,126939,0,24.0816668744235,0.534600911877747,1,0.696179838126797
2019-09-13,2019,"D","Hard",124116,200325,0,68.4434925360249,0.59724342112661,0,0.737500412645072
2019-09-13,2019,"D","Hard",106078,106249,0,129.037893280744,0.677608233863935,1,0.785517512270306
2019-09-13,2019,"D","Clay",105967,105413,0,18.5669139390882,0.526694530281241,0,0.691052681603883
2019-09-13,2019,"D","Hard",104534,105436,0,143.381733714863,0.695375391924861,0,0.795900775693138
2019-09-13,2019,"D","Hard",105156,108739,0,-96.0274444339759,0.365220038312004,0,0.577730773428469
2019-09-13,2019,"D","Hard",123795,208029,0,-32.7492288845729,0.453009158705113,1,0.643434885447879
2019-09-13,2019,"D","Clay",105641,105633,0,37.4177856134706,0.553641293367226,0,0.708377487333073
2019-09-13,2019,"D","Clay",134770,106106,0,93.6274652755819,0.631571155546036,1,0.756471615500612
2019-09-13,2019,"D","Hard",106220,105434,0,16.3499106301945,0.52351205928978,1,0.691066557056182
2019-09-13,2019,"D","Clay",106329,105985,0,-8.76133237051181,0.487394101115439,1,0.66496191490654
2019-09-13,2019,"D","Clay",133975,122109,0,127.294016040689,0.675411357694338,1,0.782572483294789
2019-09-13,2019,"D","Hard",106233,200325,0,408.186754771621,0.91291132048134,0,0.925489117946875
2019-09-13,2019,"D","Hard",105311,106078,0,-31.2305930151131,0.455176224327213,0,0.644957728019899
2019-09-13,2019,"D","Clay",105967,105613,0,229.361912625385,0.789233827134482,0,0.849061997521306
2019-09-13,2019,"D","Hard",144707,131951,0,62.7294380943115,0.589306607701021,1,0.732632173914852
2019-09-13,2019,"D","Hard",106198,108739,0,-47.1992918139624,0.432489558523194,1,0.628803129253243
2019-09-13,2019,"D","Hard",117356,208029,0,-122.316910694723,0.330901012463319,0,0.549450257842677
2019-09-13,2019,"D","Clay",105379,105633,0,169.925488093228,0.726744901737014,1,0.812636238515467
2019-09-13,2019,"D","Clay",134770,106223,0,42.9707442473386,0.561526474506827,1,0.71337057477586
2019-09-13,2019,"D","Hard",144750,106220,0,80.3925383508326,0.613672667874704,1,0.747494444960559
2019-09-13,2019,"D","Clay",200273,127300,0,54.0782249344841,0.577202370499563,0,0.723202991018159
2019-09-13,2019,"D","Hard",110602,105349,0,116.717044741381,0.661923394641152,1,0.776296245163552
2019-09-13,2019,"D","Hard",105155,125802,0,-41.2489589873589,0.440915323067499,0,0.634858701782313
2019-09-14,2019,"D","Clay",104655,106232,0,270.3271719639,0.825797085772624,1,0.870623631242979
2019-09-14,2019,"D","Hard",126952,111190,0,-44.8758191682311,0.435775263672054,1,0.631172634938953
2019-09-14,2019,"D","Hard",105806,207797,0,82.5694019134073,0.616639242405192,0,0.749287764012076
2019-09-14,2019,"D","Clay",105226,104660,0,-10.8344098279324,0.484413083008548,0,0.662938304415493
2019-09-14,2019,"D","Clay",105497,105899,0,20.291065652229,0.529168035862274,1,0.692660795328459
2019-09-14,2019,"D","Hard",104810,106227,0,-5.14527610817595,0.492595893728555,0,0.670637524628792
2019-09-14,2019,"D","Hard",106210,105493,0,170.018080566972,0.726850736698842,1,0.814179690355773
2019-09-14,2019,"D","Clay",105916,105011,0,173.091854928652,0.730349559384468,1,0.814736302185095
2019-09-14,2019,"D","Hard",144650,105812,0,51.7912558773976,0.573986400564896,1,0.723154723890258
2019-09-14,2019,"D","Hard",126555,106388,0,0,0.5,1,0.67559043628644
2019-09-14,2019,"D","Clay",104655,105497,0,209.993095997796,0.770089640240584,1,0.837878278247803
2019-09-14,2019,"D","Hard",126952,105339,0,-32.514336017304,0.453344232213487,1,0.643670619546578
2019-09-14,2019,"D","Hard",106210,105806,0,43.4596356491265,0.562219271876993,0,0.715798252647351
2019-09-14,2019,"D","Clay",105916,104660,0,151.246384832215,0.70487972029886,0,0.799874703974893
2019-09-14,2019,"D","Hard",105493,207797,0,-43.9890430044386,0.437030790124688,0,0.632075321508707
2019-09-14,2019,"D","Clay",105226,105011,0,11.0110602685047,0.51584088631018,1,0.683950954178631
2019-09-16,2019,"A","Hard",200005,120424,0,-38.1594836044685,0.445303845786392,0,0.486930752297725
2019-09-16,2019,"A","Hard",105311,106075,0,83.5274330445534,0.617942090441783,1,0.617768033665825
2019-09-16,2019,"A","Hard",104665,104542,0,-237.686290235569,0.202905599664307,0,0.283897742729172
2019-09-16,2019,"A","Hard",106000,104386,0,83.2969920664862,0.61762886266471,1,0.617529946026498
2019-09-16,2019,"A","Hard",105526,105732,1,24.2483777842206,0.534839671282909,0,0.562114037800482
2019-09-16,2019,"A","Hard",105062,206173,1,197.95591491514,0.757592573284872,1,0.732963030668255
2019-09-16,2019,"A","Hard",132283,106214,0,62.5208824516969,0.589016016016922,1,0.595845155906632
2019-09-16,2019,"A","Hard",105916,106072,0,188.473037620965,0.747427319293225,1,0.71894151372703
2019-09-16,2019,"A","Hard",105936,105376,0,-0.961771865647734,0.498615902559979,1,0.527584278170712
2019-09-16,2019,"A","Hard",105341,106099,0,56.033859039949,0.579947242404611,0,0.588992584721806
2019-09-16,2019,"A","Hard",104269,104327,1,90.0284928660687,0.626737452472984,1,0.631237877282568
2019-09-16,2019,"A","Hard",134770,122330,1,12.7733486298873,0.518374048720624,1,0.549721013199251
2019-09-16,2019,"A","Hard",128034,106296,1,61.8879282320502,0.588133707648443,0,0.602146616001612
2019-09-16,2019,"A","Hard",105173,105882,1,201.872746981811,0.761709175626093,1,0.736303601843277
2019-09-16,2019,"A","Hard",126156,105649,0,-91.1024667787926,0.371817414046687,1,0.429494996626366
2019-09-16,2019,"A","Hard",106078,104586,0,27.5732110171195,0.539597941530145,1,0.558552225644982
2019-09-16,2019,"A","Hard",104755,104719,0,227.444678458088,0.78739211573753,1,0.752076205555022
2019-09-16,2019,"A","Hard",106148,105373,0,-224.55619426861,0.215404716128836,1,0.295719501346375
2019-09-16,2019,"A","Hard",104468,105657,1,109.456352718622,0.652507922626228,1,0.650793039754801
2019-09-16,2019,"A","Hard",126094,125802,1,82.4375408499136,0.616459789903612,1,0.623474232427031
2019-09-16,2019,"A","Hard",105379,144946,0,140.646143857621,0.692029436058965,1,0.674800207802288
2019-09-16,2019,"A","Hard",105575,104534,0,-0.457320846851417,0.49934186277717,1,0.528134302309211
2019-09-16,2019,"A","Hard",105807,109699,0,234.243595192391,0.793870301732628,1,0.757580694265534
2019-09-16,2019,"A","Hard",105539,104970,0,74.5107419432563,0.60561534108949,1,0.608410993090637
2019-09-16,2019,"A","Hard",105932,120424,1,259.088938665772,0.816293683479278,1,0.781966320088885
2019-09-16,2019,"A","Hard",111575,105311,1,293.656106656642,0.844279443053376,0,0.806650613363582
2019-09-16,2019,"A","Hard",105732,104542,0,-119.012100138877,0.33512650119087,0,0.399868004434987
2019-09-16,2019,"A","Hard",105062,106000,1,41.3876373171379,0.559281454947096,1,0.58047646829776
2019-09-16,2019,"A","Hard",106298,132283,1,149.113638465347,0.702319382448504,1,0.689123676792211
2019-09-16,2019,"A","Hard",106432,105916,1,206.402795489419,0.766410029959227,1,0.740133558346291
2019-09-16,2019,"A","Hard",104269,105936,1,124.118002158133,0.67139046352204,0,0.665225947486908
2019-09-16,2019,"A","Hard",134770,106099,1,64.1804766235596,0.591326681786002,1,0.604546933232284
2019-09-16,2019,"A","Hard",106296,126156,0,-53.7048369144084,0.423322254077004,1,0.469961453154604
2019-09-16,2019,"A","Hard",105173,106078,1,-15.3192839339358,0.477968054141631,0,0.519150540915294
2019-09-16,2019,"A","Hard",105332,104755,1,-91.0781895890734,0.371850056102861,1,0.436641960184029
2019-09-16,2019,"A","Hard",126610,106148,1,60.879234528827,0.586726466861782,1,0.601088939404006
2019-09-16,2019,"A","Hard",104468,105379,1,115.699547095609,0.660611427963736,0,0.656974539729774
2019-09-16,2019,"A","Hard",126094,105575,1,35.3213202890752,0.550657066572766,1,0.573999940301442
2019-09-16,2019,"A","Hard",105676,105807,1,158.061308127089,0.71297438463712,0,0.697447244000018
2019-09-16,2019,"A","Hard",106421,105539,1,359.2436193296,0.887751082328597,1,0.847526839528136
2019-09-16,2019,"A","Hard",105932,104542,1,-18.7284782572719,0.473073628491116,0,0.515426251829016
2019-09-16,2019,"A","Hard",105062,105311,1,54.185555288881,0.577353141626763,0,0.594046723702556
2019-09-16,2019,"A","Hard",106298,105936,1,55.7278266639992,0.579518025856617,1,0.595672847022556
2019-09-16,2019,"A","Hard",106432,134770,0,364.911410692978,0.890961378614659,1,0.84698232983414
2019-09-16,2019,"A","Hard",105332,106296,1,262.622503160529,0.81932435736295,1,0.784590540176142
2019-09-16,2019,"A","Hard",126610,106078,1,-38.2685257763817,0.44514880467716,0,0.494059742178788
2019-09-16,2019,"A","Hard",105807,105379,0,93.5974513347705,0.631530951986925,0,0.628115607644766
2019-09-16,2019,"A","Hard",106421,126094,0,272.109232980552,0.827267887657668,1,0.78669565550614
2019-09-16,2019,"A","Hard",106298,104542,1,-112.104409328959,0.34404384268091,0,0.414160930669945
2019-09-16,2019,"A","Hard",106432,105311,1,264.111795314057,0.820589970943927,1,0.78568968476167
2019-09-16,2019,"A","Hard",105332,105379,1,57.9516180150374,0.582634161022716,0,0.598013841803954
2019-09-16,2019,"A","Hard",106421,106078,1,248.400081494684,0.80688663974105,1,0.773888383593262
2019-09-16,2019,"A","Hard",104542,105379,0,171.838629555473,0.728926453560979,1,0.704004919520603
2019-09-16,2019,"A","Hard",106421,106432,0,15.5188791957401,0.522318621527381,1,0.545511504620321
2019-09-20,2019,"A","Hard",106233,126203,0,251.84631188855,0.809959018156087,0,0.771442123365103
2019-09-20,2019,"A","Hard",103819,104545,0,341.605575906553,0.87722819470045,1,0.833295362319779
2019-09-20,2019,"A","Hard",100644,105683,0,190.54808926015,0.749675613446316,1,0.72077225519934
2019-09-20,2019,"A","Hard",103819,106401,0,320.154427970365,0.863298055337639,1,0.819847824416804
2019-09-20,2019,"A","Hard",100644,104545,0,221.630216404998,0.781735033028694,0,0.747302748711183
2019-09-20,2019,"A","Hard",126774,126203,0,234.014546605561,0.793654456886497,1,0.757396613264533
2019-09-20,2019,"A","Hard",104745,105683,0,372.137348100487,0.894937152432848,1,0.851034704634814
2019-09-20,2019,"A","Hard",106233,133430,0,157.463434731994,0.712269565761656,1,0.690733719655376
2019-09-20,2019,"A","Hard",104926,106058,0,213.331766152045,0.773474706826887,0,0.740385458210983
2019-09-23,2019,"A","Hard",105311,111202,0,-93.7839753086505,0.368219229488999,1,0.426622854832358
2019-09-23,2019,"A","Hard",104665,105449,0,-128.095495732477,0.323577999242467,1,0.390370637744917
2019-09-23,2019,"A","Hard",105916,144750,0,153.046410724144,0.707030637273769,0,0.686590516096265
2019-09-23,2019,"A","Hard",136440,111190,0,-37.0757487479932,0.446845323132569,0,0.488115335311548
2019-09-23,2019,"A","Hard",105583,106228,1,260.314051219194,0.817348878557873,1,0.782878759235821
2019-09-23,2019,"A","Hard",106401,104312,1,160.986941893404,0.716408422562257,0,0.700141280763195
2019-09-23,2019,"A","Hard",105554,105339,0,131.851400940004,0.681136078797083,1,0.666300604476591
2019-09-23,2019,"A","Hard",105147,105842,0,58.3745392878502,0.583226050333744,0,0.591469295853963
2019-09-23,2019,"A","Hard",111442,105577,0,-121.092585860911,0.332463285415469,1,0.397685763410355
2019-09-23,2019,"A","Hard",105815,104918,0,-376.936798652378,0.102493347924379,0,0.177347471920928
2019-09-23,2019,"A","Hard",126203,122330,1,116.5210593578,0.661670882928129,0,0.657784039444526
2019-09-23,2019,"A","Hard",200282,105357,1,36.7787822975981,0.552732099484,1,0.575558364127304
2019-09-23,2019,"A","Hard",106378,106426,1,365.020926763997,0.891022608823413,0,0.850764448959253
2019-09-23,2019,"A","Hard",105077,106415,1,-116.888520886988,0.337855747521388,1,0.409091881123513
2019-09-23,2019,"A","Hard",104269,200615,0,282.429535116494,0.83559279418239,1,0.794174139018606
2019-09-23,2019,"A","Hard",200175,134770,0,-40.1924137769499,0.442415116050936,1,0.484709051958044
2019-09-23,2019,"A","Hard",105430,105807,0,-196.222998869413,0.244244086182123,0,0.322171781991701
2019-09-23,2019,"A","Hard",111815,105376,0,8.38919441185681,0.51207067547722,1,0.537767742369664
2019-09-23,2019,"A","Hard",133430,105575,1,125.130851265377,0.672675515764946,1,0.666212046065478
2019-09-23,2019,"A","Hard",106298,126952,1,216.6383369751,0.776792341071349,0,0.748653318785837
2019-09-23,2019,"A","Hard",105614,105359,0,27.757278628402,0.539861163631991,1,0.558750777142285
2019-09-23,2019,"A","Hard",106065,106000,0,11.3403364998007,0.5163142629071,0,0.540975492563529
2019-09-23,2019,"A","Hard",106078,104810,0,181.633386030024,0.739922505810733,1,0.712855689500719
2019-09-23,2019,"A","Hard",105173,105585,0,178.837235640058,0.73681310852242,1,0.71034517678967
2019-09-23,2019,"A","Hard",2e+05,105311,1,-135.210076920979,0.314679539390612,0,0.389865726380287
2019-09-23,2019,"A","Hard",105138,104665,1,304.787205516011,0.852519005974106,1,0.814132608738845
2019-09-23,2019,"A","Hard",105583,144750,1,177.690689926284,0.735531231344733,0,0.715255756125007
2019-09-23,2019,"A","Hard",104312,111190,0,129.337915705657,0.677985405240384,1,0.663851170844356
2019-09-23,2019,"A","Hard",105777,105554,1,190.359108120041,0.749471407379984,1,0.726407722450643
2019-09-23,2019,"A","Hard",106432,105842,1,444.007234052982,0.927969625017522,1,0.889551746925072
2019-09-23,2019,"A","Hard",111442,122330,0,-57.654557150632,0.417781725885103,0,0.465659427135944
2019-09-23,2019,"A","Hard",200282,104918,1,-218.682918168623,0.221173632563198,1,0.307237484152958
2019-09-23,2019,"A","Hard",106426,104269,0,-317.61914126528,0.138433431801692,1,0.218417703176013
2019-09-23,2019,"A","Hard",105077,200175,1,90.8191040838574,0.627801515997795,1,0.632042658758188
2019-09-23,2019,"A","Hard",105332,105807,1,-35.6458333197331,0.448880759172846,0,0.496928038935849
2019-09-23,2019,"A","Hard",104792,111815,1,132.315309110115,0.681715796686534,1,0.673164718359803
2019-09-23,2019,"A","Hard",133430,105614,1,230.92820182734,0.79072971910911,1,0.760233535922312
2019-09-23,2019,"A","Hard",126952,106000,0,-172.826250488967,0.269951655085069,0,0.344918978703597
2019-09-23,2019,"A","Hard",104545,106078,1,122.490603298767,0.669320323525051,0,0.663638506801906
2019-09-23,2019,"A","Hard",126774,105173,1,221.051332873376,0.781165920665881,0,0.752268809649908
2019-09-23,2019,"A","Hard",105311,144750,0,95.3374108995054,0.633858588227103,0,0.62989198174383
2019-09-23,2019,"A","Hard",105138,104312,1,221.629926710612,0.781734748491142,1,0.752740246199
2019-09-23,2019,"A","Hard",105777,122330,1,308.269476568934,0.855021573653993,0,0.816426919687078
2019-09-23,2019,"A","Hard",106432,200282,0,172.130172391538,0.729257937122435,0,0.704270638566094
2019-09-23,2019,"A","Hard",106426,105807,0,-283.092196879402,0.163883838002671,0,0.245296463924423
2019-09-23,2019,"A","Hard",104792,105077,0,192.72137825351,0.752016011059657,0,0.722681815342536
2019-09-23,2019,"A","Hard",133430,106078,1,66.1003794904343,0.593994745358218,1,0.606553222937919
2019-09-23,2019,"A","Hard",105173,106000,0,3.11339110943413,0.504480410047388,1,0.532025570040473
2019-09-23,2019,"A","Hard",122330,144750,0,-18.2355531093024,0.47378100109849,1,0.508718444788503
2019-09-23,2019,"A","Hard",105138,200282,0,143.833706144756,0.695926238930387,0,0.677852969630824
2019-09-23,2019,"A","Hard",133430,105807,1,6.85773693941519,0.509867795333241,0,0.543306971330818
2019-09-23,2019,"A","Hard",105077,105173,1,-66.0842341531902,0.406027668719296,0,0.463700350624697
2019-09-23,2019,"A","Hard",105807,122330,0,204.04619957494,0.763972657501851,1,0.732501032478698
2019-09-23,2019,"A","Hard",200282,105173,1,76.0703138413423,0.607757558149328,1,0.61691270595494
2019-09-30,2019,"A","Hard",100644,126207,1,372.627555211146,0.895202181182927,1,0.854940513918884
2019-09-30,2019,"A","Hard",106432,106121,1,302.023717883585,0.85050766154114,0,0.812296170662164
2019-09-30,2019,"A","Hard",2e+05,105077,0,-85.0371518489662,0.380008253061097,1,0.436008757924136
2019-09-30,2019,"A","Hard",111442,106228,0,6.73325103297475,0.509688714231912,1,0.535966423497527
2019-09-30,2019,"A","Hard",106043,104269,0,-22.7344026248713,0.467329180456992,1,0.50379869414899
2019-09-30,2019,"A","Hard",105173,105357,0,-39.2915315437442,0.443694772550637,0,0.485693517342321
2019-09-30,2019,"A","Hard",105138,105023,1,130.36766730251,0.679278185886102,0,0.671287256229644
2019-09-30,2019,"A","Hard",200282,144750,1,187.319033822025,0.746171199395803,0,0.723756507233627
2019-09-30,2019,"A","Hard",126774,105583,1,154.609362927774,0.70889079904559,1,0.694251012667227
2019-09-30,2019,"A","Hard",105332,106034,1,161.263790803185,0.716732092734712,0,0.700395502708879
2019-09-30,2019,"A","Hard",105932,105550,0,134.384587484976,0.684294782180575,1,0.668760189562871
2019-09-30,2019,"A","Hard",105430,105936,0,-106.631941097158,0.351187660651968,1,0.412933258783615
2019-09-30,2019,"A","Hard",105554,104810,0,154.740197454996,0.709046196892788,1,0.688182870647011
2019-09-30,2019,"A","Hard",104468,104665,0,181.547207775705,0.739827029839784,1,0.712778509007435
2019-09-30,2019,"A","Hard",104792,104545,1,-11.1727431323836,0.483926670337857,0,0.523677419027172
2019-09-30,2019,"A","Hard",126203,124187,1,114.14454313177,0.658601629923405,0,0.65543977459224
2019-09-30,2019,"A","Hard",104926,105062,1,131.787398564752,0.681056054837692,1,0.672656374806347
2019-09-30,2019,"A","Hard",105227,105216,1,413.936273884062,0.915506954728754,1,0.875948619436379
2019-09-30,2019,"A","Hard",105777,126094,0,187.175071030881,0.746014208698572,0,0.717792656494083
2019-09-30,2019,"A","Hard",132283,111202,0,-186.287609316121,0.254954977146862,0,0.331736370488968
2019-09-30,2019,"A","Hard",106065,104871,0,-58.1461802378781,0.417093514409101,0,0.465124296579943
2019-09-30,2019,"A","Hard",133430,200175,0,238.323001661418,0.797686546601223,1,0.760843286979552
2019-09-30,2019,"A","Hard",111575,104655,1,257.61255158737,0.815015795341774,1,0.780863066852701
2019-09-30,2019,"A","Hard",105676,105807,1,158.061308127089,0.71297438463712,1,0.697447244000018
2019-09-30,2019,"A","Hard",126610,104918,1,-317.702473852412,0.138376227978091,0,0.223346154187139
2019-09-30,2019,"A","Hard",106298,128034,1,202.517177139956,0.76238185193807,1,0.736850643783304
2019-09-30,2019,"A","Hard",106426,111815,0,-202.852105384651,0.237269056098794,0,0.315871340745696
2019-09-30,2019,"A","Hard",105311,106415,0,-66.7155958149751,0.405151461212481,0,0.455810473176315
2019-09-30,2019,"A","Hard",106378,111190,0,287.55447879972,0.839605622234701,0,0.797815005628015
2019-09-30,2019,"A","Hard",105526,104424,0,208.788235029314,0.76885935723511,0,0.736546447032607
2019-09-30,2019,"A","Hard",106233,104755,1,108.888815402069,0.651766788402089,1,0.65022855034637
2019-09-30,2019,"A","Hard",104925,200615,1,655.169043799314,0.977499410592058,1,0.953023545137865
2019-09-30,2019,"A","Hard",100644,2e+05,1,510.561489639857,0.949742360721896,1,0.915083131928798
2019-09-30,2019,"A","Hard",111442,106121,0,-133.315598589912,0.317036117465121,0,0.384949499918379
2019-09-30,2019,"A","Hard",106043,105023,0,-3.18188443762801,0.49542102822,0,0.525162818088988
2019-09-30,2019,"A","Hard",105357,144750,0,150.540251524427,0.704033433244322,1,0.684226356400496
2019-09-30,2019,"A","Hard",126774,105932,1,86.9767064249904,0.62261869022427,1,0.628124570992623
2019-09-30,2019,"A","Hard",105430,106034,0,0.686625253505781,0.500988131884322,0,0.529381339671218
2019-09-30,2019,"A","Hard",104545,105554,0,149.383791873795,0.702644405865365,1,0.683132189947184
2019-09-30,2019,"A","Hard",104468,124187,0,223.771779109748,0.783831166103365,0,0.749067944095573
2019-09-30,2019,"A","Hard",104926,126094,1,178.451512324387,0.736382302833768,1,0.715933181279846
2019-09-30,2019,"A","Hard",105227,111202,1,187.197483396334,0.746038653478335,0,0.723650174773114
2019-09-30,2019,"A","Hard",111575,104871,1,211.37167194722,0.771491659860153,1,0.744292793369836
2019-09-30,2019,"A","Hard",105676,133430,1,151.203571187673,0.704828449050292,1,0.691079082741506
2019-09-30,2019,"A","Hard",111815,104918,0,-300.431397019762,0.150661509220285,0,0.231525810661971
2019-09-30,2019,"A","Hard",106298,106415,1,-10.105591357099,0.485460984804378,1,0.52484185492895
2019-09-30,2019,"A","Hard",106233,111190,1,369.946920586534,0.893745667343667,1,0.853480021174982
2019-09-30,2019,"A","Hard",104925,104424,1,632.577232231965,0.974454266289422,1,0.948395123082889
2019-09-30,2019,"A","Hard",100644,105023,1,269.903750954112,0.82544617099459,1,0.78992549815458
2019-09-30,2019,"A","Hard",105357,106121,0,93.1147631944496,0.630884142398738,1,0.627622201346519
2019-09-30,2019,"A","Hard",126774,104545,1,83.241445640673,0.617553346342027,1,0.624299513710482
2019-09-30,2019,"A","Hard",124187,106034,0,-4.7600592259912,0.493150152693728,1,0.523440788157962
2019-09-30,2019,"A","Hard",111575,104926,0,107.68315280301,0.650189904041562,1,0.642392955958979
2019-09-30,2019,"A","Hard",105676,111202,1,154.75056838457,0.709058512803527,1,0.694382128179133
2019-09-30,2019,"A","Hard",106233,104918,1,-55.8701338536014,0.420282370457036,1,0.474829215987133
2019-09-30,2019,"A","Hard",104925,106298,0,441.129684176954,0.92685454067602,1,0.885398569937069
2019-09-30,2019,"A","Hard",100644,126774,0,138.388770764325,0.689253101807562,0,0.672629262797058
2019-09-30,2019,"A","Hard",124187,105357,0,-166.399288407699,0.277304597956098,0,0.351299558871665
2019-09-30,2019,"A","Hard",106233,111575,0,-38.8616994191007,0.444305591227552,1,0.486163268549076
2019-09-30,2019,"A","Hard",104925,105676,0,249.205144941609,0.807607735025885,1,0.769398372146449
2019-09-30,2019,"A","Hard",106233,126774,0,17.8317652829885,0.525639464319107,1,0.548019060185327
2019-09-30,2019,"A","Hard",104925,105357,1,442.536848009908,0.927401805964553,1,0.888918135805652
2019-10-07,2019,"M","Hard",105227,105077,0,331.154383776998,0.870600408022404,0,0.813921024470975
2019-10-07,2019,"M","Hard",200175,105062,0,-195.177584444751,0.24535663077264,0,0.30428310058319
2019-10-07,2019,"M","Hard",105676,104755,1,102.628951857748,0.643544033481006,1,0.623612138423393
2019-10-07,2019,"M","Hard",106432,126094,1,256.590353784812,0.814127012165228,0,0.764674753681416
2019-10-07,2019,"M","Hard",105550,105357,0,-39.6014925803343,0.443254403781962,0,0.463478519962084
2019-10-07,2019,"M","Hard",106378,104871,0,90.1175307413052,0.626857347820023,0,0.603762656956572
2019-10-07,2019,"M","Hard",105807,105585,0,253.399162125013,0.811331134890122,1,0.756855583691296
2019-10-07,2019,"M","Hard",105332,106065,0,30.6891477748552,0.544050728164054,1,0.540205888121886
2019-10-07,2019,"M","Hard",105932,105430,1,255.735698832843,0.813381378045703,1,0.764001251882029
2019-10-07,2019,"M","Hard",126610,105526,1,-80.9886241934469,0.385514151672021,1,0.425946360660443
2019-10-07,2019,"M","Hard",106426,104655,0,-228.662516382542,0.21143666088645,1,0.274187560644003
2019-10-07,2019,"M","Hard",105583,124187,0,193.549726809557,0.75290418319585,0,0.705510551594491
2019-10-07,2019,"M","Hard",126203,104269,0,-122.052084603018,0.331238623645139,1,0.375882081674092
2019-10-07,2019,"M","Hard",106228,104918,0,-488.625313283557,0.0566388840672379,0,0.108051187067622
2019-10-07,2019,"M","Hard",104926,105023,1,80.5252920888661,0.613853825628078,1,0.600657638150353
2019-10-07,2019,"M","Hard",106043,105577,1,152.400712625667,0.706260125160152,0,0.673191936532742
2019-10-07,2019,"M","Hard",105936,105311,0,0.882177793876963,0.501269553170164,0,0.507691270245215
2019-10-07,2019,"M","Hard",104468,111815,0,102.342187255589,0.643165269896828,0,0.61648377021615
2019-10-07,2019,"M","Hard",2e+05,122330,0,-21.6371129121715,0.468901884485188,1,0.483068156455068
2019-10-07,2019,"M","Hard",128034,111190,0,-30.7546593330871,0.455855726458948,1,0.473115429455554
2019-10-07,2019,"M","Hard",104792,132283,1,235.052087188968,0.794630850714066,1,0.747298007264849
2019-10-07,2019,"M","Hard",104545,200282,1,61.7395733913606,0.587926825793083,1,0.580790527587208
2019-10-07,2019,"M","Hard",106298,104810,0,207.012797472787,0.767038082219019,1,0.717598180254807
2019-10-07,2019,"M","Hard",133430,126207,0,94.6071149978154,0.632882386410776,1,0.608451900528042
2019-10-07,2019,"M","Hard",103819,105077,1,545.499697292446,0.958518792617262,1,0.920007295375863
2019-10-07,2019,"M","Hard",105676,105062,1,194.34898840434,0.753759139527352,1,0.712217650486233
2019-10-07,2019,"M","Hard",126094,105357,0,-47.6813990956759,0.43180852697219,1,0.454700617364091
2019-10-07,2019,"M","Hard",100644,104871,1,293.066978009456,0.843833062831392,1,0.792171623190824
2019-10-07,2019,"M","Hard",106233,105807,1,164.32117167141,0.720291640858302,1,0.684560229523882
2019-10-07,2019,"M","Hard",105332,105932,-1,-95.1585332831637,0.366380419946745,0,0.396897361571385
2019-10-07,2019,"M","Hard",126610,106426,1,185.581028552001,0.744271637404346,1,0.70429181988693
2019-10-07,2019,"M","Hard",105138,124187,1,347.011776850054,0.880540693494209,1,0.828363226690999
2019-10-07,2019,"M","Hard",111575,126203,1,290.70801130765,0.842035231647498,1,0.790467398874743
2019-10-07,2019,"M","Hard",104926,104918,1,-124.69158723751,0.32788148383701,1,0.37998598112732
2019-10-07,2019,"M","Hard",105311,105577,0,50.1349352985289,0.571653327500181,0,0.561252273856695
2019-10-07,2019,"M","Hard",106421,111815,1,269.397530438416,0.825025903952729,1,0.774607438148183
2019-10-07,2019,"M","Hard",126774,2e+05,1,372.172718875532,0.894956295303096,1,0.843453166947426
2019-10-07,2019,"M","Hard",104792,128034,1,288.455625863576,0.840302971685127,0,0.788830609542886
2019-10-07,2019,"M","Hard",104545,106298,1,97.1111918560041,0.636225052563131,1,0.617929331997939
2019-10-07,2019,"M","Hard",104925,133430,1,400.408716129282,0.90928516493784,1,0.85908127876731
2019-10-07,2019,"M","Hard",103819,105676,0,246.792228527213,0.805440337390975,1,0.751496921467518
2019-10-07,2019,"M","Hard",100644,126094,1,367.829971189633,0.892582853386462,1,0.840928098822147
2019-10-07,2019,"M","Hard",106233,105932,0,104.808471707979,0.646416887491316,1,0.619031609481089
2019-10-07,2019,"M","Hard",105138,126610,0,242.853261828545,0.801862474343993,0,0.748264782791421
2019-10-07,2019,"M","Hard",111575,104926,0,107.68315280301,0.650189904041562,0,0.621993092460025
2019-10-07,2019,"M","Hard",106421,105577,1,329.765609808326,0.86969712191965,1,0.817368585506812
2019-10-07,2019,"M","Hard",126774,128034,1,382.869814636633,0.900605973051236,1,0.849533694362139
2019-10-07,2019,"M","Hard",104925,104545,0,344.018492320949,0.878716296505963,1,0.822294657920758
2019-10-07,2019,"M","Hard",103819,100644,0,119.975359501555,0.666107878481713,0,0.63455178606878
2019-10-07,2019,"M","Hard",106233,126610,0,261.83233999881,0.818650049141856,0,0.763580651851301
2019-10-07,2019,"M","Hard",106421,104926,0,93.6577206561647,0.631611680662904,1,0.607461920949988
2019-10-07,2019,"M","Hard",104925,126774,0,260.777046680276,0.817746431357026,0,0.762746178753212
2019-10-07,2019,"M","Hard",100644,126610,0,382.389345480147,0.900358118152493,1,0.845514175507036
2019-10-07,2019,"M","Hard",106421,126774,0,42.6680325552441,0.561097387898178,1,0.553192593205498
2019-10-07,2019,"M","Hard",106421,100644,0,-95.720738209081,0.365629449153045,1,0.403268301335797
2019-10-14,2019,"A","Hard",200005,106075,0,-63.7350536961246,0.409293092418199,1,0.459046760548276
2019-10-14,2019,"A","Hard",105732,104259,0,-34.5858331531713,0.450390743132292,0,0.490837436733454
2019-10-14,2019,"A","Hard",105023,110602,0,182.564421541036,0.740952540455396,1,0.713688726477222
2019-10-14,2019,"A","Hard",104755,126952,0,305.933924352696,0.853347027772536,0,0.810475502639266
2019-10-14,2019,"A","Hard",105575,106148,0,40.117288530266,0.55747820140452,0,0.572037292182419
2019-10-14,2019,"A","Hard",104665,126149,0,84.0587647525676,0.618663931245492,0,0.618316780808935
2019-10-14,2019,"A","Hard",105550,105376,1,13.7573983850625,0.519788146775618,1,0.550786432656668
2019-10-14,2019,"A","Hard",106426,104312,1,-206.804363669934,0.233176386929994,0,0.318407894209874
2019-10-14,2019,"A","Hard",105807,105357,1,35.2703949412107,0.550584530292463,1,0.573945460459071
2019-10-14,2019,"A","Hard",105643,105657,0,-43.369518029627,0.437908413682616,0,0.481238176771769
2019-10-14,2019,"A","Hard",106228,104586,0,-181.618154190408,0.260094367729092,0,0.336280603068805
2019-10-14,2019,"A","Hard",105430,106415,0,-172.465359118256,0.270361271412885,0,0.345275814192919
2019-10-14,2019,"A","Hard",106293,104918,0,-501.47751792282,0.0528131262473423,0,0.111126819728014
2019-10-14,2019,"A","Hard",105062,105539,0,133.798500108684,0.683565471192721,1,0.668191943795896
2019-10-14,2019,"A","Hard",134770,105936,0,-101.681793172797,0.357707670270166,0,0.418192963365534
2019-10-14,2019,"A","Hard",104655,106198,1,229.201619876399,0.789080297553368,1,0.758853951418168
2019-10-14,2019,"A","Hard",105173,106000,1,3.11339110943413,0.504480410047388,1,0.539239567658924
2019-10-14,2019,"A","Hard",105554,106071,1,-14.4554768608066,0.479208892157408,1,0.520093863917509
2019-10-14,2019,"A","Hard",104542,132283,1,261.218047794306,0.818124473028031,1,0.783550266338847
2019-10-14,2019,"A","Hard",200175,144984,1,2.77833047038871,0.50399825372794,1,0.538875335391414
2019-10-14,2019,"A","Hard",111790,105649,0,-128.117411992621,0.32355038652257,0,0.390347819718728
2019-10-14,2019,"A","Hard",104468,104327,0,77.6036442410293,0.609859693644021,1,0.611630013151385
2019-10-14,2019,"A","Hard",104871,111797,0,52.7849696155504,0.57538456132453,1,0.585547420244795
2019-10-14,2019,"A","Hard",105311,144707,0,97.7829433516688,0.637119549047994,0,0.632382753363773
2019-10-14,2019,"A","Hard",111815,103852,0,-60.6155386847367,0.413641653083681,0,0.462437644785836
2019-10-14,2019,"A","Hard",105379,103333,0,39.8199614550026,0.557055926438239,0,0.571718814842884
2019-10-14,2019,"A","Hard",200615,106214,0,-2.40483870531625,0.496539214172011,1,0.526010476496559
2019-10-14,2019,"A","Hard",105526,106296,1,281.745792346308,0.835051370255147,1,0.798393651109847
2019-10-14,2019,"A","Hard",126094,122330,1,121.094405538053,0.667539039291,1,0.662273637944808
2019-10-14,2019,"A","Hard",124187,105882,1,74.7649901178563,0.60596485399655,0,0.61556218371051
2019-10-14,2019,"A","Hard",126207,120424,0,111.826860643941,0.655595502608613,1,0.6465466799958
2019-10-14,2019,"A","Hard",105341,106078,0,-140.176825977644,0.308546642451632,0,0.377867437364294
2019-10-14,2019,"A","Hard",111200,105216,0,-25.1897154233393,0.463812470039383,0,0.501113297231823
2019-10-14,2019,"A","Hard",111794,206173,0,9.9312087282201,0.514288266972958,0,0.539444245194957
2019-10-14,2019,"A","Hard",200553,208230,0,0,0.5,1,0.528632879451663
2019-10-14,2019,"A","Hard",144895,104386,0,-119.899387682674,0.333989394114316,0,0.398936828651758
2019-10-14,2019,"A","Hard",105676,200005,1,395.797030433899,0.907071496397185,0,0.867064958595781
2019-10-14,2019,"A","Hard",111575,104259,1,209.367959855513,0.769451888032525,1,0.742620842438756
2019-10-14,2019,"A","Hard",105777,105023,1,89.2488507953597,0.625686949240821,0,0.630443545709883
2019-10-14,2019,"A","Hard",105550,126952,1,175.629680561811,0.733216922345276,1,0.713415788188983
2019-10-14,2019,"A","Hard",104312,106148,0,82.1025696467598,0.616003777947701,1,0.616294987430971
2019-10-14,2019,"A","Hard",105807,126149,1,243.503876767434,0.802456841951881,1,0.770118111511154
2019-10-14,2019,"A","Hard",106043,105657,1,99.1467987187898,0.638932721086504,0,0.640474254032697
2019-10-14,2019,"A","Hard",105583,104586,1,78.6958970287856,0.611354649258447,1,0.619623726467938
2019-10-14,2019,"A","Hard",126203,106415,1,-63.7675004659832,0.409247935294528,0,0.466221800380902
2019-10-14,2019,"A","Hard",104655,104918,1,-274.62098602187,0.170675775952949,0,0.257731530628949
2019-10-14,2019,"A","Hard",105173,105062,1,-38.2742462077038,0.445140671402729,1,0.49405348641144
2019-10-14,2019,"A","Hard",105554,105936,1,3.45522664620785,0.5049723069329,0,0.539611121490945
2019-10-14,2019,"A","Hard",104542,104468,1,56.1390824598643,0.580094792466019,0,0.59610610946811
2019-10-14,2019,"A","Hard",200175,104871,1,-223.276463865292,0.216652342617757,0,0.30297673379278
2019-10-14,2019,"A","Hard",144707,105649,0,-34.79514613074,0.450092500766025,0,0.490608582053692
2019-10-14,2019,"A","Hard",104527,103852,1,121.322688768738,0.667830615016231,1,0.662496984468515
2019-10-14,2019,"A","Hard",105227,103333,1,323.925635928626,0.86583986465458,1,0.826470912261723
2019-10-14,2019,"A","Hard",133430,200615,1,254.760327670032,0.812527612744548,1,0.778720342312556
2019-10-14,2019,"A","Hard",105526,126207,1,71.2268339244463,0.601091383255373,0,0.611892597553691
2019-10-14,2019,"A","Hard",126094,106078,1,-23.7091514858676,0.465932652954237,1,0.509982272615825
2019-10-14,2019,"A","Hard",105882,105216,0,-53.0066227215566,0.42430373517873,0,0.470722429314935
2019-10-14,2019,"A","Hard",104792,206173,1,286.318812807756,0.838645404324839,0,0.80159474355981
2019-10-14,2019,"A","Hard",110748,200553,0,10.6961355906533,0.515388115294638,1,0.540275557356603
2019-10-14,2019,"A","Hard",104926,104386,1,256.472027948376,0.814023917393419,0,0.780008047226249
2019-10-14,2019,"A","Hard",105550,200005,1,162.863834785265,0.718598355069144,0,0.701862354385423
2019-10-14,2019,"A","Hard",111575,104312,1,279.470704299978,0.833239531903929,0,0.796786780706937
2019-10-14,2019,"A","Hard",105807,105023,1,-14.9744261986343,0.478463402209107,1,0.519527160549004
2019-10-14,2019,"A","Hard",105657,104918,0,-307.545562482794,0.145495753813818,0,0.226034485383806
2019-10-14,2019,"A","Hard",105583,105173,0,66.4419699456018,0.594468873004952,0,0.599969328212693
2019-10-14,2019,"A","Hard",105936,106415,0,-65.8334180210982,0.406375919309408,1,0.456767969926483
2019-10-14,2019,"A","Hard",104527,104468,1,79.5960401978855,0.61258509508286,1,0.620551455435934
2019-10-14,2019,"A","Hard",105227,104871,1,198.697023995563,0.758375176820072,1,0.733597163839167
2019-10-14,2019,"A","Hard",133430,105649,1,160.318769726476,0.715626328120295,1,0.699527210917363
2019-10-14,2019,"A","Hard",126207,206173,0,146.494217133991,0.699157360064124,0,0.680389411137771
2019-10-14,2019,"A","Hard",126094,110748,1,140.595665564851,0.691967503594422,1,0.681084431084643
2019-10-14,2019,"A","Hard",105216,104386,0,-62.4557410843342,0.411074761659302,1,0.460436921001463
2019-10-14,2019,"A","Hard",200005,104918,0,-457.927027831821,0.0668546653929707,0,0.13138691660665
2019-10-14,2019,"A","Hard",105173,104312,1,1.72590672451315,0.502483759004609,1,0.537731015505667
2019-10-14,2019,"A","Hard",105807,105936,1,89.5910577722552,0.626148191370196,0,0.630792287618082
2019-10-14,2019,"A","Hard",104527,206173,1,335.941731151115,0.873673405616764,1,0.833881415947692
2019-10-14,2019,"A","Hard",105227,126094,0,273.460017175739,0.828376181624021,0,0.787685641723993
2019-10-14,2019,"A","Hard",133430,105216,1,230.285787684625,0.79011712461703,1,0.759720862033728
2019-10-14,2019,"A","Hard",104527,104918,1,-118.493169566287,0.335792427808891,0,0.407395923123514
2019-10-14,2019,"A","Hard",126094,105173,0,-8.38986755193173,0.487928356360965,1,0.519478063848858
2019-10-14,2019,"A","Hard",133430,105936,1,96.4487947116704,0.635342088919671,1,0.637751784119225
2019-10-21,2019,"A","Hard",100644,126203,1,372.403317369886,0.895081021111428,0,0.854818806984147
2019-10-21,2019,"A","Hard",111575,128034,1,439.563279338722,0.926240876875499,1,0.887627056813744
2019-10-21,2019,"A","Hard",200282,106198,0,285.139687729646,0.837724799968819,1,0.796105508503938
2019-10-21,2019,"A","Hard",132283,105916,0,-150.21263383211,0.296359687533298,0,0.367602509616441
2019-10-21,2019,"A","Hard",105526,200175,0,214.942720588049,0.775095392054957,1,0.741737861975622
2019-10-21,2019,"A","Hard",105173,105023,0,-89.5363526835893,0.373925527265514,0,0.431174660130015
2019-10-21,2019,"A","Hard",105332,105967,1,62.7011705458922,0.589267224666275,0,0.602998656391738
2019-10-21,2019,"A","Hard",106043,105732,1,52.5634636791808,0.575073004878492,1,0.592334212854723
2019-10-21,2019,"A","Hard",105138,105657,1,232.696350458927,0.792408999094114,1,0.76164072308193
2019-10-21,2019,"A","Hard",104792,110602,1,219.665212957766,0.779798859788375,1,0.751136953369984
2019-10-21,2019,"A","Hard",106228,104755,0,-323.866364027887,0.134199774084076,0,0.213787859270316
2019-10-21,2019,"A","Hard",104259,206173,0,228.058506427388,0.787983039626447,0,0.752576592246787
2019-10-21,2019,"A","Hard",124187,106426,0,81.4225135304921,0.615077358873641,1,0.615591179747224
2019-10-21,2019,"A","Hard",104468,103852,0,41.7266485708521,0.559762417406259,1,0.573760091302948
2019-10-21,2019,"A","Hard",105676,105227,1,-32.4469150117641,0.453440415765382,1,0.500426777723153
2019-10-21,2019,"A","Hard",105550,105379,1,18.7255638132256,0.526922189448599,0,0.556158099897872
2019-10-21,2019,"A","Hard",104926,200615,1,343.402309018117,0.878337766695893,1,0.838353632002708
2019-10-21,2019,"A","Hard",126094,122330,0,121.094405538053,0.667539039291,1,0.655756218212854
2019-10-21,2019,"A","Hard",111513,105936,0,-48.1436088073228,0.431155844959912,0,0.476026157751964
2019-10-21,2019,"A","Hard",105683,111202,0,91.0193481500778,0.628070823400133,0,0.625477184704891
2019-10-21,2019,"A","Hard",104665,105575,0,-41.1719976889049,0.441024535536738,0,0.483638717920935
2019-10-21,2019,"A","Hard",105777,106000,0,181.898594588383,0.740216184959406,1,0.713093130247401
2019-10-21,2019,"A","Hard",126774,105077,1,287.135567026566,0.839280611025404,1,0.802162424554782
2019-10-21,2019,"A","Hard",126610,106378,1,-179.439898211996,0.262514697787129,1,0.344934664937197
2019-10-21,2019,"A","Hard",104527,104655,1,156.127816455583,0.710691317012912,1,0.69565931066405
2019-10-21,2019,"A","Hard",106432,105062,1,209.926240025176,0.770021494161887,0,0.743087403387742
2019-10-21,2019,"A","Hard",105554,126207,0,1.61354693235285,0.502322064001551,0,0.530391526371418
2019-10-21,2019,"A","Hard",133430,105807,0,6.85773693941519,0.509867795333241,0,0.53610187125858
2019-10-21,2019,"A","Hard",105583,105430,0,188.10304233006,0.747025032292847,0,0.718614313586567
2019-10-21,2019,"A","Hard",105932,104269,0,24.9857555775529,0.535895533286284,0,0.555759215715363
2019-10-21,2019,"A","Hard",103819,105376,1,493.482822560909,0.944836764939854,1,0.909094110648531
2019-10-21,2019,"A","Hard",106233,104542,1,86.079993450707,0.621405061914905,1,0.627207743379661
2019-10-21,2019,"A","Hard",200282,126203,0,89.0335275735276,0.625396609663231,1,0.623439796012027
2019-10-21,2019,"A","Hard",111575,105916,1,235.947106832004,0.795470367105499,1,0.764213010511659
2019-10-21,2019,"A","Hard",105526,105967,0,81.8244597316714,0.615625018856054,1,0.616007222971128
2019-10-21,2019,"A","Hard",106043,105023,1,-3.18188443762801,0.49542102822,1,0.532389624494022
2019-10-21,2019,"A","Hard",105138,104755,1,89.9097372318035,0.626577515969835,1,0.631116929932804
2019-10-21,2019,"A","Hard",104792,206173,1,286.318812807756,0.838645404324839,1,0.80159474355981
2019-10-21,2019,"A","Hard",105676,124187,1,359.730991475998,0.888030347836887,0,0.847802172917009
2019-10-21,2019,"A","Hard",104468,105379,0,115.699547095609,0.660611427963736,0,0.650408838718044
2019-10-21,2019,"A","Hard",104926,105936,1,185.090776059756,0.743734129226174,0,0.721803211279943
2019-10-21,2019,"A","Hard",126094,111202,0,-86.262533779405,0.378347760732971,1,0.434690919349537
2019-10-21,2019,"A","Hard",126774,105575,1,264.762520714383,0.821140784529735,1,0.786168658481114
2019-10-21,2019,"A","Hard",126610,105777,1,-201.734445321395,0.238435358390534,1,0.323240901336307
2019-10-21,2019,"A","Hard",104527,126207,1,189.447514017124,0.748484815609855,1,0.725614398225881
2019-10-21,2019,"A","Hard",105807,105062,0,36.2876802772512,0.552033104123291,1,0.56793078956948
2019-10-21,2019,"A","Hard",103819,105430,1,601.076535523714,0.9695301728509,1,0.94121810713639
2019-10-21,2019,"A","Hard",106233,104269,1,129.794227285532,0.678558610074204,1,0.670733431236872
2019-10-21,2019,"A","Hard",200282,105526,0,18.0309314903413,0.525925325413412,1,0.548234877563256
2019-10-21,2019,"A","Hard",111575,106043,0,191.390329329504,0.750584358148225,0,0.721513244706985
2019-10-21,2019,"A","Hard",105138,124187,1,347.011776850054,0.880540693494209,0,0.840482193996984
2019-10-21,2019,"A","Hard",104792,105379,1,145.672668950135,0.698161699082534,1,0.685889462246105
2019-10-21,2019,"A","Hard",126774,105936,1,236.080464160676,0.795595236012865,1,0.764318123739008
2019-10-21,2019,"A","Hard",126610,126094,1,-14.5593742905141,0.479059632130213,1,0.519980409876744
2019-10-21,2019,"A","Hard",103819,104527,0,303.155400695577,0.851334052433509,1,0.808601244845846
2019-10-21,2019,"A","Hard",106233,105807,1,164.32117167141,0.720291640858302,1,0.703194776513248
2019-10-21,2019,"A","Hard",200282,124187,0,203.178070705297,0.763070354489478,1,0.731756178965343
2019-10-21,2019,"A","Hard",104792,106043,0,40.2826758543581,0.557713054711247,0,0.572214418464431
2019-10-21,2019,"A","Hard",103819,126774,0,258.36413026588,0.815667181685512,1,0.77643093586136
2019-10-21,2019,"A","Hard",106233,126610,0,261.83233999881,0.818650049141856,1,0.779053746834676
2019-10-21,2019,"A","Hard",103819,200282,1,403.345149297914,0.910669845893233,1,0.87082533561568
2019-10-21,2019,"A","Hard",106233,106043,0,152.528629910403,0.706412862965801,1,0.686102861322537
2019-10-28,2019,"M","Hard",105173,134770,0,116.710924460098,0.661915510536015,1,0.631233589728661
2019-10-28,2019,"M","Hard",105227,128034,0,426.888631387064,0.921098627697108,1,0.869270582676895
2019-10-28,2019,"M","Hard",126094,104542,0,-161.192972257589,0.283350681522689,0,0.336640094058314
2019-10-28,2019,"M","Hard",105526,106415,0,7.23509561720311,0.51041063475576,1,0.514636120148391
2019-10-28,2019,"M","Hard",105932,105430,0,255.735698832843,0.813381378045703,0,0.758731789703569
2019-10-28,2019,"M","Hard",105332,106000,0,42.0294842746559,0.56019196201466,1,0.552501991111096
2019-10-28,2019,"M","Hard",133430,104468,0,-15.244358821423,0.478075671709432,1,0.490054987716041
2019-10-28,2019,"M","Hard",106432,104269,0,139.111615362047,0.690143621803194,0,0.653738803464451
2019-10-28,2019,"M","Hard",105683,111815,0,174.570179387347,0.732022206225339,1,0.687969586222614
2019-10-28,2019,"M","Hard",105777,200005,0,341.958999300804,0.877447136603955,1,0.820974209323972
2019-10-28,2019,"M","Hard",106426,104655,0,-228.662516382542,0.21143666088645,1,0.274187560644003
2019-10-28,2019,"M","Hard",105023,104871,0,23.1632270553446,0.533285262794161,0,0.532017629590091
2019-10-28,2019,"M","Hard",126203,126207,0,0.224237841259992,0.500322704149299,1,0.506971811361773
2019-10-28,2019,"M","Hard",200282,111513,0,139.243053935965,0.690305398497894,1,0.653868959914767
2019-10-28,2019,"M","Hard",105575,106378,0,-200.201844210557,0.240041052391208,0,0.299649976925708
2019-10-28,2019,"M","Hard",105583,144895,0,272.751740804197,0.827795758302354,0,0.772095834688092
2019-10-28,2019,"M","Hard",104745,105173,1,541.029362478038,0.957483463754266,1,0.91855610940054
2019-10-28,2019,"M","Hard",104527,105227,1,-88.8100871801289,0.374904770458058,1,0.417601344650715
2019-10-28,2019,"M","Hard",126610,104542,1,-175.752346548103,0.266644975937461,0,0.328937163633808
2019-10-28,2019,"M","Hard",111575,105526,1,219.705415224464,0.779838595434067,0,0.734409711341035
2019-10-28,2019,"M","Hard",105430,104312,0,-119.935165659945,0.333943583042568,1,0.378057246042671
2019-10-28,2019,"M","Hard",104792,105332,1,87.7210509350975,0.62362493455695,1,0.608184472962262
2019-10-28,2019,"M","Hard",104926,133430,1,88.6419813480852,0.624868421645084,0,0.609144154440938
2019-10-28,2019,"M","Hard",100644,104269,1,250.351232766868,0.808630744442064,1,0.759727505989727
2019-10-28,2019,"M","Hard",106233,105683,1,69.9910837788134,0.599384472258276,1,0.58955337844333
2019-10-28,2019,"M","Hard",105676,105777,1,53.8380311330945,0.576864908842539,0,0.57235121846268
2019-10-28,2019,"M","Hard",104545,106426,1,346.34015762715,0.88013341909596,0,0.82794506296895
2019-10-28,2019,"M","Hard",106421,104871,1,197.346239800375,0.756947471643566,0,0.714897807019674
2019-10-28,2019,"M","Hard",126774,126203,1,234.014546605561,0.793654456886497,1,0.746439848202017
2019-10-28,2019,"M","Hard",105138,200282,1,143.833706144756,0.695926238930387,0,0.664893217087292
2019-10-28,2019,"M","Hard",106043,106378,1,-70.1361881235887,0.400414972829564,0,0.437594474250816
2019-10-28,2019,"M","Hard",104925,144895,1,688.138150412247,0.981316268280134,1,0.955488807467529
2019-10-28,2019,"M","Hard",104745,104527,0,364.769300034359,0.890881879832164,1,0.835174832369842
2019-10-28,2019,"M","Hard",104542,105526,0,94.7637223546565,0.63309181889087,1,0.608615117162383
2019-10-28,2019,"M","Hard",104792,105430,1,248.298216484777,0.806795252888168,1,0.758084122702117
2019-10-28,2019,"M","Hard",100644,133430,1,278.020440213331,0.832076281721362,0,0.781125543099355
2019-10-28,2019,"M","Hard",106233,105777,1,60.0978946774155,0.585635434448367,0,0.579040833356063
2019-10-28,2019,"M","Hard",106426,104871,0,-274.903396022692,0.170445790979208,1,0.23581166635393
2019-10-28,2019,"M","Hard",126774,200282,1,144.981019032034,0.697322017549362,1,0.66601067184748
2019-10-28,2019,"M","Hard",104925,106378,1,325.337723184103,0.866781290969932,1,0.814459022897589
2019-10-28,2019,"M","Hard",104745,104542,1,388.22625777238,0.903332197592342,1,0.852504724069495
2019-10-28,2019,"M","Hard",104792,133430,1,45.2174806759492,0.564708252999107,0,0.56309586346243
2019-10-28,2019,"M","Hard",105777,106426,0,387.315473873396,0.902873402541609,1,0.848308326074362
2019-10-28,2019,"M","Hard",104925,126774,0,260.777046680276,0.817746431357026,1,0.762746178753212
2019-10-28,2019,"M","Hard",104745,133430,1,459.609699053668,0.93374708211518,0,0.887622384815079
2019-10-28,2019,"M","Hard",104925,105777,1,303.043176074704,0.851252271150513,1,0.799265623657014
2019-10-28,2019,"M","Hard",104925,133430,1,400.408716129282,0.90928516493784,1,0.85908127876731
2019-11-05,2019,"F","Hard",144707,206173,0,45.9874162745903,0.565797407322119,0,0.612621734260886
2019-11-05,2019,"F","Hard",200005,206173,0,-3.49212711441896,0.494974594332608,1,0.560175774647023
2019-11-05,2019,"F","Hard",200005,144707,0,-49.4795433890092,0.42927073598617,0,0.510169291281823
2019-11-05,2019,"F","Hard",126207,206173,0,146.494217133991,0.699157360064124,0,0.710550326259895
2019-11-05,2019,"F","Hard",126207,144707,0,100.506800859401,0.640736836102108,1,0.667492480611356
2019-11-05,2019,"F","Hard",126207,200005,0,149.98634424841,0.703368602693528,1,0.713682370753192
2019-11-05,2019,"F","Hard",200175,200221,0,2.77833047038871,0.50399825372794,1,0.566923110763926
2019-11-05,2019,"F","Hard",134770,200221,0,42.9707442473386,0.561526474506827,1,0.609485065896331
2019-11-05,2019,"F","Hard",134770,200175,0,40.1924137769499,0.557584883949064,0,0.606588184074125
2019-11-05,2019,"F","Hard",200282,200221,0,235.751982548779,0.795287560714533,1,0.783902789599477
2019-11-05,2019,"F","Hard",200282,200175,0,232.97365207839,0.792671459179964,1,0.781836627653546
2019-11-05,2019,"F","Hard",200282,134770,0,192.78123830144,0.752080265888262,1,0.750365350266096
2019-11-05,2019,"F","Hard",200175,206173,0,2.77833047038871,0.50399825372794,0,0.566923110763926
2019-11-05,2019,"F","Hard",200282,126207,0,89.2577654147876,0.625698967671686,1,0.656481077864155
2019-11-05,2019,"F","Hard",200282,206173,0,235.751982548779,0.795287560714533,0,0.783902789599477
2019-11-11,2019,"F","Hard",106233,126610,0,261.83233999881,0.818650049141856,0,0.802605167220744
2019-11-11,2019,"F","Hard",103819,126610,0,502.364704981702,0.947441766093494,1,0.920924444762665
2019-11-11,2019,"F","Hard",103819,106233,0,240.532364982892,0.799731262136408,0,0.787424555139465
2019-11-11,2019,"F","Hard",104925,126610,0,504.777621396098,0.948129140850336,1,0.921689780861054
2019-11-11,2019,"F","Hard",104925,106233,0,242.945281397288,0.801946620264984,0,0.78918619753462
2019-11-11,2019,"F","Hard",104925,103819,0,2.41291641439648,0.503472410027016,0,0.566530561682331
2019-11-11,2019,"F","Hard",126774,100644,0,-138.388770764325,0.310746898192438,1,0.413796978485575
2019-11-11,2019,"F","Hard",106421,100644,0,-95.720738209081,0.365629449153045,0,0.459682678694243
2019-11-11,2019,"F","Hard",106421,126774,0,42.6680325552441,0.561097387898178,0,0.609169807983587
2019-11-11,2019,"F","Hard",104745,100644,0,181.589258840337,0.73987362060553,0,0.741081528574605
2019-11-11,2019,"F","Hard",104745,126774,0,319.978029604662,0.863178175563776,1,0.839840456579188
2019-11-11,2019,"F","Hard",104745,106421,0,277.309997049418,0.831504079130515,1,0.813113759565122
2019-11-11,2019,"F","Hard",106233,100644,0,-120.557005481337,0.333147863895017,1,0.432838940106109
2019-11-11,2019,"F","Hard",103819,126774,0,258.36413026588,0.815667181685512,0,0.800190226124116
2019-11-11,2019,"F","Hard",106233,126774,0,17.8317652829885,0.525639464319107,0,0.583015917330025
2019-11-18,2019,"D","Hard",126094,127339,0,160.173536544109,0.715456161051158,1,0.807575326895767
2019-11-18,2019,"D","Hard",104327,105053,0,139.659618232186,0.690817804604688,1,0.79324279790422
2019-11-18,2019,"D","Hard",104926,105577,0,236.107889152162,0.795620908332957,0,0.854026935932927
2019-11-18,2019,"D","Hard",111575,106432,0,29.5443113425852,0.542415495383653,1,0.703252654583427
2019-11-18,2019,"D","Hard",105676,123755,0,384.211163233386,0.901295020307502,1,0.917925221018631
2019-11-18,2019,"D","Hard",126610,133430,0,-104.368905266816,0.354161668149408,0,0.568803566763567
2019-11-19,2019,"D","Hard",104542,106034,0,275.150802343621,0.829755485803006,1,0.874060883493078
2019-11-19,2019,"D","Hard",105138,126094,0,228.29388753803,0.788209319163276,0,0.849713370790457
2019-11-19,2019,"D","Hard",105550,111797,0,-13.8981170492843,0.480009663228454,1,0.662124617998519
2019-11-19,2019,"D","Hard",106401,105292,0,353.886841433228,0.884641357813631,1,0.907359955629804
2019-11-19,2019,"D","Hard",105062,122298,0,197.95591491514,0.757592573284872,1,0.831966332389016
2019-11-19,2019,"D","Hard",124187,105577,0,-61.0615124842486,0.413019129358416,0,0.61454059679815
2019-11-19,2019,"D","Hard",104792,106415,0,75.8328573665215,0.607431654988689,0,0.743710702784597
2019-11-19,2019,"D","Hard",104745,111575,0,263.284564902573,0.819887840506991,1,0.868234411835554
2019-11-19,2019,"D","Hard",106043,106426,0,294.884738640408,0.845207023691871,1,0.883261657832224
2019-11-19,2019,"D","Hard",200282,123755,0,227.658242462685,0.78759784719918,1,0.849357900800465
2019-11-19,2019,"D","Hard",122330,104898,0,-80.2406210555841,0.386534679375078,0,0.59448351429368
2019-11-19,2019,"D","Hard",133430,126203,0,94.3828771565554,0.632582423699006,1,0.758871169527603
2019-11-20,2019,"D","Hard",105936,105216,0,133.836992972954,0.683613398413253,1,0.789033676190778
2019-11-20,2019,"D","Hard",105550,104259,0,-68.6867987565417,0.402419723320545,0,0.606608631945521
2019-11-20,2019,"D","Hard",106401,104327,0,140.200657164127,0.691482624242598,1,0.7936307400173
2019-11-20,2019,"D","Hard",104918,134868,0,446.191938623416,0.928805730281499,1,0.936174434679353
2019-11-20,2019,"D","Hard",104926,124187,0,297.16940163641,0.84691987127713,1,0.884288335455285
2019-11-20,2019,"D","Hard",104925,106415,0,431.024092819855,0.922811473005851,1,0.932092743553423
2019-11-20,2019,"D","Hard",104745,127339,0,709.592766574079,0.983451035455947,1,0.978917698209252
2019-11-20,2019,"D","Hard",106043,105526,0,28.3150858949602,0.540658708058812,0,0.702129144806289
2019-11-20,2019,"D","Hard",105676,200282,0,156.552920770701,0.711194203093668,0,0.805101830175171
2019-11-20,2019,"D","Hard",105554,104898,0,37.6697473933084,0.55399969418028,0,0.710617201639727
2019-11-20,2019,"D","Hard",126610,126203,0,-9.98602811026058,0.48563290637487,0,0.665942866553146
2019-11-21,2019,"D","Hard",104542,105936,0,167.832235992958,0.724345458719095,0,0.812728550160679
2019-11-21,2019,"D","Hard",111797,104259,0,-54.7886817072574,0.421799891990213,0,0.621020608453495
2019-11-21,2019,"D","Hard",105062,106378,0,-118.216410161846,0.336147851476122,0,0.553887206857226
2019-11-21,2019,"D","Hard",105357,105577,0,105.33777592345,0.647112986825074,0,0.767532039378334
2019-11-21,2019,"D","Hard",104925,105332,0,442.912286388431,0.927547180043482,1,0.935311711567459
2019-11-21,2019,"D","Hard",106426,105526,0,-266.569652745448,0.177336488005282,1,0.393493979499373
2019-11-21,2019,"D","Hard",105554,122330,0,117.910368448893,0.663458903445354,0,0.777201571617124
2019-11-21,2019,"D","Hard",133430,200282,0,5.34934958302779,0.507697724621732,0,0.680698432131526
2019-11-22,2019,"D","Hard",105550,105807,0,-74.871887521545,0.39388822735662,1,0.600133023255096
2019-11-22,2019,"D","Hard",106378,104259,0,88.1138186495982,0.624155469797088,1,0.753816884069478
2019-11-22,2019,"D","Hard",126094,105936,0,6.63926373536856,0.509553505719994,1,0.681923742163857
2019-11-22,2019,"D","Hard",104745,106043,0,454.674894232076,0.931967923118653,1,0.93835640532383
2019-11-22,2019,"D","Hard",105526,105554,0,69.6132869920934,0.598862147117236,0,0.738489979458891
2019-11-22,2019,"D","Hard",104925,111575,0,204.083581978187,0.764011458096057,1,0.835680801351363
2019-11-23,2019,"D","Hard",103852,106378,0,-101.553282694609,0.357877651482807,0,0.571822209177698
2019-11-23,2019,"D","Hard",126094,105577,0,57.6563768277745,0.582220822029896,1,0.728262302884217
2019-11-23,2019,"D","Hard",104745,105554,0,552.60326711913,0.960114515860239,1,0.95895567707568
2019-11-23,2019,"D","Hard",133430,111575,0,-196.325134151095,0.244135575676338,1,0.468707807686781
2019-11-24,2019,"D","Hard",105138,2e+05,0,371.025405988255,0.894333791269146,1,0.913473063577146
2019-11-24,2019,"D","Hard",104745,133430,0,459.609699053668,0.93374708211518,1,0.939593467207235
