"year","y","x","seed_diff","tourney_level","surface","pred_logit_base","pred_logit_ext"
2019,"1",40,0,"A","Hard",0.592518443698586,0.570338523739358
2019,"0",330,0,"A","Hard",0.615056526713536,0.587216267345843
2019,"1",426,0,"A","Hard",0.62241503220013,0.592760550335633
2019,"0",229,0,"A","Hard",0.607257603763867,0.581359270107767
2019,"0",46,0,"A","Hard",0.592989074134945,0.570689523079337
2019,"1",243,1,"A","Hard",0.608342013926912,0.996548222598655
2019,"1",82,0,"A","Hard",0.595809245896646,0.572794014637965
2019,"0",87,0,"A","Hard",0.596200440920668,0.573086098641353
2019,"1",228,0,"A","Hard",0.607180105267548,0.581301162329331
2019,"1",3,0,"A","Hard",0.589612500947971,0.568172477564179
2019,"0",295,-1,"A","Hard",0.612360393191154,0.00676236844271383
2019,"1",916,1,"A","Hard",0.659042453729321,0.99705907438296
2019,"0",1529,-1,"A","Hard",0.702287697101185,0.00905823293631385
2019,"0",590,-1,"A","Hard",0.634854735819047,0.00725224098876783
2019,"1",234,0,"A","Hard",0.607645015148871,0.581649775108925
2019,"1",41,0,"A","Hard",0.592596893918735,0.570397028550994
2019,"0",480,0,"A","Hard",0.626529777528471,0.595868955188951
2019,"0",253,0,"A","Hard",0.609115939057831,0.582753176076469
2019,"0",423,-1,"A","Hard",0.622185911032492,0.00697075200589243
2019,"0",20,1,"A","Hard",0.590948453681159,0.996360154064839
2019,"0",274,0,"A","Hard",0.610739391950367,0.583971760660421
2019,"1",683,0,"A","Hard",0.641830972990102,0.607483733967025
2019,"1",110,0,"A","Hard",0.597998356184768,0.57442902566191
2019,"0",299,0,"A","Hard",0.612668874705989,0.58542111815114
2019,"1",1485,1,"A","Hard",0.699289830129616,0.997431684106358
2019,"1",24,0,"A","Hard",0.591262601198141,0.569402180580724
2019,"1",541,0,"A","Hard",0.631155961696955,0.599371058558362
2019,"1",692,1,"A","Hard",0.642502971327306,0.99689801455245
2019,"0",1075,-1,"A","Hard",0.670554656983833,0.00813530632228028
2019,"1",255,1,"A","Hard",0.609270658363353,0.996558063716191
2019,"0",21,0,"A","Hard",0.591026997533423,0.569226560758046
2019,"0",39,-1,"A","Hard",0.592439988761468,0.0063639847587701
2019,"1",799,0,"A","Hard",0.650448792673329,0.614067456562586
2019,"1",46,0,"A","Hard",0.592989074134945,0.570689523079337
2019,"1",1245,1,"A","Hard",0.682640641562427,0.997280634823463
2019,"1",1315,1,"A","Hard",0.687547683950077,0.997325583643963
2019,"0",401,0,"A","Hard",0.620504026986111,0.591318939200205
2019,"1",50,1,"A","Hard",0.593302733023735,0.996386037223262
2019,"0",2222,-1,"A","Hard",0.747136101887292,0.0106706602104607
2019,"1",1413,1,"A","Hard",0.69434734995923,0.997387269829981
2019,"0",1190,-1,"A","Hard",0.678756350017717,0.00835987089400583
2019,"1",538,1,"A","Hard",0.630928999460203,0.996782214469429
2019,"0",81,0,"A","Hard",0.595730992260519,0.572735591739019
2019,"1",127,1,"A","Hard",0.59932556115302,0.996451634309587
2019,"0",850,-1,"A","Hard",0.654207167960213,0.00771310374780632
2019,"1",1179,1,"A","Hard",0.67797649180907,0.997237564709977
2019,"0",317,0,"A","Hard",0.614055920441331,0.586463742245907
2019,"0",995,0,"A","Hard",0.664786857944555,0.625096364376212
2019,"0",311,0,"A","Hard",0.613593776357009,0.586116286507884
2019,"1",43,0,"A","Hard",0.592753780193268,0.570514032273003
2019,"0",239,0,"A","Hard",0.608032291049986,0.581940223485374
2019,"0",780,0,"A","Hard",0.649043790125852,0.612991871224448
2019,"1",198,0,"A","Hard",0.604852656100573,0.57955688687052
2019,"1",153,0,"A","Hard",0.601352582502415,0.57693675730223
2019,"1",8919,1,"G","Hard",0.963012636107305,0.999594140484559
2019,"0",773,0,"G","Hard",0.648525504178409,0.629610522595171
2019,"1",312,0,"G","Hard",0.613670814609297,0.603598937711278
2019,"1",782,1,"G","Hard",0.649191807346104,0.997174963597958
2019,"1",1135,1,"G","Hard",0.67484716179412,0.997402702292932
2019,"1",298,0,"G","Hard",0.612591762787574,0.60279891728279
2019,"1",27,0,"G","Hard",0.591498162946374,0.587209220525126
2019,"1",1393,1,"G","Hard",0.69296639449219,0.997557481338979
2019,"1",1613,1,"G","Hard",0.70796275649412,0.997682172853032
2019,"0",95,0,"G","Hard",0.596826098458479,0.591138813299524
2019,"0",384,0,"G","Hard",0.619202401106881,0.607704495118452
2019,"1",1380,1,"G","Hard",0.692066912783263,0.997549907261003
2019,"1",1042,1,"G","Hard",0.668181536957307,0.997344542879549
2019,"1",227,0,"G","Hard",0.607102601373017,0.598733285728643
2019,"1",31,0,"G","Hard",0.591812179899881,0.587440686095977
2019,"1",3459,1,"G","Hard",0.815378013213408,0.998507089097276
2019,"1",5625,1,"G","Hard",0.899271125606106,0.999109344323093
2019,"1",507,0,"G","Hard",0.628580345839614,0.614682770409704
2019,"0",197,0,"G","Hard",0.60477499190491,0.59701128662226
2019,"1",859,1,"G","Hard",0.654868432254722,0.997226280734391
2019,"1",881,1,"G","Hard",0.656482331553767,0.997240771285727
2019,"0",72,0,"G","Hard",0.595026490892949,0.589810962547757
2019,"1",173,0,"G","Hard",0.602909472904717,0.595631961288406
2019,"1",980,1,"G","Hard",0.663699831241147,0.99730505016211
2019,"1",2345,1,"G","Hard",0.754611997080788,0.998053100027204
2019,"1",304,0,"G","Hard",0.613054349539842,0.603141850751095
2019,"0",28,0,"G","Hard",0.591576674196936,0.5872670905364
2019,"0",1269,-1,"G","Hard",0.684327706341413,0.00915058628027899
2019,"1",355,1,"G","Hard",0.616978030691224,0.99687272035309
2019,"1",558,0,"G","Hard",0.632440982451348,0.617562608163042
2019,"0",386,0,"G","Hard",0.619355622909782,0.607818324189237
2019,"1",3275,1,"G","Hard",0.806207513551603,0.99844014880173
2019,"1",3505,1,"G","Hard",0.817617493053875,0.99852337107273
2019,"1",37,0,"G","Hard",0.592283064751197,0.58778781194623
2019,"1",59,0,"G","Hard",0.594008187048534,0.589059857421131
2019,"1",952,1,"G","Hard",0.661666076730896,0.997287023261334
2019,"1",1385,1,"G","Hard",0.692413040397446,0.997552823136626
2019,"1",412,0,"G","Hard",0.621345333745406,0.60929703154192
2019,"0",300,0,"G","Hard",0.612745980978455,0.602913239677887
2019,"1",2030,1,"G","Hard",0.735168962393838,0.997901354954661
2019,"1",1175,1,"G","Hard",0.677692660687476,0.997427324708319
2019,"0",462,0,"G","Hard",0.625160196032481,0.612135042837653
2019,"0",307,0,"G","Hard",0.613285566509474,0.603313279508867
2019,"1",1508,1,"G","Hard",0.700859044176157,0.997623473718635
2019,"1",210,1,"G","Hard",0.605784212662165,0.996762919594438
2019,"1",204,0,"G","Hard",0.60531853001982,0.597413302045209
2019,"0",94,0,"G","Hard",0.596747908447463,0.591081108150713
2019,"1",5843,1,"G","Hard",0.905508609152109,0.999154476457296
2019,"1",3765,1,"G","Hard",0.829879249032672,0.998612121761583
2019,"1",565,0,"G","Hard",0.63296956342599,0.617957241451941
2019,"0",30,0,"G","Hard",0.591733682677416,0.587382823323324
2019,"0",20,-1,"G","Hard",0.590948453681159,0.00680722061485188
2019,"0",394,0,"G","Hard",0.619968272176358,0.608273523161973
2019,"1",140,0,"G","Hard",0.600339501404073,0.593732923492715
2019,"0",2562,-1,"G","Hard",0.767433228587203,0.0124188469129435
2019,"0",1285,-1,"G","Hard",0.68544972737951,0.00918528639151194
2019,"1",278,0,"G","Hard",0.611048344092819,0.601655077901201
2019,"1",501,0,"G","Hard",0.628125061123044,0.614343432988719
2019,"1",1679,1,"G","Hard",0.712376842614008,0.997718326782918
2019,"1",803,1,"G","Hard",0.650744251065086,0.997189052344108
2019,"0",266,0,"G","Hard",0.610121221039894,0.600968240272843
2019,"1",36,0,"G","Hard",0.592204595685479,0.587729963691253
2019,"1",7274,1,"G","Hard",0.938484144613485,0.999399025599357
2019,"1",8845,1,"G","Hard",0.962146561016207,0.999586909293532
2019,"1",749,1,"G","Hard",0.646745870429603,0.99715268174188
2019,"1",962,1,"G","Hard",0.662393108433645,0.997293475203612
2019,"1",1205,1,"G","Hard",0.679818187455117,0.997445638608689
2019,"1",1395,1,"G","Hard",0.693104646359219,0.997558644506848
2019,"1",1047,1,"G","Hard",0.668541653998453,0.997347702511191
2019,"0",198,-1,"G","Hard",0.604852656100573,0.00710064461422888
2019,"1",3011,1,"G","Hard",0.792452152133202,0.998338836219785
2019,"1",5265,1,"G","Hard",0.888169198552964,0.999029484614182
2019,"0",937,-1,"G","Hard",0.660574097059651,0.00845917093114667
2019,"0",682,-1,"G","Hard",0.641756272043293,0.00796351264870843
2019,"1",1070,1,"G","Hard",0.670195648080274,0.997362188590967
2019,"1",1341,1,"G","Hard",0.689359721352499,0.997527044165503
2019,"1",21,0,"G","Hard",0.591026997533423,0.586861949902552
2019,"1",501,1,"G","Hard",0.628125061123044,0.996979527031976
2019,"0",3735,-1,"G","Hard",0.828498590749911,0.0163668988727567
2019,"1",3468,1,"G","Hard",0.815817839973352,0.998510288745199
2019,"1",825,1,"G","Hard",0.652367198247837,0.997203736839812
2019,"1",497,1,"G","Hard",0.627821411540235,0.996976649851669
2019,"1",2077,1,"G","Hard",0.738131650386708,0.997924723948997
2019,"1",1843,1,"G","Hard",0.723170926299752,0.997805746312059
2019,"1",1419,1,"G","Hard",0.694760957962117,0.997572559495837
2019,"0",231,-1,"G","Hard",0.607412584547761,0.00715640737524174
2019,"1",6154,1,"G","Hard",0.913807994806114,0.99921493549179
2019,"0",3730,-1,"G","Hard",0.828267619130523,0.0163476919148643
2019,"1",430,0,"G","Hard",0.62272044202333,0.610319578890818
2019,"1",1174,1,"G","Hard",0.677621682411484,0.997426711994646
2019,"0",20,0,"G","Hard",0.590948453681159,0.58680406305363
2019,"1",5,0,"G","Hard",0.589769740896099,0.585935473235335
2019,"1",1107,1,"G","Hard",0.672847590811959,0.997385326888533
2019,"1",1034,1,"G","Hard",0.66760494037185,0.997339479658807
2019,"1",6499,1,"G","Hard",0.922237671204253,0.999276963357328
2019,"1",7695,0,"G","Hard",0.945923854994521,0.898727050289451
2019,"1",80,0,"G","Hard",0.59565273375586,0.590272973222956
2019,"0",610,0,"G","Hard",0.636359905493812,0.620490435548018
2019,"1",2733,1,"G","Hard",0.777202579302458,0.998225042664956
2019,"1",6042,1,"G","Hard",0.910898090169284,0.999193677011824
2019,"1",997,1,"G","Hard",0.664931663202973,0.997315936732437
2019,"1",1815,1,"G","Hard",0.721345821552867,0.997791061220444
2019,"1",885,1,"G","Hard",0.656775381150131,0.997243397809051
2019,"1",2750,0,"G","Hard",0.778157627097835,0.731559865224662
2019,"0",1230,0,"G","Hard",0.68158378018948,0.65467527796705
2019,"1",275,0,"G","Hard",0.610816638333683,0.601483405893128
2019,"1",5456,1,"G","Hard",0.894186660309005,0.999072706943612
2019,"0",90,0,"G","Hard",0.596435099277561,0.590850262473266
2019,"1",1217,1,"G","Hard",0.680666318833433,0.997452927706547
2019,"0",1060,-1,"G","Hard",0.669477034793998,0.00870907087193728
2019,"1",6127,0,"G","Hard",0.913114473425422,0.859217162204151
2019,"1",7270,0,"G","Hard",0.938409065538019,0.889110974348474
2019,"1",2045,0,"G","Hard",0.736116827050416,0.697249396036676
2019,"0",4485,0,"G","Hard",0.860413115925215,0.804832956467629
2019,"0",1190,0,"G","Hard",0.678756350017717,0.65251309699218
2019,"0",2555,0,"G","Hard",0.767027021243988,0.72231927486423
2019,"0",4325,0,"G","Hard",0.854051253718283,0.798762723310903
2019,"0",710,-1,"G","Hard",0.643845286248415,0.0080164984294095
2019,"1",6615,1,"G","Hard",0.92489814773177,0.999296699057705
2019,"1",5385,0,"G","Hard",0.891983873424762,0.836395838400643
2019,"0",655,0,"G","Hard",0.639736754909315,0.623017079704395
2019,"1",490,0,"G","Hard",0.627289782078895,0.613721025830788
2019,"1",6400,1,"G","Hard",0.919899124165303,0.999259682859993
2019,"1",7890,0,"G","Hard",0.949074880190459,0.902886450480419
2019,"1",5385,0,"G","Hard",0.891983873424762,0.836395838400643
2019,"1",1655,0,"G","Hard",0.710776326849028,0.67724117106319
2019,"1",203,0,"D","Hard",0.605240897629004,0.715984262155381
2019,"1",753,0,"D","Clay",0.647042760322317,0.738505643468116
2019,"1",280,0,"D","Clay",0.611202786738481,0.716118393316103
2019,"1",1250,0,"D","Clay",0.682992511290738,0.76076420432004
2019,"1",354,0,"D","Hard",0.616901240228309,0.723257828546147
2019,"1",1201,0,"D","Hard",0.679535212318074,0.761859087660214
2019,"1",655,0,"D","Grass",0.639736754909315,0.717691314314165
2019,"0",581,0,"D","Hard",0.634176546509211,0.733973165230492
2019,"0",752,0,"D","Hard",0.646968548478775,0.741868180710904
2019,"1",1006,0,"D","Hard",0.665582902468795,0.753309785085006
2019,"1",1611,0,"D","Hard",0.707828376466029,0.77916133725663
2019,"0",295,0,"D","Clay",0.612360393191154,0.716845865908257
2019,"1",854,0,"D","Hard",0.654501136987147,0.746504105363965
2019,"0",258,0,"D","Clay",0.609502696114917,0.715049395563998
2019,"0",142,0,"D","Clay",0.600495416154759,0.709373038209126
2019,"1",525,0,"D","Clay",0.629944827983508,0.72785790301965
2019,"1",496,0,"D","Hard",0.627745483369231,0.729991943695406
2019,"1",354,0,"D","Grass",0.616901240228309,0.702906149573379
2019,"1",479,0,"D","Hard",0.62645374263427,0.729191209339397
2019,"1",330,0,"D","Hard",0.615056526713536,0.722109478674134
2019,"1",168,0,"D","Hard",0.602520444280281,0.71428196381282
2019,"1",2824,0,"D","Hard",0.782280741278024,0.82496962894327
2019,"0",43,0,"D","Clay",0.592753780193268,0.704476154797571
2019,"1",663,0,"D","Clay",0.640335649889242,0.734334904344956
2019,"0",268,0,"D","Clay",0.610275797026094,0.715535603738708
2019,"1",419,0,"D","Clay",0.621880331245144,0.722816211941578
2019,"1",6468,0,"D","Hard",0.921512202636321,0.918368597247155
2019,"1",530,0,"D","Grass",0.630323483789702,0.71160562283288
2019,"1",653,0,"D","Hard",0.639586963096363,0.737316070097409
2019,"0",172,0,"D","Hard",0.602831677570717,0.714476821790988
2019,"0",468,0,"D","Hard",0.625616947098053,0.728672292386832
2019,"1",2491,0,"D","Hard",0.763290252395294,0.813191709114261
2019,"0",413,0,"D","Clay",0.621421780072343,0.722529117169269
2019,"1",348,0,"D","Clay",0.616440375054407,0.719407213476307
2019,"1",356,0,"D","Clay",0.617054815316699,0.719792602146676
2019,"1",549,0,"D","Hard",0.631760910405504,0.7324787535208
2019,"1",706,0,"D","Hard",0.643547188464114,0.739759471729228
2019,"0",43,0,"A","Clay",0.592753780193268,0.566165864645969
2019,"1",446,0,"A","Hard",0.62394110507363,0.593912691633343
2019,"1",447,0,"A","Hard",0.62401734445544,0.59397027168368
2019,"1",425,0,"A","Clay",0.622338664548286,0.588417328810683
2019,"1",290,0,"A","Hard",0.611974664600463,0.584899518393391
2019,"1",263,0,"A","Hard",0.609889315583197,0.583333581475691
2019,"0",224,-1,"A","Clay",0.606870057335434,0.00653340780708934
2019,"1",221,1,"A","Hard",0.606637464841008,0.996530107667034
2019,"1",918,1,"A","Hard",0.65918846829817,0.997060474201079
2019,"0",610,0,"A","Clay",0.636359905493812,0.599070796051091
2019,"0",174,0,"A","Hard",0.602987263036101,0.578160032453283
2019,"1",819,0,"A","Hard",0.651924925271892,0.615198449596245
2019,"0",173,0,"A","Clay",0.602909472904717,0.573773063451134
2019,"1",21,0,"A","Hard",0.591026997533423,0.569226560758046
2019,"1",477,0,"A","Hard",0.626301654103003,0.59569646524213
2019,"0",517,-1,"A","Clay",0.629338646233712,0.00700348972954227
2019,"1",213,1,"A","Hard",0.606016982014851,0.996523496957114
2019,"0",1535,-1,"A","Hard",0.70269516097283,0.00907110025580679
2019,"1",297,1,"A","Clay",0.612514645226662,0.996531562948441
2019,"1",704,1,"A","Hard",0.643398097839271,0.996906861498346
2019,"0",121,-1,"A","Hard",0.598857301159016,0.00648898577009648
2019,"1",229,0,"A","Clay",0.607257603763867,0.577039499951387
2019,"1",281,0,"A","Hard",0.611279999692764,0.584377728293944
2019,"0",497,0,"A","Hard",0.627821411540235,0.596845949651548
2019,"1",305,0,"A","Clay",0.613131427530833,0.581461717882333
2019,"0",401,0,"A","Hard",0.620504026986111,0.591318939200205
2019,"1",596,1,"A","Clay",0.635306565106225,0.996769756843728
2019,"0",630,-1,"A","Hard",0.637862409885594,0.00732132158202323
2019,"1",234,0,"A","Clay",0.607645015148871,0.577330823187423
2019,"0",51,0,"A","Hard",0.593381135869994,0.570981968247599
2019,"1",28,0,"A","Hard",0.591576674196936,0.569636313178723
2019,"1",61,0,"A","Clay",0.594164902043123,0.567221115042027
2019,"1",12,0,"A","Hard",0.590319936048549,0.568699596961396
2019,"1",362,0,"A","Hard",0.617515400293675,0.58906689475799
2019,"0",1202,-1,"A","Clay",0.679605968491973,0.00823758624753807
2019,"0",1120,-1,"A","Hard",0.673776749623081,0.0082224579486263
2019,"1",1895,1,"A","Hard",0.726540760457441,0.99767061746426
2019,"0",13,0,"A","Clay",0.590398516935811,0.564405784592959
2019,"0",135,-1,"A","Hard",0.599949625624942,0.00651056986671133
2019,"1",305,1,"A","Hard",0.613131427530833,0.996598768301931
2019,"0",1553,-1,"A","Clay",0.703915619541589,0.00895120460617483
2019,"1",965,1,"A","Hard",0.662611068525078,0.997093179360621
2019,"1",1105,1,"A","Hard",0.672704522653174,0.997188464550643
2019,"1",3,0,"A","Clay",0.589612500947971,0.563818728099288
2019,"1",309,1,"A","Hard",0.613439682794041,0.99660200386869
2019,"1",781,0,"A","Hard",0.649117802321969,0.613048508563626
2019,"1",80,1,"A","Clay",0.59565273375586,0.996347806376839
2019,"1",774,1,"A","Hard",0.648599566498095,0.996957969632326
2019,"1",491,0,"A","Hard",0.62736574802357,0.596501215375982
2019,"1",1511,1,"A","Clay",0.70106337794713,0.997402012541115
2019,"0",1035,-1,"A","Hard",0.66767704246017,0.00805860769638574
2019,"1",974,1,"A","Hard",0.663264533984913,0.997099400536066
2019,"0",391,-1,"A","Clay",0.619738573374703,0.00679735709075721
2019,"0",39,0,"A","Hard",0.592439988761468,0.570280016962725
2019,"1",597,1,"A","Hard",0.635381846835685,0.996827080073202
2019,"0",1465,-1,"A","Clay",0.697921490133667,0.0087667346926946
2019,"0",1517,-1,"A","Hard",0.701471805192207,0.0090325525292745
2019,"0",1976,-1,"A","Hard",0.731738664842919,0.0100681278367226
2019,"1",28,0,"A","Clay",0.591576674196936,0.565286030375811
2019,"0",25,0,"A","Hard",0.591341126443248,0.569460716643964
2019,"0",1610,0,"A","Hard",0.707761172837093,0.658825993816745
2019,"1",346,0,"A","Clay",0.616286706784,0.583842010195806
2019,"0",502,0,"A","Hard",0.628200957727345,0.597133155171682
2019,"1",934,1,"A","Hard",0.660355495566715,0.997071648856803
2019,"0",1045,0,"A","Clay",0.668397630824224,0.623739314958519
2019,"0",910,-1,"A","Hard",0.658604228990263,0.00782351756662376
2019,"0",996,-1,"A","Hard",0.664859264452276,0.00798451720036139
2019,"0",144,0,"A","Clay",0.600651310541475,0.57207896379536
2019,"1",182,0,"A","Hard",0.603609396363089,0.578625790722859
2019,"0",551,-1,"A","Hard",0.631912082917608,0.00718551048991106
2019,"0",198,0,"A","Clay",0.604852656100573,0.575232107269947
2019,"1",298,1,"A","Hard",0.612591762787574,0.996593098670266
2019,"1",805,0,"A","Hard",0.650891936864223,0.614406884401279
2019,"1",174,1,"A","Clay",0.602987263036101,0.996428567695705
2019,"0",375,0,"A","Hard",0.618512609588395,0.589817995978658
2019,"1",55,0,"A","Hard",0.593694699640092,0.571215888711353
2019,"0",292,-1,"A","Clay",0.6121289729055,0.00663963247726789
2019,"0",738,-1,"A","Hard",0.645928839714083,0.00751111876916873
2019,"1",1041,1,"A","Hard",0.668109489916888,0.997145298337813
2019,"0",2636,-1,"A","Hard",0.77169718543931,0.0117662073277359
2019,"0",59,0,"A","Clay",0.594008187048534,0.56710389492852
2019,"0",34,0,"A","Hard",0.592047643451478,0.569987453659513
2019,"0",248,0,"A","Hard",0.608729044849188,0.582462887261275
2019,"1",31,0,"A","Hard",0.591812179899881,0.569811892198042
2019,"1",454,0,"A","Hard",0.624550847904333,0.594373259613572
2019,"0",90,-1,"A","Clay",0.596435099277561,0.00632899955069665
2019,"1",363,1,"A","Hard",0.617592143962278,0.996645384964428
2019,"1",980,1,"A","Hard",0.663699831241147,0.997103540609121
2019,"0",1900,-1,"A","Hard",0.726863431562286,0.00988888085053517
2019,"1",70,0,"A","Clay",0.594869881749551,0.567748512251279
2019,"1",5,0,"A","Hard",0.589769740896099,0.568289628596174
2019,"0",259,0,"A","Clay",0.609580031029658,0.578786628805953
2019,"1",147,0,"A","Hard",0.600885113875837,0.576587076086802
2019,"1",290,0,"A","Hard",0.611974664600463,0.584899518393391
2019,"0",455,-1,"A","Clay",0.624627038040017,0.0069012951107518
2019,"0",215,-1,"A","Hard",0.606172134863305,0.00663528281818234
2019,"0",500,-1,"A","Hard",0.628049158198963,0.00709916650224068
2019,"0",627,-1,"A","Clay",0.637637205106796,0.00718851412493714
2019,"0",332,-1,"A","Hard",0.615210380042331,0.00682196031619837
2019,"1",1422,1,"A","Hard",0.694967644247129,0.997392863238963
2019,"1",173,0,"A","Clay",0.602909472904717,0.573773063451134
2019,"0",151,0,"A","Hard",0.601196780111267,0.576820205443841
2019,"0",505,0,"A","Hard",0.628428609589411,0.597305446529184
2019,"1",94,0,"A","Clay",0.596747908447463,0.569154151108172
2019,"1",97,0,"A","Hard",0.596982463717107,0.57367011356818
2019,"0",55,0,"A","Hard",0.593694699640092,0.571215888711353
2019,"1",1000,1,"A","Hard",0.665148812887184,0.997117298345726
2019,"1",303,1,"A","Clay",0.612977265885662,0.996536510690103
2019,"1",403,1,"A","Hard",0.620657045910179,0.996677162839721
2019,"1",910,1,"A","Hard",0.658604228990263,0.997054870939547
2019,"1",473,0,"A","Clay",0.625997402159903,0.591189876047472
2019,"0",112,0,"A","Hard",0.598154572913214,0.574545750340398
2019,"1",1,0,"A","Hard",0.589455242684539,0.568055318904914
2019,"1",272,0,"A","Clay",0.610584882509189,0.579543108393306
2019,"1",226,0,"A","Hard",0.607025092083801,0.581184940006448
2019,"0",61,0,"A","Hard",0.594164902043123,0.571566709720728
2019,"1",2987,1,"A","Hard",0.791166601070193,0.998204245743015
2019,"0",1518,-1,"A","Clay",0.701539845228573,0.00887737961291022
2019,"0",1039,-1,"A","Hard",0.667965372223956,0.00806624517175009
2019,"1",161,0,"A","Hard",0.601975586550223,0.577402878980238
2019,"1",10,0,"A","Clay",0.59016276044013,0.564229686526348
2019,"1",235,1,"A","Hard",0.607722481181888,0.99654164628086
2019,"1",705,1,"A","Hard",0.643472646626949,0.996907597607447
2019,"1",1260,1,"A","Clay",0.683695622983177,0.997242009297666
2019,"0",823,-1,"A","Hard",0.652219803079541,0.00766392330291357
2019,"0",5,0,"A","Hard",0.589769740896099,0.568289628596174
2019,"0",48,0,"A","Clay",0.593145913072674,0.566459050363852
2019,"0",122,0,"A","Hard",0.598935357049623,0.575129248843496
2019,"1",180,0,"A","Hard",0.603453894368817,0.578509364237418
2019,"1",200,0,"A","Clay",0.605007968612594,0.575348774515444
2019,"1",111,0,"A","Hard",0.598076467038191,0.574487389039053
2019,"1",710,1,"A","Hard",0.643845286248415,0.996911275534223
2019,"1",1030,1,"A","Clay",0.667316453504758,0.997086780636901
2019,"0",541,-1,"A","Hard",0.631155961696955,0.00716849852016402
2019,"0",1510,-1,"A","Hard",0.700995275585705,0.00901760562069384
2019,"0",336,-1,"A","Clay",0.615518017562027,0.00670927844263648
2019,"1",436,1,"A","Hard",0.623178374042313,0.996703153593606
2019,"0",740,-1,"A","Hard",0.646077454295415,0.0075146791968205
2019,"1",3306,1,"A","Clay",0.807776436865318,0.998306003802239
2019,"1",2506,1,"A","Hard",0.764169754106791,0.997986157838827
2019,"1",3433,1,"A","Hard",0.814102839777288,0.998385339167728
2019,"1",223,0,"A","Clay",0.606792531883343,0.576689841348844
2019,"1",549,1,"A","Hard",0.631760910405504,0.996790626935564
2019,"1",1755,1,"A","Hard",0.717410120373961,0.997591633357969
2019,"1",1403,1,"A","Clay",0.693657306716506,0.997334333770859
2019,"0",126,0,"A","Hard",0.599247530391074,0.575362589731409
2019,"1",335,0,"A","Hard",0.615441116832872,0.587505591803918
2019,"1",1255,1,"A","Clay",0.683344171856742,0.997238724104303
2019,"1",86,0,"A","Hard",0.596122211682326,0.573027685911383
2019,"0",745,-1,"A","Hard",0.646448867262569,0.00752358759547727
2019,"1",3254,1,"A","Clay",0.805139179266476,0.998284878220641
2019,"1",2380,0,"A","Hard",0.75671181705568,0.698865814372889
2019,"1",3020,1,"A","Hard",0.792932725398964,0.998218313226808
2019,"1",940,1,"A","Clay",0.660792630128462,0.997023694315942
2019,"0",573,-1,"A","Hard",0.633573264512873,0.00722307803309662
2019,"0",920,-1,"A","Hard",0.659334452659139,0.00784207172093462
2019,"0",2125,0,"A","Clay",0.741135212853286,0.682069369383534
2019,"0",2522,-1,"A","Hard",0.765105396077443,0.011453900642398
2019,"0",3360,-1,"A","Hard",0.810486246738512,0.0139554130706728
2019,"1",35,0,"A","Clay",0.592126121917666,0.565696671238056
2019,"1",266,0,"A","Hard",0.610121221039894,0.583507658137819
2019,"1",500,0,"A","Hard",0.628049158198963,0.597018280945014
2019,"1",2757,1,"A","Hard",0.778550030393313,0.998103071852329
2019,"0",1685,-1,"A","Clay",0.712776145425987,0.00923514493148266
2019,"1",144,0,"A","Hard",0.600651310541475,0.576412206682422
2019,"0",3,0,"A","Hard",0.589612500947971,0.568172477564179
2019,"1",29,0,"A","Clay",0.591655180775192,0.565344698855669
2019,"0",203,0,"A","Hard",0.605240897629004,0.579847738687252
2019,"1",259,0,"A","Hard",0.609580031029658,0.583101446939774
2019,"0",149,0,"A","Clay",0.601040957226119,0.572371171698766
2019,"1",391,1,"A","Hard",0.619738573374703,0.996667661109424
2019,"1",1109,1,"A","Hard",0.672990626833035,0.997191140724762
2019,"0",248,-1,"A","Clay",0.608729044849188,0.00657070469249843
2019,"0",1021,-1,"A","Hard",0.666666899438392,0.00803193297497175
2019,"0",1189,-1,"A","Clay",0.678685494924037,0.00821226832742751
2019,"1",236,0,"A","Hard",0.607799941792027,0.581765961265132
2019,"1",175,0,"A","Hard",0.603065047961284,0.578218259859153
2019,"1",263,0,"A","Clay",0.609889315583197,0.579019431326845
2019,"1",229,0,"A","Hard",0.607257603763867,0.581359270107767
2019,"0",3,0,"A","Hard",0.589612500947971,0.568172477564179
2019,"1",64,0,"A","Clay",0.594399938564774,0.567396931099381
2019,"1",246,1,"A","Hard",0.608574248861367,0.996550685503676
2019,"0",215,-1,"A","Hard",0.606172134863305,0.00663528281818234
2019,"0",311,-1,"A","Clay",0.613593776357009,0.00666961833774118
2019,"0",338,-1,"A","Hard",0.61567180169834,0.00683167288605358
2019,"1",867,1,"A","Hard",0.655455720186988,0.997024570454458
2019,"0",478,-1,"A","Clay",0.626377701491366,0.00693903208278219
2019,"1",51,0,"A","Hard",0.593381135869994,0.570981968247599
2019,"0",180,0,"A","Hard",0.603453894368817,0.578509364237418
2019,"0",218,0,"A","Clay",0.606404823985138,0.576398400473636
2019,"1",264,0,"A","Hard",0.609966622927765,0.583391609340814
2019,"1",380,0,"A","Hard",0.618895886305325,0.590106769766432
2019,"0",111,0,"A","Clay",0.598076467038191,0.570149139522382
2019,"1",761,1,"A","Hard",0.647636199541763,0.996948542197543
2019,"0",1416,-1,"A","Clay",0.694554193181628,0.00866565684185392
2019,"0",363,-1,"A","Hard",0.617592143962278,0.00687228996248705
2019,"0",169,0,"A","Hard",0.60259826038888,0.57786886285742
2019,"1",87,1,"A","Clay",0.596200440920668,0.99635388272087
2019,"1",77,0,"A","Hard",0.595417929067473,0.572501879867649
2019,"1",79,0,"A","Hard",0.595574470386347,0.572618739855332
2019,"1",6,0,"A","Clay",0.589848353992548,0.563994863906611
2019,"1",175,0,"A","Hard",0.603065047961284,0.578218259859153
2019,"0",0,0,"A","Hard",0.589376606693962,0.567996736718998
2019,"1",707,0,"A","Clay",0.643621723347804,0.604620153381228
2019,"1",4331,1,"A","Hard",0.854294100939638,0.998696515786369
2019,"0",3173,-1,"A","Clay",0.800976675709191,0.0131226777037451
2019,"1",2802,1,"A","Hard",0.78106075495618,0.99812330467523
2019,"0",1886,-1,"A","Hard",0.725959353803286,0.00985620795686022
2019,"0",83,0,"A","Clay",0.595887494660565,0.568510036876919
2019,"1",378,1,"A","Hard",0.618742593360388,0.996657337007611
2019,"0",1048,-1,"A","Hard",0.66861365375693,0.00808345575123884
2019,"0",16,0,"A","Clay",0.590634231884908,0.564581866413422
2019,"0",193,0,"A","Hard",0.604464282274314,0.579265979804013
2019,"0",585,-1,"A","Hard",0.634478029848257,0.00724365153651326
2019,"1",12,0,"A","Clay",0.590319936048549,0.56434708704043
2019,"1",175,1,"A","Hard",0.603065047961284,0.996491924288417
2019,"0",473,0,"A","Hard",0.625997402159903,0.595466441868584
2019,"0",91,0,"A","Clay",0.596513308931581,0.568978506700995
2019,"0",70,0,"A","Hard",0.594869881749551,0.572092806272006
2019,"1",510,1,"A","Hard",0.628807902663926,0.996760701606211
2019,"1",1,0,"A","Clay",0.589455242684539,0.563701295278978
2019,"1",659,1,"A","Hard",0.640036256902039,0.99687355517009
2019,"1",765,1,"A","Hard",0.647932748497818,0.996951446044792
2019,"1",226,0,"A","Clay",0.607025092083801,0.576864680275144
2019,"1",126,0,"A","Hard",0.599247530391074,0.575362589731409
2019,"0",19,0,"A","Hard",0.59086990518644,0.569109471197852
2019,"0",645,-1,"A","Clay",0.638987524299487,0.0072192494816014
2019,"1",4177,1,"A","Hard",0.847954249917564,0.998647764402931
2019,"1",2095,1,"A","Hard",0.73926061685312,0.997778989563479
2019,"0",99,0,"A","Clay",0.597138809266786,0.569446853101586
2019,"1",2305,0,"A","Hard",0.752197270960751,0.695084067318796
2019,"1",312,0,"A","Hard",0.613670814609297,0.586174201760161
2019,"0",206,0,"A","Clay",0.605473778858147,0.575698725833698
2019,"0",531,-1,"A","Hard",0.630399195725936,0.00715152653678022
2019,"1",453,0,"A","Hard",0.624474651601415,0.594315697679117
2019,"1",146,0,"A","Clay",0.600807184535296,0.572195853002399
2019,"0",510,-1,"A","Hard",0.628807902663926,0.00711601511554268
2019,"1",280,0,"A","Hard",0.611202786738481,0.58431973991455
2019,"1",182,0,"A","Clay",0.603609396363089,0.574298468582172
2019,"0",4387,-1,"A","Hard",0.856544539722136,0.0177643099833218
2019,"1",2395,1,"A","Hard",0.757607999162544,0.997932187327924
2019,"1",210,0,"A","Clay",0.605784212662165,0.575931984573466
2019,"0",2841,-1,"A","Hard",0.7832200925685,0.0123491217853731
2019,"1",226,0,"A","Hard",0.607025092083801,0.581184940006448
2019,"0",211,0,"A","Clay",0.605861807785669,0.575990293976838
2019,"1",7,0,"A","Hard",0.589926962498923,0.56840677198829
2019,"1",1245,0,"A","Hard",0.682640641562427,0.638976310217846
2019,"0",48,0,"A","Clay",0.593145913072674,0.566459050363852
2019,"1",296,0,"A","Hard",0.612437522026704,0.585247272782196
2019,"1",1860,1,"A","Hard",0.724275418910292,0.997651117083347
2019,"1",87,0,"A","Clay",0.596200440920668,0.568744287166536
2019,"1",6036,1,"A","Hard",0.910739727299475,0.999132021671001
2019,"1",2895,1,"A","Hard",0.78618444627215,0.998164439158828
2019,"0",263,0,"A","Hard",0.609889315583197,0.583333581475691
2019,"1",547,0,"A","Hard",0.631609712002093,0.599714986297603
2019,"1",801,0,"A","Clay",0.650596536327223,0.609972300971715
2019,"0",265,0,"A","Hard",0.610043924747827,0.583449634895362
2019,"1",200,0,"A","Hard",0.605007968612594,0.57967323423791
2019,"1",258,0,"A","Clay",0.609502696114917,0.578728422697667
2019,"1",653,1,"A","Hard",0.639586963096363,0.996869087398072
2019,"0",1365,-1,"A","Hard",0.691027234460952,0.00871344527315079
2019,"0",7,-1,"A","Clay",0.589926962498923,0.00620558863859279
2019,"1",747,1,"A","Hard",0.646597382993748,0.9969383569995
2019,"0",855,-1,"A","Hard",0.654574610806872,0.00772224554185034
2019,"1",68,0,"A","Hard",0.594713253294048,0.571975909970838
2019,"1",1530,0,"A","Hard",0.702355630084904,0.654519908607919
2019,"0",77,0,"A","Clay",0.595417929067473,0.568158603997051
2019,"1",48,0,"A","Hard",0.593145913072674,0.57080650708082
2019,"0",477,0,"A","Clay",0.626301654103003,0.591420662614441
2019,"1",463,1,"A","Hard",0.625236336712568,0.99672426796939
2019,"1",2007,1,"A","Hard",0.733711346098404,0.997731939835492
2019,"0",293,-1,"A","Clay",0.612206118627095,0.00664120733665159
2019,"1",497,1,"A","Hard",0.627821411540235,0.996750664818498
2019,"0",1714,-1,"A","Hard",0.714701434532905,0.0094634165126668
2019,"1",790,1,"A","Clay",0.649783589004483,0.996915509420219
2019,"1",424,0,"A","Hard",0.622262290824637,0.592645279851935
2019,"0",125,0,"A","Hard",0.599169494596128,0.57530425765415
2019,"1",60,0,"A","Clay",0.59408654694138,0.567162505925081
2019,"1",329,0,"A","Hard",0.61497959141885,0.587158395218058
2019,"1",217,0,"A","Hard",0.606327266302694,0.580661828216372
2019,"0",182,0,"A","Clay",0.603609396363089,0.574298468582172
2019,"1",2350,1,"A","Hard",0.754912718749663,0.997909898366183
2019,"0",1535,-1,"A","Hard",0.70269516097283,0.00907110025580679
2019,"1",1138,1,"A","Hard",0.675061025740307,0.997210467169608
2019,"1",1964,1,"A","Hard",0.730972566039414,0.997708589255563
2019,"1",250,1,"A","Clay",0.60888381896282,0.996492561169656
2019,"1",425,0,"A","Hard",0.622338664548286,0.592702916369404
2019,"0",467,0,"A","Hard",0.625540837433817,0.595121328188455
2019,"1",275,0,"A","Clay",0.610816638333683,0.579717627697325
2019,"0",210,0,"A","Hard",0.605784212662165,0.580254838046589
2019,"1",312,0,"A","Hard",0.613670814609297,0.586174201760161
2019,"1",39,0,"A","Clay",0.592439988761468,0.565931282713123
2019,"1",7594,1,"A","Hard",0.944220348525779,0.99940147577357
2019,"1",3395,1,"A","Hard",0.81222691628246,0.99837064760446
2019,"1",6075,1,"A","Hard",0.911764562492973,0.999140059139644
2019,"1",2900,1,"A","Hard",0.786457425226345,0.998166625019109
2019,"1",120,-1,"A","Clay",0.598779240253585,0.00637420337386439
2019,"1",698,1,"A","Hard",0.642950659318509,0.996902441174056
2019,"1",240,0,"A","Hard",0.608109729933428,0.581998306348947
2019,"1",184,0,"A","Clay",0.60376487741801,0.574415202539352
2019,"0",688,-1,"A","Hard",0.642204374389201,0.00742265016881487
2019,"0",135,0,"A","Hard",0.599949625624942,0.575887483783135
2019,"1",458,1,"A","Clay",0.624855571410943,0.996661917815689
2019,"0",422,-1,"A","Hard",0.622109525175158,0.0069690995483494
2019,"1",1965,1,"A","Hard",0.731036460388004,0.9977091350069
2019,"1",453,0,"A","Clay",0.624474651601415,0.590035342111194
2019,"1",368,1,"A","Hard",0.61797577427011,0.996649373703774
2019,"0",254,0,"A","Hard",0.609193301455374,0.582811226963924
2019,"0",209,-1,"A","Clay",0.605706612204113,0.00651020413207557
2019,"1",2390,1,"A","Hard",0.757309521425156,0.997929722536609
2019,"1",1110,0,"A","Hard",0.673062132785879,0.631508282114129
2019,"1",381,1,"A","Clay",0.618972523896792,0.996600194885141
2019,"0",105,-1,"A","Hard",0.597607727369377,0.00646440526736662
2019,"1",2607,1,"A","Hard",0.770032762555928,0.998034043583626
2019,"0",194,-1,"A","Clay",0.604541967602032,0.00648708232778947
2019,"0",7570,-1,"A","Hard",0.943808191515737,0.0372298088171595
2019,"0",3475,-1,"A","Hard",0.816159366270068,0.0143383116983235
2019,"0",580,-1,"A","Clay",0.634101159233416,0.00710887178506261
2019,"1",5032,0,"A","Hard",0.880425449295277,0.813825643210503
2019,"1",2950,1,"A","Hard",0.789173245722404,0.998188341225476
2019,"1",293,0,"A","Clay",0.612206118627095,0.580764323586965
2019,"1",44,0,"A","Hard",0.592832216240223,0.570572531180239
2019,"1",785,1,"A","Hard",0.649413779357991,0.996965924008922
2019,"1",503,1,"A","Clay",0.62827684800865,0.996697471268553
2019,"1",2262,0,"A","Hard",0.749583727946793,0.692903886549694
2019,"1",1044,0,"A","Hard",0.668325607413486,0.627833916574835
2019,"0",275,-1,"A","Clay",0.610816638333683,0.00661291655402953
2019,"0",290,0,"A","Hard",0.611974664600463,0.584899518393391
2019,"1",2250,1,"A","Hard",0.74885109972835,0.997859505249151
2019,"0",73,0,"A","Clay",0.595104788213391,0.567924277260583
2019,"1",5678,1,"A","Hard",0.900820410229843,0.999054644462139
2019,"1",1495,0,"A","Hard",0.699972673662566,0.65262794717245
2019,"0",152,1,"A","Clay",0.601274683870395,0.996409827077276
2019,"0",2520,-1,"A","Hard",0.764988581643,0.011448495355091
2019,"1",1405,1,"A","Hard",0.693795384947705,0.997382287863863
2019,"1",93,0,"A","Clay",0.596669713520199,0.569095604903561
2019,"0",5725,-1,"A","Hard",0.902176526849209,0.0242877628379193
2019,"1",1135,0,"A","Hard",0.67484716179412,0.63289613841288
2019,"1",355,1,"A","Clay",0.616978030691224,0.996579097553516
2019,"0",113,0,"M","Hard",0.598232673806191,0.554727263683383
2019,"0",28,0,"M","Hard",0.591576674196936,0.549709248415991
2019,"0",560,0,"M","Hard",0.632592038140205,0.580909952600901
2019,"0",274,0,"M","Hard",0.610739391950367,0.56420065020512
2019,"1",15,0,"M","Hard",0.590555664857731,0.548940868788912
2019,"1",218,0,"M","Hard",0.606404823985138,0.560910509973394
2019,"0",236,0,"M","Hard",0.607799941792027,0.561968653421805
2019,"0",393,0,"M","Hard",0.61989171187339,0.57117311429787
2019,"0",320,0,"M","Hard",0.614286915473444,0.566899056141309
2019,"1",539,0,"M","Hard",0.631004659981351,0.579688854607959
2019,"0",560,0,"M","Hard",0.632592038140205,0.580909952600901
2019,"1",207,0,"M","Hard",0.605551395298556,0.560263593381801
2019,"1",249,0,"M","Hard",0.608806434642031,0.562732518264066
2019,"1",200,0,"M","Hard",0.605007968612594,0.559851812419984
2019,"1",551,0,"M","Hard",0.631912082917608,0.580386745325655
2019,"1",257,0,"M","Hard",0.609425355696622,0.563202441340584
2019,"0",207,0,"M","Hard",0.605551395298556,0.560263593381801
2019,"1",36,0,"M","Hard",0.592204595685479,0.550181979817255
2019,"0",74,0,"M","Hard",0.595183080694749,0.552426202309009
2019,"0",85,0,"M","Hard",0.596043977557079,0.55307545136235
2019,"1",30,0,"M","Hard",0.591733682677416,0.549827439715342
2019,"0",947,0,"M","Hard",0.661302274126204,0.603221299236222
2019,"0",181,0,"M","Hard",0.603531647981584,0.558733707530255
2019,"1",215,0,"M","Hard",0.606172134863305,0.560734098608456
2019,"1",12,0,"M","Hard",0.590319936048549,0.54876351712738
2019,"1",220,0,"M","Hard",0.606559923257832,0.561028109001661
2019,"0",169,0,"M","Hard",0.60259826038888,0.558027228269274
2019,"0",327,0,"M","Hard",0.61482570358599,0.567309339599086
2019,"0",290,0,"M","Hard",0.611974664600463,0.565139665955436
2019,"1",37,0,"M","Hard",0.592283064751197,0.550241064888484
2019,"1",121,0,"M","Hard",0.598857301159016,0.555198989705317
2019,"0",44,0,"M","Hard",0.592832216240223,0.550654620607664
2019,"1",8095,1,"M","Hard",0.952199715133675,0.999424206862306
2019,"1",968,1,"M","Hard",0.662828959527837,0.996851353804376
2019,"0",1135,-1,"M","Hard",0.67484716179412,0.00761553853271984
2019,"1",1397,1,"M","Hard",0.693242863531271,0.997157010155507
2019,"1",1975,1,"M","Hard",0.731674876079692,0.997522558349882
2019,"0",220,0,"M","Hard",0.606559923257832,0.561028109001661
2019,"1",747,1,"M","Hard",0.646597382993748,0.996681325979657
2019,"1",2956,1,"M","Hard",0.789497437361275,0.998038847958359
2019,"1",3960,1,"M","Hard",0.838638719932784,0.998456199611794
2019,"0",90,-1,"M","Hard",0.596435099277561,0.00594399809002777
2019,"1",880,1,"M","Hard",0.656409050518306,0.99678471643017
2019,"0",965,-1,"M","Hard",0.662611068525078,0.00731484973932678
2019,"1",2085,1,"M","Hard",0.738633802418814,0.997586619715304
2019,"1",315,1,"M","Hard",0.613901895208136,0.996322092572126
2019,"0",467,-1,"M","Hard",0.625540837433817,0.00650018292001892
2019,"1",3270,1,"M","Hard",0.805953552455981,0.998180235934939
2019,"0",144,0,"M","Hard",0.600651310541475,0.556554645128589
2019,"1",573,1,"M","Hard",0.633573264512873,0.996541044356078
2019,"0",816,-1,"M","Hard",0.65170369046756,0.00706101432138662
2019,"0",2303,-1,"M","Hard",0.75207611733933,0.0100402505433942
2019,"1",1350,1,"M","Hard",0.68998561830444,0.99712502109692
2019,"0",1275,-1,"M","Hard",0.684748716965708,0.00787234991503567
2019,"1",304,0,"M","Hard",0.613054349539842,0.565960921711944
2019,"1",5654,1,"M","Hard",0.900121491641747,0.998969213904565
2019,"1",3097,1,"M","Hard",0.797010676576771,0.998103645175224
2019,"1",458,1,"M","Hard",0.624855571410943,0.996445101728755
2019,"0",1264,-1,"M","Hard",0.68397663290208,0.00785186457396651
2019,"0",2066,-1,"M","Hard",0.737440175731994,0.0094931575342503
2019,"0",1466,-1,"M","Hard",0.697989990968586,0.00823662151456069
2019,"1",845,1,"M","Hard",0.653839540951361,0.996757823846961
2019,"0",45,-1,"M","Hard",0.592910647555353,0.00588085315756846
2019,"1",10503,1,"M","Hard",0.977559423403651,0.999675886083239
2019,"1",6880,0,"M","Hard",0.930664793337482,0.862403451751075
2019,"0",1715,-1,"M","Hard",0.714767685365024,0.00873671386274554
2019,"1",2115,1,"M","Hard",0.740511323091974,0.997603802379094
2019,"1",2200,0,"M","Hard",0.745783180037774,0.672178942254115
2019,"1",3470,1,"M","Hard",0.815915469011613,0.998264939798371
2019,"1",600,1,"M","Hard",0.635607652273346,0.996563193366906
2019,"0",1610,0,"M","Hard",0.707761172837093,0.640421803581286
2019,"0",3392,-1,"M","Hard",0.812078198967654,0.0129827541965542
2019,"0",761,-1,"M","Hard",0.647636199541763,0.00696954323503966
2019,"0",143,0,"M","Hard",0.600573365895422,0.556495720949485
2019,"1",2042,1,"M","Hard",0.735927428333652,0.997561776663225
2019,"0",5685,-1,"M","Hard",0.901023440136511,0.0222346799376556
2019,"1",2495,0,"M","Hard",0.763525007254834,0.687506442353286
2019,"1",28,0,"M","Hard",0.591576674196936,0.549709248415991
2019,"1",1115,1,"M","Hard",0.673419541876455,0.99695961175912
2019,"0",9795,-1,"M","Hard",0.971917760099299,0.0571966637522642
2019,"1",7850,1,"M","Hard",0.948443012569727,0.999389543499765
2019,"0",730,0,"M","Hard",0.645334099718692,0.590757352619799
2019,"1",3080,0,"M","Hard",0.796115526895339,0.716700811232068
2019,"0",687,-1,"M","Hard",0.642129707897337,0.00684832705231658
2019,"0",279,0,"M","Hard",0.611125568204009,0.564494142421276
2019,"1",1365,1,"M","Hard",0.691027234460952,0.997135269172887
2019,"1",3171,1,"M","Hard",0.800873057477309,0.998136792644273
2019,"1",580,1,"M","Hard",0.634101159233416,0.99654680031433
2019,"1",5690,0,"M","Hard",0.901168234909447,0.825099570529414
2019,"1",3802,1,"M","Hard",0.831569873288807,0.998396946897218
2019,"1",1825,1,"M","Hard",0.721998491850668,0.997432459825841
2019,"1",2060,0,"M","Hard",0.737062512534823,0.664771718271163
2019,"0",3765,0,"M","Hard",0.829879249032672,0.748701202741183
2019,"1",1525,0,"M","Hard",0.702015875873343,0.635735369054618
2019,"0",800,0,"M","Hard",0.650522668113361,0.594791571892072
2019,"0",415,0,"M","Hard",0.621574654626806,0.572459137721594
2019,"0",74,0,"M","Hard",0.595183080694749,0.552426202309009
2019,"0",57,0,"M","Hard",0.593851452904326,0.551422466482379
2019,"1",544,0,"M","Hard",0.63138286590609,0.57997968129446
2019,"0",111,0,"M","Hard",0.598076467038191,0.554609316734926
2019,"0",230,0,"M","Hard",0.607335096858446,0.561616001082464
2019,"1",573,0,"M","Hard",0.633573264512873,0.581665375035009
2019,"1",29,0,"M","Hard",0.591655180775192,0.549768344767846
2019,"1",15,0,"M","Hard",0.590555664857731,0.548940868788912
2019,"0",383,0,"M","Hard",0.619125781300927,0.570588239218795
2019,"0",132,0,"M","Hard",0.59971563934066,0.555847450421928
2019,"1",135,0,"M","Hard",0.599949625624942,0.556024270427168
2019,"0",233,0,"M","Hard",0.607567543696496,0.561792335056046
2019,"0",135,0,"M","Hard",0.599949625624942,0.556024270427168
2019,"1",1048,0,"M","Hard",0.66861365375693,0.6089781573931
2019,"1",183,0,"M","Hard",0.603687139509756,0.558851431037196
2019,"1",349,0,"M","Hard",0.616517200470765,0.568598198518262
2019,"0",214,0,"M","Hard",0.60609456111344,0.560675291407205
2019,"1",410,0,"M","Hard",0.621192423008733,0.572166944997238
2019,"0",211,0,"M","Hard",0.605861807785669,0.560498859587065
2019,"1",369,0,"M","Hard",0.618052482701005,0.569769083215787
2019,"1",527,0,"M","Hard",0.630096309518252,0.578990645151509
2019,"1",257,0,"M","Hard",0.609425355696622,0.563202441340584
2019,"0",33,0,"M","Hard",0.591969160290636,0.550004716115327
2019,"0",420,0,"M","Hard",0.621956735278172,0.572751279902522
2019,"0",53,0,"M","Hard",0.59353792728544,0.551186232147934
2019,"0",123,0,"M","Hard",0.599013407921768,0.555316905703041
2019,"0",296,0,"M","Hard",0.612437522026704,0.565491676761803
2019,"0",339,0,"M","Hard",0.61574868509868,0.568012467642438
2019,"0",620,0,"M","Hard",0.637111492390408,0.584393299181229
2019,"1",21,0,"M","Hard",0.591026997533423,0.54929553476822
2019,"1",182,0,"M","Hard",0.603609396363089,0.558792570109945
2019,"0",6275,-1,"M","Hard",0.916854771664995,0.0255122025479687
2019,"1",570,1,"M","Hard",0.633346925631371,0.996538574590925
2019,"1",1033,1,"M","Hard",0.667532830429625,0.996899688943114
2019,"1",1106,1,"M","Hard",0.672776060748569,0.996953091682338
2019,"0",2492,-1,"M","Hard",0.763348956179516,0.0104988121515167
2019,"1",928,1,"M","Hard",0.659918087595662,0.996821236487225
2019,"0",410,-1,"M","Hard",0.621192423008733,0.0064128869059318
2019,"1",2312,1,"M","Hard",0.752620995906424,0.997713642598582
2019,"1",3629,1,"M","Hard",0.823549092704692,0.998329461866823
2019,"0",599,-1,"M","Hard",0.635532390422345,0.0067069007774671
2019,"0",662,-1,"M","Hard",0.640260811872283,0.00680785063225875
2019,"1",1330,1,"M","Hard",0.688593794435248,0.997111300110484
2019,"0",2137,-1,"M","Hard",0.741882590956114,0.00965388196020762
2019,"1",665,1,"M","Hard",0.64048530544537,0.996615937064379
2019,"0",88,-1,"M","Hard",0.596278665268435,0.00594117739056793
2019,"1",3270,1,"M","Hard",0.805953552455981,0.998180235934939
2019,"0",3225,-1,"M","Hard",0.80365653072504,0.0124816371813171
2019,"1",781,1,"M","Hard",0.649117802321969,0.99670806772555
2019,"0",240,-1,"M","Hard",0.608109729933428,0.00615938839202554
2019,"1",1823,1,"M","Hard",0.721868033020536,0.997431236692917
2019,"1",180,0,"M","Hard",0.603453894368817,0.558674843299734
2019,"1",1154,1,"M","Hard",0.676200399345469,0.996987705067366
2019,"0",304,-1,"M","Hard",0.613054349539842,0.00625363268972348
2019,"0",3851,-1,"M","Hard",0.833788152318717,0.0144646065822625
2019,"1",2939,1,"M","Hard",0.788577944451549,0.998030887729347
2019,"0",605,-1,"M","Hard",0.635983861981228,0.00671645064240956
2019,"1",1075,1,"M","Hard",0.670554656983833,0.996930526758562
2019,"1",1681,1,"M","Hard",0.712509980324284,0.997342892245511
2019,"1",1199,1,"M","Hard",0.679393675204737,0.997019798980834
2019,"1",1493,1,"M","Hard",0.699836175841802,0.997221250869022
2019,"0",450,-1,"M","Hard",0.624246025722009,0.00647402444379829
2019,"1",10311,1,"M","Hard",0.976149269200429,0.999660688194938
2019,"1",845,1,"M","Hard",0.653839540951361,0.996757823846961
2019,"0",336,0,"M","Hard",0.615518017562027,0.567836711209006
2019,"1",947,1,"M","Hard",0.661302274126204,0.996835577851058
2019,"1",2330,1,"M","Hard",0.753708339044129,0.997723424734721
2019,"1",4024,1,"M","Hard",0.84143311856376,0.998479573787504
2019,"1",1372,1,"M","Hard",0.691512659252941,0.997140039134897
2019,"0",592,-1,"M","Hard",0.635005372019873,0.00669577631315912
2019,"1",3043,1,"M","Hard",0.794157119673526,0.998079085612599
2019,"1",205,1,"M","Hard",0.605396157097385,0.996224592315902
2019,"1",1245,1,"M","Hard",0.682640641562427,0.997052253744437
2019,"1",1060,1,"M","Hard",0.669477034793998,0.996919548514939
2019,"0",28,0,"M","Hard",0.591576674196936,0.549709248415991
2019,"1",2825,1,"M","Hard",0.782336078460805,0.997976667789014
2019,"0",675,0,"M","Hard",0.641233172886857,0.587578985216704
2019,"0",375,0,"M","Hard",0.618512609588395,0.570120197118733
2019,"1",10314,1,"M","Hard",0.976171954003238,0.999660931055603
2019,"0",485,0,"M","Hard",0.626909858155462,0.576544440276517
2019,"0",1610,0,"M","Hard",0.707761172837093,0.640421803581286
2019,"1",2370,0,"M","Hard",0.756113114706479,0.681059225631767
2019,"1",3407,1,"M","Hard",0.812820880662892,0.998238691600798
2019,"1",1130,0,"M","Hard",0.674490559881556,0.613629913332617
2019,"0",989,-1,"M","Hard",0.664352256145118,0.00735657456358077
2019,"1",1885,0,"M","Hard",0.725894705583658,0.655397662342168
2019,"0",9480,0,"M","Hard",0.968985028131657,0.921009458186662
2019,"1",350,0,"M","Hard",0.616594020070031,0.568656761081355
2019,"1",485,0,"M","Hard",0.626909858155462,0.576544440276517
2019,"0",1469,-1,"M","Hard",0.698195440585888,0.00824247441539797
2019,"1",1975,0,"M","Hard",0.731674876079692,0.660234271481108
2019,"1",3050,0,"M","Hard",0.794528695160044,0.715244289481902
2019,"1",2609,1,"M","Hard",0.770147823078589,0.99786981622031
2019,"1",1115,0,"M","Hard",0.673419541876455,0.612780503400738
2019,"0",691,0,"D","Hard",0.642428332453149,0.739069439974526
2019,"1",162,0,"D","Hard",0.602053438876136,0.713989527295222
2019,"0",118,0,"D","Clay",0.598623103412801,0.70819031880076
2019,"1",65,0,"D","Hard",0.594478274465149,0.709237013988419
2019,"1",105,0,"D","Hard",0.597607727369377,0.711202455060539
2019,"1",581,0,"D","Clay",0.634176546509211,0.730498138267805
2019,"1",679,0,"D","Hard",0.641532127922736,0.738516563055713
2019,"0",1297,-1,"A","Clay",0.686289825159856,0.0084249663012775
2019,"1",39,0,"A","Clay",0.592439988761468,0.565931282713123
2019,"1",483,0,"A","Clay",0.626757844686431,0.591766766882969
2019,"0",164,0,"A","Clay",0.602209128035006,0.573247491720833
2019,"1",36,0,"A","Clay",0.592204595685479,0.56575532687086
2019,"0",419,-1,"A","Clay",0.621880331245144,0.00684263729389743
2019,"1",760,1,"A","Clay",0.647562044509454,0.996893406512213
2019,"1",864,1,"A","Clay",0.655235542737484,0.996969361932521
2019,"0",646,0,"A","Clay",0.639062477877435,0.601133399691761
2019,"0",30,0,"A","Clay",0.591733682677416,0.565403365504991
2019,"1",119,0,"A","Clay",0.598701174336967,0.570617173843593
2019,"0",10,0,"A","Clay",0.59016276044013,0.564229686526348
2019,"1",285,1,"A","Clay",0.611588795638604,0.996521646324889
2019,"0",747,-1,"A","Clay",0.646597382993748,0.00739589670310202
2019,"0",370,-1,"A","Clay",0.618129185247138,0.00676359234297171
2019,"0",673,-1,"A","Clay",0.641083654190696,0.00726731953268589
2019,"1",21,0,"A","Clay",0.591026997533423,0.5648752998951
2019,"1",43,0,"A","Clay",0.592753780193268,0.566165864645969
2019,"0",68,0,"A","Clay",0.594713253294048,0.567631326098761
2019,"1",861,1,"A","Clay",0.655015298641328,0.996967197064154
2019,"1",508,1,"A","Clay",0.628656204457726,0.996701398280676
2019,"1",296,1,"A","Clay",0.612437522026704,0.996530737640322
2019,"0",431,0,"A","Clay",0.622796779266566,0.588764208176091
2019,"0",2,0,"A","Clay",0.589533874103793,0.563760012582948
2019,"0",353,0,"A","Clay",0.616824443931341,0.584248014301592
2019,"1",464,0,"A","Clay",0.625312471196006,0.590670459435405
2019,"1",5469,1,"A","Clay",0.894585672501489,0.998988573304429
2019,"0",329,-1,"A","Clay",0.61497959141885,0.00669815006118582
2019,"0",194,0,"A","Clay",0.604541967602032,0.574998747644203
2019,"0",93,0,"A","Clay",0.596669713520199,0.569095604903561
2019,"0",313,-1,"A","Clay",0.613747847170871,0.00667278255840142
2019,"0",878,-1,"A","Clay",0.656262466102862,0.00762907338469091
2019,"1",685,1,"A","Clay",0.641980354225699,0.996837456026825
2019,"1",228,1,"A","Clay",0.607180105267548,0.996474155160301
2019,"1",308,0,"A","Clay",0.613362627490237,0.581636015707823
2019,"0",184,0,"A","Clay",0.60376487741801,0.574415202539352
2019,"0",252,0,"A","Clay",0.609038571174223,0.578379140150458
2019,"0",274,-1,"A","Clay",0.610739391950367,0.0066113483587162
2019,"0",1177,-1,"A","Clay",0.677834592649398,0.00818896644017951
2019,"1",561,1,"A","Clay",0.632667556224949,0.996742739547633
2019,"0",181,-1,"A","Clay",0.603531647981584,0.00646710943471013
2019,"0",933,-1,"A","Clay",0.660282613209444,0.00772913303731752
2019,"0",5186,-1,"A","Clay",0.885594023963069,0.0210495026978861
2019,"1",274,0,"A","Clay",0.610739391950367,0.579659456808167
2019,"1",169,0,"A","Clay",0.60259826038888,0.573539496515845
2019,"1",688,1,"A","Clay",0.642204374389201,0.99683971321307
2019,"1",624,1,"A","Clay",0.637411939888573,0.996791209762802
2019,"1",125,0,"A","Clay",0.599169494596128,0.570968116784889
2019,"0",70,0,"A","Clay",0.594869881749551,0.567748512251279
2019,"0",586,-1,"A","Clay",0.634553384226397,0.00711898990891905
2019,"0",91,0,"A","Clay",0.596513308931581,0.568978506700995
2019,"0",9,-1,"A","Clay",0.59008416572646,0.00620853408883231
2019,"0",583,-1,"A","Clay",0.634327301337798,0.00711392906100695
2019,"1",453,0,"A","Clay",0.624474651601415,0.590035342111194
2019,"1",260,0,"A","Clay",0.609657360437349,0.578844832724549
2019,"1",81,0,"A","Clay",0.595730992260519,0.56839290023042
2019,"1",6,0,"A","Clay",0.589848353992548,0.563994863906611
2019,"1",585,0,"M","Clay",0.634478029848257,0.578045416148941
2019,"1",373,0,"M","Clay",0.61835925754325,0.565653764898761
2019,"0",830,-1,"M","Clay",0.652735558426473,0.00696089538173906
2019,"1",1091,1,"M","Clay",0.671702147317316,0.996887684698652
2019,"0",90,0,"M","Clay",0.596435099277561,0.54898598266804
2019,"0",41,0,"M","Clay",0.592596893918735,0.546087764135184
2019,"1",548,0,"M","Clay",0.631685314438633,0.575889331319018
2019,"1",899,0,"M","Clay",0.657800113290082,0.596215685057264
2019,"1",1231,1,"M","Clay",0.681654295950604,0.996989685639229
2019,"1",1411,1,"M","Clay",0.694209410925301,0.997115947262588
2019,"1",863,0,"M","Clay",0.655162135440276,0.594144820383125
2019,"0",207,0,"M","Clay",0.605551395298556,0.555892432380176
2019,"0",348,0,"M","Clay",0.616440375054407,0.5641867469116
2019,"1",10,0,"M","Clay",0.59016276044013,0.544252570187045
2019,"0",750,-1,"M","Clay",0.646820103529514,0.00683010448382456
2019,"1",1097,1,"M","Clay",0.672131929029061,0.996892126015298
2019,"1",193,0,"M","Clay",0.604464282274314,0.555067102695123
2019,"1",219,0,"M","Clay",0.606482376304696,0.55659961259786
2019,"0",30,0,"M","Clay",0.591733682677416,0.545436707008579
2019,"1",212,0,"M","Clay",0.605939397571079,0.556187118492799
2019,"1",1358,1,"M","Clay",0.690541387650717,0.997079328881644
2019,"0",90,-1,"M","Clay",0.596435099277561,0.00584018524514579
2019,"1",217,0,"M","Clay",0.606327266302694,0.556481765077225
2019,"1",337,0,"M","Clay",0.615594912518319,0.563540901288755
2019,"1",7045,1,"M","Clay",0.934045542943795,0.999247063792898
2019,"1",310,0,"M","Clay",0.613516732417445,0.561954734206312
2019,"1",836,1,"M","Clay",0.653177349355067,0.996692964021244
2019,"0",1810,-1,"M","Clay",0.721019133996168,0.0087797495112742
2019,"1",4795,1,"M","Clay",0.872077699037258,0.998712280382392
2019,"1",500,1,"M","Clay",0.628049158198963,0.996417734350378
2019,"1",1475,1,"M","Clay",0.698606101654941,0.997159556031537
2019,"0",3252,-1,"M","Clay",0.805037200678419,0.012343391520812
2019,"0",2188,-1,"M","Clay",0.74504321471108,0.00960098570848145
2019,"0",255,0,"M","Clay",0.609270658363353,0.558719766238268
2019,"0",815,-1,"M","Clay",0.651629930986161,0.00693618406651562
2019,"1",3825,1,"M","Clay",0.832614032900441,0.998377248826708
2019,"1",2215,1,"M","Clay",0.746706143925092,0.997618460929343
2019,"1",1318,1,"M","Clay",0.687757059418964,0.997051385733375
2019,"0",675,0,"M","Clay",0.641233172886857,0.583277389942265
2019,"1",9980,1,"M","Clay",0.973512737384806,0.999626232299058
2019,"1",7425,1,"M","Clay",0.941256561905319,0.99931232140702
2019,"0",816,-1,"M","Clay",0.65170369046756,0.00693782877392837
2019,"0",4155,0,"M","Clay",0.847030304041511,0.76261773748272
2019,"1",1397,1,"M","Clay",0.693242863531271,0.997106319209643
2019,"0",303,0,"M","Clay",0.612977265885662,0.561543297541362
2019,"0",3815,-1,"M","Clay",0.832160687287372,0.0140941766717443
2019,"0",945,0,"M","Clay",0.661156699661619,0.598856800607148
2019,"1",10260,1,"M","Clay",0.975760388921261,0.999650393159143
2019,"1",7520,1,"M","Clay",0.942940316200184,0.999327732767774
2019,"0",460,0,"M","Clay",0.625007896095419,0.570749869304762
2019,"1",328,0,"M","Clay",0.614902650375196,0.563012321695391
2019,"0",8775,0,"M","Clay",0.961309393347206,0.906370354251119
2019,"0",6840,0,"M","Clay",0.929821388385564,0.859134934707593
2019,"0",1345,-1,"M","Clay",0.689637983494166,0.00786445336029395
2019,"1",935,1,"M","Clay",0.66042837032928,0.996769963257884
2019,"1",126,0,"A","Clay",0.599247530391074,0.571026600347713
2019,"1",525,0,"A","Clay",0.629944827983508,0.594186931423083
2019,"1",102,0,"A","Clay",0.597373290572972,0.569622451017328
2019,"0",345,0,"A","Clay",0.616209863936744,0.58378400030782
2019,"1",4,0,"A","Clay",0.589691123213324,0.563877441826406
2019,"1",144,0,"A","Clay",0.600651310541475,0.57207896379536
2019,"0",15,0,"A","Clay",0.590555664857731,0.564523174281045
2019,"0",589,0,"A","Clay",0.634779407815095,0.597865982745561
2019,"1",428,0,"A","Clay",0.622567749275175,0.588590779498588
2019,"1",294,0,"A","Clay",0.612283258723466,0.580822452144249
2019,"1",337,0,"A","Clay",0.615594912518319,0.583319837781619
2019,"1",713,0,"A","Clay",0.644068786461217,0.604962544900773
2019,"1",542,0,"A","Clay",0.631231602885071,0.595165229539695
2019,"1",314,0,"A","Clay",0.613824874038295,0.581984550172728
2019,"0",261,0,"A","Clay",0.609734684334498,0.57890303445192
2019,"1",152,0,"A","Clay",0.601274683870395,0.572546472220641
2019,"0",5095,-1,"A","Clay",0.882563830863577,0.0206064340482117
2019,"0",125,1,"A","Clay",0.599169494596128,0.996386693258294
2019,"1",204,0,"A","Clay",0.60531853001982,0.575582083809709
2019,"0",514,-1,"A","Clay",0.629111222866425,0.00699851041126942
2019,"0",289,0,"A","Clay",0.611897502023942,0.580531786955599
2019,"1",1845,1,"A","Clay",0.723301008253815,0.997600658320207
2019,"1",501,1,"A","Clay",0.628125061123044,0.996695899159314
2019,"1",2800,1,"A","Clay",0.780949603503598,0.998088899321908
2019,"1",525,1,"A","Clay",0.629944827983508,0.996714715341667
2019,"1",547,0,"A","Clay",0.631609712002093,0.595452820832457
2019,"0",850,-1,"A","Clay",0.654207167960213,0.00757862876172432
2019,"0",753,0,"A","Clay",0.647042760322317,0.607242509485863
2019,"1",426,0,"A","Clay",0.62241503220013,0.588475148149764
2019,"1",445,1,"A","Clay",0.623864859550813,0.996651575980043
2019,"0",1355,-1,"A","Clay",0.69033303857522,0.00854143812663527
2019,"1",539,1,"A","Clay",0.631004659981351,0.996725642087051
2019,"0",307,-1,"A","Clay",0.613285566509474,0.00666329436692034
2019,"1",5,0,"A","Clay",0.589769740896099,0.563936153762711
2019,"0",395,-1,"A","Clay",0.620044826510615,0.0068038074257586
2019,"1",22,0,"A","Clay",0.591105536739497,0.564933981144274
2019,"1",3190,1,"A","Clay",0.801855794609436,0.998258516125455
2019,"1",2035,1,"A","Clay",0.735485159179127,0.99770682185585
2019,"0",123,-1,"A","Clay",0.599013407921768,0.006378741361854
2019,"0",685,-1,"A","Clay",0.641980354225699,0.00728801812416084
2019,"1",31,0,"A","Clay",0.591812179899881,0.565462030322191
2019,"0",920,-1,"A","Clay",0.659334452659139,0.00770536568827113
2019,"1",205,0,"A","Clay",0.605396157097385,0.575640405874922
2019,"1",7235,1,"A","Clay",0.937748462606586,0.999336296034714
2019,"0",355,-1,"A","Clay",0.616978030691224,0.00673957670371892
2019,"1",1645,1,"A","Clay",0.710107888510407,0.997483606662138
2019,"1",1634,1,"A","Clay",0.709371551506835,0.997477006049219
2019,"0",436,-1,"A","Clay",0.623178374042313,0.00687027486141417
2019,"1",2408,0,"A","Clay",0.758382872301031,0.696537552705874
2019,"1",529,0,"A","Clay",0.630247765440888,0.594417186798497
2019,"0",392,0,"A","Clay",0.619815145605057,0.586507930100754
2019,"0",911,-1,"A","Clay",0.658677285288648,0.00768895386470749
2019,"1",382,0,"A","Clay",0.619049155563112,0.585928807744066
2019,"1",1150,1,"A","Clay",0.67591575108774,0.997168826468365
2019,"1",3780,1,"A","Clay",0.830566257796428,0.99848698391405
2019,"1",1275,1,"A","Clay",0.684748716965708,0.99725184150982
2019,"0",2295,-1,"A","Clay",0.751591105909028,0.0106675433100528
2019,"1",172,0,"A","Clay",0.602831677570717,0.573714674798596
2019,"1",7730,1,"A","Clay",0.94650265133856,0.999410231591132
2019,"0",2088,-1,"A","Clay",0.738821948943425,0.0101583850151134
2019,"1",1830,1,"A","Clay",0.72232447423831,0.997592071072565
2019,"0",1904,-1,"A","Clay",0.727121397257687,0.00972603713742214
2019,"1",3112,1,"A","Clay",0.797798079249676,0.998225839839263
2019,"1",784,0,"A","Clay",0.649339795866977,0.609006277817398
2019,"1",3300,1,"A","Clay",0.807473531484883,0.998303579553574
2019,"0",684,0,"A","Clay",0.641905667051901,0.603306704367407
2019,"1",7140,1,"A","Clay",0.935921914827918,0.999321080848831
2019,"1",170,0,"A","Clay",0.602676071309212,0.573597891329396
2019,"0",1185,0,"A","Clay",0.678401992288862,0.631550680700383
2019,"0",392,0,"A","Clay",0.619815145605057,0.586507930100754
2019,"0",3410,0,"A","Clay",0.812969145598995,0.744613905761834
2019,"0",319,-1,"A","Clay",0.614209922843003,0.0066822841696955
2019,"1",2170,0,"A","Clay",0.743930613352549,0.684394569466256
2019,"1",351,0,"A","Clay",0.616670833848811,0.584132024770447
2019,"1",414,0,"A","Clay",0.62149822036725,0.587781155295447
2019,"1",270,0,"A","Clay",0.610430350858482,0.579426751139931
2019,"0",135,0,"A","Clay",0.599949625624942,0.571552862970857
2019,"1",574,0,"A","Clay",0.633648697714289,0.597004676798144
2019,"1",240,1,"A","Clay",0.608109729933428,0.996484206701257
2019,"0",912,-1,"A","Clay",0.658750334053869,0.00769077568646823
2019,"1",325,0,"A","Clay",0.614671792784601,0.582623317191177
2019,"0",354,0,"A","Clay",0.616901240228309,0.584306005568533
2019,"0",574,0,"A","Clay",0.633648697714289,0.597004676798144
2019,"0",54,0,"A","Clay",0.593616315847217,0.56681081180681
2019,"0",80,-1,"A","Clay",0.59565273375586,0.00631400250687698
2019,"1",829,1,"A","Clay",0.65266190100106,0.996944008986694
2019,"0",665,-1,"A","Clay",0.64048530544537,0.00725355290206825
2019,"1",435,1,"A","Clay",0.623102067290215,0.996643598997796
2019,"0",37,0,"A","Clay",0.592283064751197,0.56581398066203
2019,"0",467,0,"A","Clay",0.625540837433817,0.590843620851872
2019,"1",434,0,"A","Clay",0.623025754433294,0.588937614802905
2019,"1",178,0,"A","Clay",0.603298371463805,0.574064975830981
2019,"0",1202,-1,"A","Clay",0.679605968491973,0.00823758624753807
2019,"1",467,1,"A","Clay",0.625540837433817,0.99666905889341
2019,"1",241,0,"A","Clay",0.608187163376406,0.577738585322961
2019,"1",487,0,"A","Clay",0.627061846551915,0.591997452536044
2019,"1",1,0,"A","Clay",0.589455242684539,0.563701295278978
2019,"1",90,0,"A","Clay",0.596435099277561,0.568919954706186
2019,"1",433,0,"A","Clay",0.622949435474847,0.58887981504653
2019,"0",1640,-1,"A","Clay",0.709773326738768,0.00913735850548822
2019,"1",521,1,"A","Clay",0.629641788179709,0.996711586744474
2019,"1",482,0,"A","Clay",0.626681828557793,0.591709089147799
2019,"1",989,1,"A","Clay",0.664352256145118,0.997058208374418
2019,"1",1291,1,"A","Clay",0.685869928484694,0.997262290677086
2019,"0",714,0,"A","Clay",0.644143272587735,0.605019600153542
2019,"1",676,1,"A","Clay",0.641307921944883,0.996830674821287
2019,"0",118,0,"A","Clay",0.598623103412801,0.570558676440607
2019,"1",682,1,"A","Clay",0.641756272043293,0.996835197233537
2019,"1",503,1,"A","Clay",0.62827684800865,0.996697471268553
2019,"1",945,1,"A","Clay",0.661156699661619,0.997027234575673
2019,"0",728,0,"A","Clay",0.645185344419362,0.605818072641018
2019,"0",485,-1,"A","Clay",0.626909858155462,0.00695055786791937
2019,"1",2417,1,"A","Clay",0.758918333236383,0.9979062915736
2019,"1",5077,1,"A","Clay",0.881956270394529,0.998889453875361
2019,"0",508,-1,"A","Clay",0.628656204457726,0.00698856231801692
2019,"1",100,0,"A","Clay",0.597216974641618,0.569505387683336
2019,"0",1549,-1,"A","Clay",0.703644657443788,0.00894273676655087
2019,"1",190,0,"A","Clay",0.604231194660776,0.574765354588139
2019,"1",718,1,"A","Clay",0.644441147293,0.99686219693774
2019,"1",625,0,"A","Clay",0.637487035005034,0.599930645336782
2019,"1",2793,1,"A","Clay",0.78056025373651,0.998085708870344
2019,"0",4770,-1,"A","Clay",0.871168725771187,0.0190973560715978
2019,"1",456,0,"A","Clay",0.624703222005194,0.590208585804009
2019,"0",490,-1,"A","Clay",0.627289782078895,0.00695880220868551
2019,"1",1580,0,"A","Clay",0.705740852148207,0.65321027766646
2019,"0",830,-1,"A","Clay",0.652735558426473,0.00754279967678515
2019,"1",2248,1,"A","Clay",0.748728856624055,0.997820274236753
2019,"0",145,0,"A","Clay",0.600729250089305,0.572137409405451
2019,"0",501,0,"M","Clay",0.628125061123044,0.573146359961029
2019,"0",110,0,"M","Clay",0.597998356184768,0.550167985864657
2019,"0",745,-1,"M","Clay",0.646448867262569,0.00682201156837562
2019,"0",1155,-1,"M","Clay",0.676271541048968,0.00751829774301898
2019,"1",192,0,"M","Clay",0.604386591672488,0.555008138894209
2019,"0",847,0,"M","Clay",0.653986613832171,0.59322335540593
2019,"0",1280,0,"M","Clay",0.685099327578922,0.61790952452062
2019,"0",507,0,"M","Clay",0.628580345839614,0.573496780826206
2019,"0",1140,-1,"M","Clay",0.675203561164166,0.0074916225667299
2019,"1",1765,1,"M","Clay",0.718068406075676,0.997349062178237
2019,"1",139,0,"M","Clay",0.600261536401284,0.551880881377154
2019,"1",198,0,"M","Clay",0.604852656100573,0.555361898411423
2019,"0",153,0,"M","Clay",0.601352582502415,0.5527073586324
2019,"1",90,0,"M","Clay",0.596435099277561,0.54898598266804
2019,"1",1265,1,"M","Clay",0.684046864393666,0.997013950079298
2019,"1",1145,1,"M","Clay",0.675559757694235,0.996927429845934
2019,"0",335,0,"M","Clay",0.615441116832872,0.563423451587832
2019,"1",677,0,"M","Clay",0.641382664138871,0.583393447835248
2019,"0",265,0,"M","Clay",0.610043924747827,0.559308321410934
2019,"0",250,0,"M","Clay",0.60888381896282,0.558425426659594
2019,"1",1997,1,"M","Clay",0.7330760080786,0.997491545600398
2019,"0",390,-1,"M","Clay",0.619661995185674,0.00627110997636938
2019,"1",325,0,"M","Clay",0.614671792784601,0.562836096627962
2019,"0",85,0,"M","Clay",0.596043977557079,0.548690394938141
2019,"1",6446,1,"M","Clay",0.920993603185049,0.999131406868908
2019,"1",245,0,"M","Clay",0.608496842673404,0.558131046020767
2019,"0",240,0,"M","Clay",0.608109729933428,0.557836624522989
2019,"1",3242,1,"M","Clay",0.804526701096497,0.998135354907032
2019,"1",5165,1,"M","Clay",0.884900849438698,0.998821025453688
2019,"0",453,0,"M","Clay",0.624474651601415,0.570340377413086
2019,"0",1530,-1,"M","Clay",0.702355630084904,0.00821668078684692
2019,"1",2275,1,"M","Clay",0.750375800878773,0.99765225348293
2019,"1",4208,1,"M","Clay",0.849248393969997,0.998518841887896
2019,"1",1875,1,"M","Clay",0.725247701589353,0.99741759817115
2019,"1",715,1,"M","Clay",0.644217751737122,0.996596365270999
2019,"1",4485,1,"M","Clay",0.860413115925215,0.998613495431397
2019,"0",1979,-1,"M","Clay",0.731929973492505,0.0091379389637928
2019,"1",1880,1,"M","Clay",0.725571322143766,0.997420671101771
2019,"0",515,0,"M","Clay",0.629187037021294,0.573963893820828
2019,"1",10260,1,"M","Clay",0.975760388921261,0.999650393159143
2019,"1",6580,1,"M","Clay",0.924104351549094,0.9991587322942
2019,"0",2550,-1,"M","Clay",0.766736570847352,0.0104586169778658
2019,"1",4633,1,"M","Clay",0.866089419207514,0.998661567285543
2019,"1",2035,1,"M","Clay",0.735485159179127,0.997514144123861
2019,"1",2245,0,"M","Clay",0.748545417859254,0.670638971571875
2019,"1",3670,0,"M","Clay",0.825476707583516,0.741022990272576
2019,"1",1599,1,"M","Clay",0.707021334391162,0.997242185618147
2019,"1",10190,1,"M","Clay",0.975216549568277,0.999644503401849
2019,"1",6535,1,"M","Clay",0.923072442096799,0.999149653000282
2019,"0",2375,0,"M","Clay",0.756412590587157,0.677457888568618
2019,"0",505,0,"M","Clay",0.628428609589411,0.573379982052224
2019,"1",8315,0,"M","Clay",0.955350238409231,0.896625212787864
2019,"0",4575,0,"M","Clay",0.863888536806473,0.780290369543054
2019,"1",6075,0,"M","Clay",0.911764562492973,0.835549684017577
2019,"1",7970,0,"M","Clay",0.950316690659633,0.888737416142823
2019,"0",65,0,"M","Clay",0.594478274465149,0.547507702432966
2019,"1",291,0,"M","Clay",0.612051821562136,0.56083778092143
2019,"1",700,1,"M","Clay",0.643099833242732,0.996584195964137
2019,"1",1946,1,"M","Clay",0.729820828814455,0.997460893607137
2019,"1",860,0,"M","Clay",0.654941869145103,0.593972095985264
2019,"0",205,0,"M","Clay",0.605396157097385,0.555774546912488
2019,"0",538,0,"M","Clay",0.630928999460203,0.575306105857062
2019,"1",110,0,"M","Clay",0.597998356184768,0.550167985864657
2019,"1",1096,1,"M","Clay",0.672060318754886,0.996891386234854
2019,"1",2297,1,"M","Clay",0.75171241829608,0.997664523865828
2019,"1",13,0,"M","Clay",0.590398516935811,0.544430222941318
2019,"0",715,0,"M","Clay",0.644217751737122,0.585596777926771
2019,"0",541,0,"M","Clay",0.631155961696955,0.575481095590513
2019,"0",20,0,"M","Clay",0.590948453681159,0.544844701988079
2019,"1",2997,1,"M","Clay",0.791702958404482,0.998023254743266
2019,"0",1330,-1,"M","Clay",0.688593794435248,0.00783655970964444
2019,"1",734,0,"M","Clay",0.645631526003617,0.586697165857384
2019,"0",145,0,"M","Clay",0.600729250089305,0.552235121280395
2019,"1",95,0,"M","Clay",0.596826098458479,0.549281535830075
2019,"1",39,0,"M","Clay",0.592439988761468,0.545969401769244
2019,"0",1400,-1,"M","Clay",0.693450124201016,0.00796757536953345
2019,"1",420,1,"M","Clay",0.621956735278172,0.996348908266239
2019,"0",480,0,"M","Clay",0.626529777528471,0.571919310780876
2019,"1",440,0,"M","Clay",0.623483539936584,0.569579637423428
2019,"1",6905,1,"M","Clay",0.93118714792709,0.999221491713532
2019,"1",624,1,"M","Clay",0.637411939888573,0.99652186853811
2019,"1",1075,1,"M","Clay",0.670554656983833,0.996875810231102
2019,"0",3645,-1,"M","Clay",0.824303315872843,0.0135411784060926
2019,"1",5053,1,"M","Clay",0.881141956292667,0.99878911335135
2019,"1",1450,1,"M","Clay",0.696892921319991,0.9971426001648
2019,"1",1914,1,"M","Clay",0.727765645187874,0.997441470526975
2019,"1",3620,1,"M","Clay",0.823123725398983,0.998295988954678
2019,"1",2906,1,"M","Clay",0.786784664728923,0.997979925614387
2019,"0",2060,-1,"M","Clay",0.737062512534823,0.00931471151563055
2019,"1",805,0,"M","Clay",0.650891936864223,0.590801401800935
2019,"0",3470,-1,"M","Clay",0.815915469011613,0.0129942721146624
2019,"1",1685,1,"M","Clay",0.712776145425987,0.997298081178467
2019,"0",530,0,"M","Clay",0.630323483789702,0.574839374388817
2019,"0",945,-1,"M","Clay",0.661156699661619,0.00715327566133574
2019,"1",10645,1,"M","Clay",0.978549620773375,0.999681085854229
2019,"1",6040,0,"M","Clay",0.91084533073053,0.83439826951961
2019,"0",1520,-1,"M","Clay",0.701675898566589,0.00819724763921544
2019,"1",3325,0,"M","Clay",0.80873324087302,0.724905035202282
2019,"1",870,0,"M","Clay",0.655675830915522,0.594547753328679
2019,"1",2895,1,"M","Clay",0.78618444627215,0.997974624224984
2019,"1",165,0,"M","Clay",0.602286964860773,0.553415536142425
2019,"1",2450,1,"M","Clay",0.76087475431741,0.997748107187865
2019,"1",11220,1,"M","Clay",0.982139945560903,0.999721982868598
2019,"1",6745,1,"M","Clay",0.927780161908003,0.999191202155159
2019,"0",1980,0,"M","Clay",0.731993723825018,0.65651638128362
2019,"0",2420,-1,"M","Clay",0.759096640176184,0.010142237765101
2019,"1",8970,0,"M","Clay",0.963598401203292,0.91024718496
2019,"1",4155,0,"M","Clay",0.847030304041511,0.76261773748272
2019,"1",10675,1,"M","Clay",0.978753283620616,0.999683361176318
2019,"0",4170,0,"M","Clay",0.847660764984952,0.763265442797934
2019,"1",326,0,"A","Clay",0.614748751054652,0.582681373207589
2019,"0",358,0,"A","Clay",0.617208367041778,0.584537947276815
2019,"1",115,0,"A","Clay",0.598388860631421,0.570383172412536
2019,"1",467,0,"A","Clay",0.625540837433817,0.590843620851872
2019,"1",302,1,"A","Clay",0.61290017657174,0.996535686555197
2019,"1",842,1,"A","Clay",0.653618876492541,0.996953450383968
2019,"1",325,0,"A","Clay",0.614671792784601,0.582623317191177
2019,"0",232,0,"A","Clay",0.607490066828285,0.577214300335917
2019,"0",86,0,"A","Clay",0.596122211682326,0.568685727473492
2019,"1",142,0,"A","Clay",0.600495416154759,0.571962066541995
2019,"0",101,-1,"A","Clay",0.597295135078233,0.00634553718170334
2019,"0",77,-1,"A","Clay",0.595417929067473,0.0063095102831841
2019,"0",361,-1,"A","Clay",0.617438650763942,0.00674917277933129
2019,"0",12,1,"A","Clay",0.590319936048549,0.996288251463335
2019,"0",24,0,"A","Clay",0.591262601198141,0.565051338182757
2019,"1",233,0,"A","Clay",0.607567543696496,0.577272562836515
2019,"0",344,0,"A","Clay",0.616133015285985,0.583725988099013
2019,"1",267,0,"A","Clay",0.610198511800478,0.579252198714472
2019,"0",182,-1,"A","Clay",0.603609396363089,0.00646864363969638
2019,"0",683,-1,"A","Clay",0.641830972990102,0.00728456429947903
2019,"0",500,0,"A","Clay",0.628049158198963,0.592746900501721
2019,"0",500,0,"A","Clay",0.628049158198963,0.592746900501721
2019,"0",74,0,"A","Clay",0.595183080694749,0.567982861798847
2019,"0",62,0,"A","Clay",0.594243252350067,0.567279722277779
2019,"0",509,-1,"A","Clay",0.628732056733566,0.00699021935793209
2019,"1",1195,1,"A","Clay",0.679110501980115,0.997198996080406
2019,"1",346,1,"A","Clay",0.616286706784,0.996571764274502
2019,"0",95,-1,"A","Clay",0.596826098458479,0.00633651134006574
2019,"0",667,-1,"A","Clay",0.640634933677675,0.00725699213082637
2019,"1",602,1,"A","Clay",0.635758156075206,0.996774365900521
2019,"1",34,0,"A","Clay",0.592047643451478,0.565638013765202
2019,"0",25,0,"A","Clay",0.591341126443248,0.56511001396889
2019,"0",131,0,"A","Clay",0.599637633798176,0.571318988379044
2019,"0",203,-1,"A","Clay",0.605240897629004,0.00650094560185844
2019,"0",529,-1,"A","Clay",0.630247765440888,0.00702344220408055
2019,"1",469,1,"A","Clay",0.62569305054934,0.996670643730734
2019,"1",518,0,"A","Clay",0.629414441284862,0.593783884892131
2019,"1",468,0,"A","Clay",0.625616947098053,0.590901336318795
2019,"1",3488,1,"A","Clay",0.816792327288276,0.998377918423417
2019,"1",1772,1,"A","Clay",0.718528651474148,0.997558577597204
2019,"1",175,1,"A","Clay",0.603065047961284,0.996429417222102
2019,"0",680,-1,"A","Clay",0.641606849506616,0.00727938660867977
2019,"1",171,0,"A","Clay",0.602753877037686,0.573656284090832
2019,"0",487,-1,"A","Clay",0.627061846551915,0.00695385443970578
2019,"1",26,0,"A","Clay",0.591419647027235,0.565168687930835
2019,"1",494,1,"A","Clay",0.62759360811942,0.996690390900771
2019,"1",3542,1,"A","Clay",0.819403454292468,0.998398663433959
2019,"1",1292,1,"A","Clay",0.685939932417481,0.997262942432925
2019,"0",326,-1,"A","Clay",0.614748751054652,0.00669338636900242
2019,"0",72,0,"A","Clay",0.595026490892949,0.567865690822182
2019,"1",3514,1,"A","Clay",0.818053175183183,0.998387940042471
2019,"0",581,0,"A","Clay",0.634176546509211,0.597406694368397
2019,"1",3450,1,"A","Clay",0.814937374402311,0.998363159450578
2019,"0",406,-1,"A","Clay",0.620886529297284,0.00682157720915132
2019,"1",11315,1,"G","Clay",0.982673436620203,0.999766807691585
2019,"1",130,0,"G","Clay",0.599559623204541,0.588872776741901
2019,"0",512,0,"G","Clay",0.628959575475374,0.610760291251936
2019,"1",723,1,"G","Clay",0.644813333401685,0.997083920796072
2019,"0",390,-1,"G","Clay",0.619661995185674,0.00730163896108517
2019,"1",527,0,"G","Clay",0.630096309518252,0.611611323962122
2019,"1",232,0,"G","Clay",0.607490066828285,0.594755485084125
2019,"1",1930,1,"G","Clay",0.728794459314471,0.997812407814143
2019,"1",2035,1,"G","Clay",0.735485159179127,0.997866450341143
2019,"1",315,0,"G","Clay",0.613901895208136,0.599522478627115
2019,"1",390,0,"G","Clay",0.619661995185674,0.603813886595294
2019,"1",885,1,"G","Clay",0.656775381150131,0.997194242834283
2019,"1",717,1,"G","Clay",0.644366689092703,0.997079752761443
2019,"0",824,0,"G","Clay",0.652293504310658,0.628315853652822
2019,"1",108,0,"G","Clay",0.597842119557317,0.587600557593792
2019,"1",3485,1,"G","Clay",0.816646409559868,0.998489822796191
2019,"1",4264,1,"G","Clay",0.851563223224949,0.998745799108854
2019,"1",324,0,"G","Clay",0.614594828779259,0.600038268549373
2019,"1",714,0,"G","Clay",0.644143272587735,0.622162307830193
2019,"1",260,1,"G","Clay",0.609657360437349,0.99674419510028
2019,"1",692,1,"G","Clay",0.642502971327306,0.997062321917121
2019,"0",525,0,"G","Clay",0.629944827983508,0.611497892124653
2019,"1",493,0,"G","Clay",0.627517661047061,0.609681347501462
2019,"1",1396,1,"G","Clay",0.693173759283125,0.997515688638734
2019,"0",368,0,"G","Clay",0.61797577427011,0.60255669733989
2019,"0",72,0,"G","Clay",0.595026490892949,0.585516225271025
2019,"1",1113,1,"G","Clay",0.673276602384617,0.997342495433295
2019,"1",339,0,"G","Clay",0.61574868509868,0.60089742524524
2019,"1",69,0,"G","Clay",0.594791569933969,0.585342391535186
2019,"0",55,0,"G","Clay",0.593694699640092,0.584530887083228
2019,"1",2380,1,"G","Clay",0.75671181705568,0.998034812336046
2019,"1",3587,1,"G","Clay",0.821557157487672,0.998526101349325
2019,"1",22,0,"G","Clay",0.591105536739497,0.582616247693483
2019,"1",596,0,"G","Clay",0.635306565106225,0.615517243949322
2019,"0",392,-1,"G","Clay",0.619815145605057,0.00730510082178961
2019,"1",945,1,"G","Clay",0.661156699661619,0.997234038088823
2019,"1",348,0,"G","Clay",0.616440375054407,0.601412621653616
2019,"1",882,0,"G","Clay",0.65655560513741,0.631543915835974
2019,"1",2118,1,"G","Clay",0.740698592536781,0.997908225230184
2019,"0",1658,-1,"G","Clay",0.710976680003863,0.0098577024842348
2019,"1",114,0,"G","Clay",0.598310769713475,0.587947643282697
2019,"1",224,0,"G","Clay",0.606870057335434,0.594295054864961
2019,"1",790,1,"G","Clay",0.649783589004483,0.99713006283735
2019,"1",718,1,"G","Clay",0.644441147293,0.997080447846156
2019,"1",123,0,"G","Clay",0.599013407921768,0.58846810775874
2019,"0",211,0,"G","Clay",0.605861807785669,0.593546502304318
2019,"1",5218,1,"G","Clay",0.886643298402509,0.999001010959137
2019,"1",3484,1,"G","Clay",0.816597750293671,0.99848946274604
2019,"1",205,0,"G","Clay",0.605396157097385,0.593200869663397
2019,"0",307,0,"G","Clay",0.613285566509474,0.599063813428637
2019,"1",674,1,"G","Clay",0.641158416967794,0.997049707511479
2019,"1",792,1,"G","Clay",0.649931462499103,0.997131428963685
2019,"1",110,0,"G","Clay",0.597998356184768,0.587716262519419
2019,"1",501,0,"G","Clay",0.628125061123044,0.610135771078281
2019,"0",1572,-1,"G","Clay",0.705200726623702,0.00965929975922585
2019,"0",1275,-1,"G","Clay",0.684748716965708,0.0090040495029928
2019,"1",555,0,"G","Clay",0.632214350166856,0.613198095259804
2019,"1",281,0,"G","Clay",0.611279999692764,0.597571956429393
2019,"1",888,1,"G","Clay",0.656995089998258,0.99719624608915
2019,"1",591,1,"G","Clay",0.634930057221676,0.996990838844119
2019,"0",19,0,"G","Clay",0.59086990518644,0.582442065071534
2019,"1",218,0,"G","Clay",0.606404823985138,0.593949623301659
2019,"1",7661,1,"G","Clay",0.945355946181129,0.999442242656352
2019,"1",11807,1,"G","Clay",0.985195434614886,0.999792646452447
2019,"0",847,-1,"G","Clay",0.653986613832171,0.00813654204833407
2019,"0",66,0,"G","Clay",0.594556605555948,0.585168536546535
2019,"1",1908,1,"G","Clay",0.727379210695429,0.997800912687672
2019,"1",2054,1,"G","Clay",0.736684500079283,0.997876086147752
2019,"1",635,1,"G","Clay",0.638237616649356,0.997022190724202
2019,"1",1075,1,"G","Clay",0.670554656983833,0.997318340673648
2019,"1",3974,1,"G","Clay",0.839253373502855,0.998656006182098
2019,"1",4069,1,"G","Clay",0.843374323957969,0.998686106689797
2019,"0",342,-1,"G","Clay",0.615979300587558,0.00721904112337794
2019,"0",982,-1,"G","Clay",0.663844868629191,0.00840082382813354
2019,"1",989,1,"G","Clay",0.664352256145118,0.997262863078461
2019,"1",2362,1,"G","Clay",0.75563343472951,0.998026365543603
2019,"0",502,-1,"G","Clay",0.628200957727345,0.00749803327875961
2019,"1",158,0,"G","Clay",0.601741998629736,0.59049024565633
2019,"1",2494,1,"G","Clay",0.763466333609804,0.998087477142614
2019,"1",3429,1,"G","Clay",0.813906057179223,0.998469527425944
2019,"1",131,0,"G","Clay",0.599637633798176,0.588930576797059
2019,"1",164,1,"G","Clay",0.602209128035006,0.99666896237822
2019,"0",1713,-1,"G","Clay",0.714635174456275,0.00998669772703321
2019,"0",713,0,"G","Clay",0.644068786461217,0.622106182178248
2019,"0",985,-1,"G","Clay",0.664062366798553,0.0084067924212272
2019,"0",510,-1,"G","Clay",0.628807902663926,0.0075122604012975
2019,"1",5559,1,"G","Clay",0.897311812214336,0.999079047142401
2019,"1",3190,1,"G","Clay",0.801855794609436,0.99837980345158
2019,"1",794,1,"G","Clay",0.65007930718008,0.997132794441595
2019,"0",550,-1,"G","Clay",0.631836499899549,0.00758379886622784
2019,"1",115,0,"G","Clay",0.598388860631421,0.588005482404794
2019,"0",430,0,"G","Clay",0.62272044202333,0.606096164073022
2019,"0",945,-1,"G","Clay",0.661156699661619,0.00832755574867226
2019,"1",669,1,"G","Clay",0.640784534562051,0.997046193935429
2019,"1",7441,1,"G","Clay",0.941543368158519,0.999412181349354
2019,"1",11967,1,"G","Clay",0.985934904977048,0.999800416362168
2019,"0",1490,-1,"G","Clay",0.699631362631696,0.00947380955156526
2019,"1",1095,0,"G","Clay",0.671988700473013,0.64329614296558
2019,"1",3134,0,"G","Clay",0.798948807927572,0.7458322953454
2019,"1",3702,1,"G","Clay",0.826969620240404,0.998565961011938
2019,"1",1577,1,"G","Clay",0.705538372695991,0.997620507599245
2019,"1",1917,1,"G","Clay",0.72795873380991,0.997805622506251
2019,"1",2478,1,"G","Clay",0.762526189263978,0.998080171447208
2019,"1",3242,1,"G","Clay",0.804526701096497,0.998399761689737
2019,"1",368,1,"G","Clay",0.61797577427011,0.996826809267749
2019,"1",588,0,"G","Clay",0.634704073212929,0.615065135592519
2019,"1",5140,1,"G","Clay",0.884070880620772,0.998982252251162
2019,"1",2546,0,"G","Clay",0.766504029196125,0.718315783263591
2019,"1",308,0,"G","Clay",0.613362627490237,0.599121156087399
2019,"1",180,0,"G","Clay",0.603453894368817,0.59175974373924
2019,"1",6620,0,"G","Clay",0.925010922557213,0.870882252610135
2019,"1",11320,1,"G","Clay",0.982701077287149,0.999767085831697
2019,"1",1575,0,"G","Clay",0.705403341306072,0.669140075410186
2019,"1",2720,0,"G","Clay",0.776470272060381,0.726644614107166
2019,"0",435,0,"G","Clay",0.623102067290215,0.606381125748062
2019,"0",2715,0,"G","Clay",0.776188159419727,0.726407434732164
2019,"1",5180,1,"G","Clay",0.885396345887285,0.998991915647319
2019,"1",2692,1,"G","Clay",0.774887179384376,0.998175621389169
2019,"1",7250,1,"G","Clay",0.938032384325604,0.999384772617323
2019,"1",7995,0,"G","Clay",0.950698835592371,0.903528544322811
2019,"1",1885,0,"G","Clay",0.725894705583658,0.685315809948805
2019,"1",4585,0,"G","Clay",0.864270161282343,0.805797309847137
2019,"1",4085,0,"G","Clay",0.844059851847617,0.786432813793605
2019,"0",7670,0,"G","Clay",0.94550681955659,0.896550164318537
2019,"1",1995,0,"G","Clay",0.732948824868665,0.690951729346641
2019,"1",3260,0,"G","Clay",0.805444872419187,0.751492595649242
2019,"1",851,0,"A","Grass",0.654280671273612,0.593234496682636
2019,"1",50,0,"A","Grass",0.593302733023735,0.546395090444704
2019,"0",36,0,"A","Grass",0.592204595685479,0.545566539386302
2019,"1",416,0,"A","Grass",0.621651082847692,0.567951338236957
2019,"1",784,1,"A","Grass",0.649339795866977,0.996648755813586
2019,"1",1330,1,"A","Grass",0.688593794435248,0.997057131082477
2019,"1",791,0,"A","Grass",0.649857529352073,0.589773234457291
2019,"1",800,0,"A","Grass",0.650522668113361,0.590292999880011
2019,"1",222,0,"A","Grass",0.60671500105069,0.556552084575626
2019,"0",246,0,"A","Grass",0.608574248861367,0.557965785480996
2019,"1",795,1,"A","Grass",0.65015321870833,0.996657516019381
2019,"0",220,-1,"A","Grass",0.606559923257832,0.00601774328038449
2019,"1",480,1,"A","Grass",0.626529777528471,0.996397389121631
2019,"1",1402,1,"A","Grass",0.693588254565162,0.997107141170087
2019,"1",421,0,"A","Grass",0.622033133255948,0.568244237496975
2019,"1",225,0,"A","Grass",0.60694757740343,0.556728847767007
2019,"1",193,0,"A","Grass",0.604464282274314,0.554842641938978
2019,"1",195,0,"A","Grass",0.604619647652079,0.554960576680369
2019,"1",485,1,"A","Grass",0.626909858155462,0.996401671670954
2019,"1",835,1,"A","Grass",0.653103735836175,0.996689179360359
2019,"1",223,0,"A","Grass",0.606792531883343,0.556611007232706
2019,"1",725,0,"A","Grass",0.644962158840253,0.585955563188449
2019,"1",628,0,"A","Grass",0.63771228008597,0.580326073213593
2019,"0",562,0,"A","Grass",0.632743067799043,0.576483618004139
2019,"1",1435,1,"A","Grass",0.695862376454982,0.99712977838077
2019,"0",1705,-1,"A","Grass",0.71410476122875,0.00855653807913828
2019,"1",459,1,"A","Grass",0.624931736844974,0.996379346888403
2019,"0",1380,-1,"A","Grass",0.692066912783263,0.00792277563585171
2019,"0",224,-1,"A","Grass",0.606870057335434,0.00602345828953952
2019,"0",1285,-1,"A","Grass",0.68544972737951,0.00774647756979953
2019,"1",227,1,"A","Grass",0.607102601373017,0.996173931472232
2019,"1",486,0,"A","Grass",0.626985855489379,0.572047513920676
2019,"0",393,-1,"A","Grass",0.61989171187339,0.0062699099878734
2019,"1",1245,1,"A","Grass",0.682640641562427,0.996996980811061
2019,"1",660,1,"A","Grass",0.640111115375662,0.996548407433662
2019,"0",1040,-1,"A","Grass",0.668037435004933,0.0073095753984203
2019,"1",125,1,"A","Grass",0.599169494596128,0.996079983880538
2019,"1",272,1,"A","Grass",0.610584882509189,0.996214662660232
2019,"0",3360,-1,"A","Grass",0.810486246738512,0.012650363210385
2019,"0",4047,-1,"A","Grass",0.84242771871761,0.0148716032844904
2019,"1",1285,0,"A","Grass",0.68544972737951,0.617976790713282
2019,"1",600,0,"A","Grass",0.635607652273346,0.578697101623622
2019,"0",224,-1,"A","Grass",0.606870057335434,0.00602345828953952
2019,"0",170,0,"A","Grass",0.602676071309212,0.553485951709795
2019,"0",573,-1,"A","Grass",0.633573264512873,0.0065434291129247
2019,"1",1030,1,"A","Grass",0.667316453504758,0.996839308474278
2019,"1",225,1,"A","Grass",0.60694757740343,0.99617211109847
2019,"1",1149,1,"A","Grass",0.675844568674171,0.996927571268257
2019,"0",1514,-1,"A","Grass",0.701267631635786,0.00817823456855732
2019,"1",105,0,"A","Grass",0.597607727369377,0.549647582500782
2019,"0",243,-1,"A","Grass",0.608342013926912,0.00605067833871182
2019,"0",498,0,"A","Grass",0.627897333404339,0.572748741077598
2019,"1",174,0,"A","Grass",0.602987263036101,0.553721955654704
2019,"0",187,-1,"A","Grass",0.603998059676555,0.00597079963790075
2019,"1",3579,1,"A","Grass",0.821175751746145,0.998277694028287
2019,"1",2625,1,"A","Grass",0.771066852852068,0.997838096203527
2019,"0",205,0,"A","Grass",0.605396157097385,0.555550157280235
2019,"1",955,0,"A","Grass",0.661884266606375,0.599211962775114
2019,"1",405,0,"A","Grass",0.620810040839225,0.567306792866504
2019,"0",958,0,"A","Grass",0.662102387629416,0.59938396155206
2019,"0",175,-1,"A","Grass",0.603065047961284,0.00595381962215045
2019,"1",897,1,"A","Grass",0.657653812820039,0.996737667736645
2019,"1",2309,1,"A","Grass",0.752439459077671,0.997669077313618
2019,"1",1415,1,"A","Grass",0.694485254153947,0.997116080033051
2019,"0",89,0,"A","Grass",0.596356884721956,0.548701828025903
2019,"1",953,0,"A","Grass",0.661738814335273,0.599097283340195
2019,"1",548,0,"A","Grass",0.631685314438633,0.575667344665219
2019,"1",778,0,"A","Grass",0.648895744229139,0.589022108383922
2019,"0",465,-1,"A","Grass",0.625388599479535,0.00637792717589026
2019,"1",1127,1,"A","Grass",0.674276501637679,0.996911440988804
2019,"0",1047,-1,"A","Grass",0.668541653998453,0.00732171212100598
2019,"1",770,1,"A","Grass",0.648303274336719,0.996637573359253
2019,"1",91,0,"A","Grass",0.596513308931581,0.548820066720593
2019,"0",735,0,"A","Grass",0.645705864992403,0.586534674530764
2019,"0",173,0,"A","Grass",0.602909472904717,0.553662956934544
2019,"0",423,0,"A","Grass",0.622185911032492,0.568361383850778
2019,"1",1985,1,"A","Grass",0.732312331303842,0.997482085196583
2019,"1",1305,1,"A","Grass",0.686849213029681,0.997039565611128
2019,"1",600,1,"A","Grass",0.635607652273346,0.996498782307214
2019,"1",525,1,"A","Grass",0.629944827983508,0.996435749957364
2019,"1",455,0,"A","Grass",0.624627038040017,0.570234676875519
2019,"1",438,0,"A","Grass",0.623330969218859,0.569239736866917
2019,"0",578,0,"A","Grass",0.633950364974425,0.577415990661666
2019,"0",145,0,"A","Grass",0.600729250089305,0.552010384918047
2019,"1",5545,1,"A","Grass",0.896891884812147,0.998922190339234
2019,"1",2935,1,"A","Grass",0.788361166469888,0.997992015306798
2019,"1",3635,1,"A","Grass",0.823832224102871,0.998300528942956
2019,"0",2375,-1,"A","Grass",0.756412590587157,0.0100259194214378
2019,"1",154,0,"A","Grass",0.601430476003722,0.552541695862298
2019,"0",1443,-1,"A","Grass",0.696412245893186,0.00804187823363693
2019,"1",1740,1,"A","Grass",0.716420947157002,0.997330816288087
2019,"1",1330,1,"A","Grass",0.688593794435248,0.997057131082477
2019,"1",735,0,"A","Grass",0.645705864992403,0.586534674530764
2019,"0",955,-1,"A","Grass",0.661884266606375,0.00716378490675677
2019,"1",547,0,"A","Grass",0.631609712002093,0.575609023572797
2019,"1",1305,1,"A","Grass",0.686849213029681,0.997039565611128
2019,"1",1865,1,"A","Grass",0.724599749804615,0.997409093841331
2019,"0",2188,-1,"A","Grass",0.74504321471108,0.00959234774851161
2019,"1",770,1,"A","Grass",0.648303274336719,0.996637573359253
2019,"1",342,1,"A","Grass",0.615979300587558,0.996277165330737
2019,"1",5695,1,"A","Grass",0.90131284105977,0.998960066670203
2019,"1",3405,1,"A","Grass",0.812721987122141,0.99820476995049
2019,"0",3105,-1,"A","Grass",0.797430908746851,0.0119120757235784
2019,"1",918,0,"A","Grass",0.65918846829817,0.597088646614324
2019,"0",1475,-1,"A","Grass",0.698606101654941,0.00810305321266395
2019,"1",1185,1,"A","Grass",0.678401992288862,0.99695378531528
2019,"0",1607,-1,"A","Grass",0.707559507511245,0.00836031636543273
2019,"0",1393,-1,"A","Grass",0.69296639449219,0.00794720821925057
2019,"1",4730,0,"A","Grass",0.869702924705333,0.786416119084965
2019,"0",2693,0,"A","Grass",0.774943855138586,0.693626085073692
2019,"0",250,0,"A","Grass",0.60888381896282,0.558201311629275
2019,"0",1435,-1,"A","Grass",0.695862376454982,0.00802665620420533
2019,"1",5412,1,"A","Grass",0.892826263070561,0.99888745564691
2019,"0",1015,-1,"A","Grass",0.666233511335767,0.00726639275756333
2019,"1",5165,1,"A","Grass",0.884900849438698,0.998819954753912
2019,"0",683,0,"A","Grass",0.641830972990102,0.583520717030348
2019,"1",580,0,"A","Grass",0.634101159233416,0.577532498610626
2019,"1",288,0,"A","Grass",0.611820333836033,0.560437489743316
2019,"1",466,0,"A","Grass",0.625464721559892,0.570878159890023
2019,"0",103,0,"A","Grass",0.59745144112218,0.549529382668355
2019,"0",63,-1,"A","Grass",0.594321597858515,0.00579763627928728
2019,"1",846,1,"A","Grass",0.65391308106946,0.996697834248463
2019,"0",13,0,"A","Grass",0.590398516935811,0.544204802472959
2019,"0",275,0,"A","Grass",0.610816638333683,0.559672752822646
2019,"1",459,0,"A","Grass",0.624931736844974,0.570468698279725
2019,"1",512,0,"A","Grass",0.628959575475374,0.573566469875312
2019,"0",197,-1,"A","Grass",0.60477499190491,0.0059849864147264
2019,"1",335,1,"A","Grass",0.615441116832872,0.996270961613798
2019,"1",227,1,"A","Grass",0.607102601373017,0.996173931472232
2019,"0",308,-1,"A","Grass",0.613362627490237,0.00614472740956407
2019,"0",595,0,"A","Grass",0.635231276756811,0.578406032414902
2019,"1",648,0,"A","Grass",0.639212364709935,0.581488555800798
2019,"1",419,0,"A","Grass",0.621880331245144,0.568127083508178
2019,"1",265,0,"A","Grass",0.610043924747827,0.559084300674711
2019,"1",91,1,"A","Grass",0.596513308931581,0.996048160175896
2019,"0",207,-1,"A","Grass",0.605551395298556,0.00599920669626968
2019,"1",45,0,"A","Grass",0.592910647555353,0.546099208613238
2019,"0",105,0,"A","Grass",0.597607727369377,0.549647582500782
2019,"0",60,0,"A","Grass",0.59408654694138,0.546986755585634
2019,"1",1075,0,"A","Grass",0.670554656983833,0.606072433585916
2019,"1",429,1,"A","Grass",0.622644098691766,0.996353415989245
2019,"0",786,-1,"A","Grass",0.649487755665577,0.00688244096197263
2019,"1",141,0,"A","Grass",0.600417461323104,0.551774208526982
2019,"1",545,1,"A","Grass",0.631458487732659,0.996452668312376
2019,"1",718,1,"A","Grass",0.644441147293,0.996595711975267
2019,"0",591,-1,"A","Grass",0.634930057221676,0.00657142458717322
2019,"1",83,0,"A","Grass",0.595887494660565,0.548347078997868
2019,"1",356,1,"A","Grass",0.617054815316699,0.996289541935081
2019,"1",811,1,"A","Grass",0.65133482040264,0.996670217411495
2019,"0",350,0,"A","Grass",0.616594020070031,0.564080689580242
2019,"1",339,1,"A","Grass",0.61574868509868,0.996274507854932
2019,"1",340,1,"A","Grass",0.615825562715933,0.996275393890122
2019,"0",147,-1,"A","Grass",0.600885113875837,0.00591438602077802
2019,"1",173,0,"A","Grass",0.602909472904717,0.553662956934544
2019,"0",1008,-1,"A","Grass",0.665727536761663,0.00725434706413791
2019,"0",340,-1,"A","Grass",0.615825562715933,0.00619156074454067
2019,"0",439,-1,"A","Grass",0.62340725763672,0.00633870932419372
2019,"0",902,-1,"A","Grass",0.658019507732603,0.00707434525702921
2019,"1",312,1,"A","Grass",0.613670814609297,0.996250505367347
2019,"0",530,-1,"A","Grass",0.630323483789702,0.00647702971139333
2019,"1",134,0,"A","Grass",0.599871635257668,0.551360843704615
2019,"1",462,1,"A","Grass",0.625160196032481,0.996381929851796
2019,"1",405,0,"A","Grass",0.620810040839225,0.567306792866504
2019,"1",167,0,"A","Grass",0.602442622987002,0.553308932922744
2019,"0",128,-1,"A","Grass",0.599403586878334,0.00588777547478183
2019,"1",137,0,"A","Grass",0.600105591158908,0.551538008779774
2019,"0",292,-1,"A","Grass",0.6121289729055,0.00612144293453833
2019,"0",190,-1,"A","Grass",0.604231194660776,0.00597505215759648
2019,"1",57,0,"A","Grass",0.593851452904326,0.546809269905418
2019,"1",410,0,"A","Grass",0.621192423008733,0.567599796413752
2019,"1",11530,1,"G","Grass",0.983823664011759,0.999759599633663
2019,"0",37,0,"G","Grass",0.592283064751197,0.563486383046439
2019,"1",258,0,"G","Grass",0.609502696114917,0.576418228397713
2019,"0",292,-1,"G","Grass",0.6121289729055,0.00657747198024083
2019,"1",1375,1,"G","Grass",0.691720569085561,0.997291041439592
2019,"0",292,0,"G","Grass",0.6121289729055,0.578398943175199
2019,"0",434,0,"G","Grass",0.623025754433294,0.586643418458092
2019,"0",1163,-1,"G","Grass",0.676840381112208,0.00808556808362399
2019,"1",2094,1,"G","Grass",0.739197979216625,0.997717361900663
2019,"0",397,0,"G","Grass",0.620197917259626,0.584499687685796
2019,"0",228,0,"G","Grass",0.607180105267548,0.574668494944451
2019,"1",862,1,"G","Grass",0.655088720740639,0.996939160895356
2019,"1",695,1,"G","Grass",0.642726846466574,0.996815053419444
2019,"1",712,0,"G","Grass",0.643994293360522,0.602640280295139
2019,"1",453,0,"G","Grass",0.624474651601415,0.587742983729881
2019,"0",3576,-1,"G","Grass",0.82103256028068,0.014294861184196
2019,"1",2467,1,"G","Grass",0.761878349182231,0.997911443130379
2019,"0",651,0,"G","Grass",0.639437144104646,0.599147642275669
2019,"0",175,0,"G","Grass",0.603065047961284,0.571572749120793
2019,"1",783,1,"G","Grass",0.649265805195394,0.996881064021002
2019,"1",1404,1,"G","Grass",0.693726350178021,0.997309682368871
2019,"1",845,0,"G","Grass",0.653839540951361,0.610218791196906
2019,"1",386,0,"G","Grass",0.619355622909782,0.583861741246157
2019,"1",1334,1,"G","Grass",0.688872433017319,0.997264467029244
2019,"1",2533,1,"G","Grass",0.765747156008331,0.99794402822643
2019,"1",561,0,"G","Grass",0.632667556224949,0.593976219615284
2019,"0",9,0,"G","Grass",0.59008416572646,0.561841398785641
2019,"1",1135,1,"G","Grass",0.67484716179412,0.997131744384697
2019,"1",408,1,"G","Grass",0.621039488183822,0.996589938469301
2019,"1",75,0,"G","Grass",0.595261368333337,0.565716622668925
2019,"1",375,0,"G","Grass",0.618512609588395,0.583223513742052
2019,"0",3957,-1,"G","Grass",0.838506761774733,0.0156348555814131
2019,"0",3765,-1,"G","Grass",0.829879249032672,0.0149448072640195
2019,"0",563,0,"G","Grass",0.632818572859343,0.59409137142965
2019,"1",184,0,"G","Grass",0.60376487741801,0.572098843808003
2019,"1",743,1,"G","Grass",0.646300323259347,0.996851229989291
2019,"1",987,1,"G","Grass",0.664207326939408,0.997028890074867
2019,"1",319,0,"G","Grass",0.614209922843003,0.579970071917482
2019,"1",394,0,"G","Grass",0.619968272176358,0.584325730282333
2019,"1",1625,1,"G","Grass",0.708768273513369,0.997447599637437
2019,"1",874,1,"G","Grass",0.655969207970479,0.996947890850057
2019,"1",743,0,"G","Grass",0.646300323259347,0.604411252219087
2019,"1",129,0,"G","Grass",0.599481607563385,0.568881317628723
2019,"1",1693,1,"G","Grass",0.713308033994566,0.997488599728542
2019,"0",676,-1,"G","Grass",0.641307921944883,0.00720444635208251
2019,"1",157,0,"G","Grass",0.60166412568732,0.570520075361932
2019,"1",8,0,"G","Grass",0.590005566411476,0.56178262397408
2019,"1",7794,1,"G","Grass",0.947545933925672,0.99941364688732
2019,"1",3525,1,"G","Grass",0.818584575982773,0.998376889688741
2019,"1",410,0,"G","Grass",0.621192423008733,0.585253259270891
2019,"1",190,0,"G","Grass",0.604231194660776,0.572449483124732
2019,"1",245,1,"G","Grass",0.608496842673404,0.996455096464761
2019,"1",139,1,"G","Grass",0.600261536401284,0.996364570050719
2019,"1",800,0,"G","Grass",0.650522668113361,0.607660387111431
2019,"1",183,0,"G","Grass",0.603687139509756,0.572040396870378
2019,"1",1858,1,"G","Grass",0.724145620339148,0.997585374826617
2019,"1",1005,1,"G","Grass",0.665510573647014,0.997041593224393
2019,"0",100,0,"G","Grass",0.597216974641618,0.567182441538408
2019,"0",491,0,"G","Grass",0.62736574802357,0.589939479177175
2019,"1",879,1,"G","Grass",0.656335762033759,0.996951521000895
2019,"1",375,1,"G","Grass",0.618512609588395,0.996563058259477
2019,"0",185,0,"G","Grass",0.603842610084276,0.572157288733515
2019,"1",29,0,"G","Grass",0.591655180775192,0.563016528429758
2019,"1",5968,1,"G","Grass",0.908927133767988,0.9990935320276
2019,"1",11895,1,"G","Grass",0.985606759531288,0.999779657585461
2019,"1",84,0,"G","Grass",0.595965738548601,0.566244451276644
2019,"1",994,1,"G","Grass",0.664714443682388,0.997033836638052
2019,"1",286,0,"G","Grass",0.6116659806399,0.57804958662428
2019,"1",2072,1,"G","Grass",0.737817489437855,0.997705368485583
2019,"1",835,1,"G","Grass",0.653103735836175,0.996919427373206
2019,"0",90,-1,"G","Grass",0.596435099277561,0.00626972885595697
2019,"0",40,0,"G","Grass",0.592518443698586,0.563662549198038
2019,"1",3485,1,"G","Grass",0.816646409559868,0.99836134038562
2019,"1",685,1,"G","Grass",0.641980354225699,0.996807464643526
2019,"0",860,-1,"G","Grass",0.654941869145103,0.0075255547356061
2019,"1",1229,1,"G","Grass",0.681513256106575,0.997195219204788
2019,"1",2063,1,"G","Grass",0.737251387805305,0.997700443986502
2019,"1",1379,1,"G","Grass",0.691997661322254,0.997293620240375
2019,"1",461,1,"G","Grass",0.62508404915901,0.996632671938949
2019,"0",555,0,"G","Grass",0.632214350166856,0.593630702209505
2019,"1",134,0,"G","Grass",0.599871635257668,0.569174064670841
2019,"0",405,-1,"G","Grass",0.620810040839225,0.0067561226245482
2019,"0",834,-1,"G","Grass",0.65303011499254,0.00747933324472497
2019,"1",1855,1,"G","Grass",0.723950851573454,0.99758364892674
2019,"0",1170,-1,"G","Grass",0.677337687394984,0.00809898274227342
2019,"0",1100,-1,"G","Grass",0.672346711781031,0.00796582362237377
2019,"1",36,0,"G","Grass",0.592204595685479,0.563427657433363
2019,"1",6900,1,"G","Grass",0.931082969406832,0.999274237078205
2019,"1",3125,1,"G","Grass",0.798478648606236,0.998214531543001
2019,"0",580,-1,"G","Grass",0.634101159233416,0.00704234939550243
2019,"0",55,1,"G","Grass",0.593694699640092,0.996291199251903
2019,"0",1830,-1,"G","Grass",0.72232447423831,0.00946812484002284
2019,"1",1245,1,"G","Grass",0.682640641562427,0.997205883060627
2019,"1",1048,1,"G","Grass",0.66861365375693,0.997071720866109
2019,"1",852,1,"G","Grass",0.654354167217748,0.996931866920286
2019,"1",6304,1,"G","Grass",0.917570301047448,0.999163349645819
2019,"1",11456,1,"G","Grass",0.983436506739825,0.999755315703432
2019,"0",832,-1,"G","Grass",0.65288285134222,0.0074757894377133
2019,"0",1115,0,"G","Grass",0.673419541876455,0.625437786719588
2019,"1",596,0,"G","Grass",0.635306565106225,0.595989873827701
2019,"0",2180,0,"G","Grass",0.744549118065972,0.68286303956169
2019,"1",1090,1,"G","Grass",0.671630489033549,0.997100852510619
2019,"0",1380,0,"G","Grass",0.692066912783263,0.640137774070515
2019,"1",830,1,"G","Grass",0.652735558426473,0.996915759123276
2019,"0",20,0,"G","Grass",0.590948453681159,0.562487806815877
2019,"0",2174,-1,"G","Grass",0.744178133040454,0.0102702368370515
2019,"0",90,0,"G","Grass",0.596435099277561,0.566596253618317
2019,"1",7195,1,"G","Grass",0.93698539028482,0.999323561114891
2019,"1",3290,1,"G","Grass",0.806967881648752,0.998283381493653
2019,"0",380,-1,"G","Grass",0.618895886305325,0.00671618748512181
2019,"1",180,0,"G","Grass",0.603453894368817,0.571865044000446
2019,"1",5280,0,"G","Grass",0.888652395359632,0.818627971398356
2019,"1",11593,1,"G","Grass",0.984146246003003,0.999763187617916
2019,"1",275,1,"G","Grass",0.610816638333683,0.996480306867166
2019,"0",515,0,"G","Grass",0.629187037021294,0.591324899248156
2019,"1",322,0,"G","Grass",0.614440883576392,0.580144542390193
2019,"1",219,0,"G","Grass",0.606482376304696,0.574143207856336
2019,"1",7175,1,"G","Grass",0.936600590330166,0.999320325622963
2019,"1",3155,1,"G","Grass",0.800042652436059,0.998227251576061
2019,"1",4955,0,"G","Grass",0.877766254683521,0.806821263073412
2019,"1",10905,0,"G","Grass",0.980253064400818,0.945320592803673
2019,"1",170,0,"G","Grass",0.602676071309212,0.571280404289963
2019,"1",7115,1,"G","Grass",0.9354330094797,0.999310526060423
2019,"1",2580,0,"G","Grass",0.76847549357074,0.703174317105066
2019,"1",10815,0,"G","Grass",0.97967896225081,0.944199235603851
2019,"0",1325,0,"G","Grass",0.688245304080304,0.63710733313719
2019,"1",5795,0,"G","Grass",0.904165627445363,0.836174382556483
2019,"1",313,0,"A","Clay",0.613747847170871,0.581926466770773
2019,"1",247,0,"A","Grass",0.608651649587798,0.55802466946685
2019,"0",241,0,"A","Clay",0.608187163376406,0.577738585322961
2019,"1",117,0,"A","Clay",0.598545027484727,0.570500177066724
2019,"0",106,0,"A","Grass",0.597685863060057,0.549706680316283
2019,"0",212,0,"A","Clay",0.605939397571079,0.576048601264487
2019,"0",276,-1,"A","Clay",0.610893879154182,0.00661448511883808
2019,"1",305,1,"A","Grass",0.613131427530833,0.996244257391827
2019,"0",540,-1,"A","Clay",0.631080314061325,0.00704178154960493
2019,"1",190,0,"A","Clay",0.604231194660776,0.574765354588139
2019,"0",45,0,"A","Grass",0.592910647555353,0.546099208613238
2019,"1",25,0,"A","Clay",0.591341126443248,0.56511001396889
2019,"1",188,0,"A","Clay",0.604075776595425,0.574648645554754
2019,"1",17,0,"A","Grass",0.590712794284577,0.544441674347499
2019,"0",289,0,"A","Clay",0.611897502023942,0.580531786955599
2019,"1",509,1,"A","Clay",0.628732056733566,0.996702183124428
2019,"0",167,-1,"A","Grass",0.602442622987002,0.00594252628664959
2019,"0",460,-1,"A","Clay",0.625007896095419,0.00690948142551284
2019,"1",658,1,"A","Clay",0.63996139161557,0.996817068897129
2019,"0",552,-1,"A","Grass",0.631987659456524,0.00651091744167601
2019,"1",198,1,"A","Clay",0.604852656100573,0.996448900852269
2019,"0",148,0,"A","Clay",0.600963038107315,0.572312734150617
2019,"0",160,0,"A","Grass",0.601897729064787,0.552895836590358
2019,"1",363,0,"A","Clay",0.617592143962278,0.584827821740004
2019,"1",605,0,"A","Clay",0.635983861981228,0.598784043747675
2019,"1",23,0,"A","Grass",0.591184071295647,0.54479694442852
2019,"1",451,0,"A","Clay",0.624322240506977,0.589919833899358
2019,"1",274,1,"A","Clay",0.610739391950367,0.996512531268743
2019,"0",96,-1,"A","Grass",0.596904283549581,0.00584322647920666
2019,"1",410,1,"A","Clay",0.621192423008733,0.996623573584186
2019,"1",18,0,"A","Clay",0.590791352053,0.564699245246901
2019,"0",52,0,"A","Grass",0.593459533958465,0.546513434012566
2019,"0",18,0,"A","Clay",0.590791352053,0.564699245246901
2019,"0",240,0,"A","Clay",0.608109729933428,0.577680340063041
2019,"0",71,0,"A","Clay",0.594948188737107,0.567807102485221
2019,"0",836,-1,"A","Clay",0.653177349355067,0.00755353071571282
2019,"0",115,-1,"A","Grass",0.598388860631421,0.00586963686920288
2019,"0",1754,-1,"A","Clay",0.717344240588283,0.00938710121115443
2019,"1",144,0,"A","Clay",0.600651310541475,0.57207896379536
2019,"1",348,1,"A","Grass",0.616440375054407,0.996282474618006
2019,"1",241,0,"A","Clay",0.608187163376406,0.577738585322961
2019,"1",509,1,"A","Clay",0.628732056733566,0.996702183124428
2019,"0",461,-1,"A","Grass",0.62508404915901,0.00637187800544351
2019,"1",510,1,"A","Clay",0.628807902663926,0.996702967782058
2019,"1",190,1,"A","Clay",0.604231194660776,0.996442135982505
2019,"0",282,0,"A","Grass",0.611357207063387,0.560084569671928
2019,"1",386,0,"A","Clay",0.619355622909782,0.58616048529095
2019,"1",464,1,"A","Clay",0.625312471196006,0.996666680227518
2019,"1",111,0,"A","Grass",0.598076467038191,0.55000214832128
2019,"1",527,1,"A","Clay",0.630096309518252,0.99671627852756
2019,"0",212,-1,"A","Clay",0.605939397571079,0.00651483830828139
2019,"1",575,1,"A","Grass",0.633724124364279,0.996477895922113
2019,"1",794,1,"A","Clay",0.65007930718008,0.996918444605159
2019,"1",438,1,"A","Clay",0.623330969218859,0.996645994079087
2019,"0",39,0,"A","Grass",0.592439988761468,0.545744107445357
2019,"0",687,-1,"A","Clay",0.642129707897337,0.00729147357437396
2019,"0",524,-1,"A","Clay",0.629869077619563,0.00701512182300199
2019,"1",1490,1,"A","Grass",0.699631362631696,0.997167115220454
2019,"0",2242,-1,"A","Clay",0.748361890184428,0.0105348235007401
2019,"0",168,0,"A","Clay",0.602520444280281,0.573481099651735
2019,"0",106,1,"A","Grass",0.597685863060057,0.996062231643743
2019,"1",76,0,"A","Clay",0.595339651125472,0.568100025168658
2019,"0",165,0,"A","Clay",0.602286964860773,0.573305896771614
2019,"1",346,0,"A","Grass",0.616286706784,0.563845848735406
2019,"1",626,1,"A","Clay",0.63756212341213,0.996792736668664
2019,"0",139,-1,"A","Clay",0.600261536401284,0.00640299823209118
2019,"1",588,1,"A","Grass",0.634704073212929,0.996488772290617
2019,"1",380,0,"A","Clay",0.618895886305325,0.585812954704611
2019,"1",175,1,"A","Clay",0.603065047961284,0.996429417222102
2019,"1",1514,1,"A","Grass",0.701267631635786,0.997183255506902
2019,"0",302,0,"A","Clay",0.61290017657174,0.581287399716333
2019,"1",231,1,"A","Clay",0.607412584547761,0.996476670726918
2019,"1",99,1,"A","Grass",0.597138809266786,0.996055671180158
2019,"1",810,1,"A","Clay",0.65126102460639,0.996930157526351
2019,"1",84,1,"A","Clay",0.595965738548601,0.996351279807774
2019,"1",1063,0,"A","Grass",0.669692702042896,0.605388216980055
2019,"0",1049,-1,"A","Clay",0.668685645626309,0.00794445693816279
2019,"1",85,0,"A","Clay",0.596043977557079,0.568627165859825
2019,"1",1365,0,"A","Grass",0.691027234460952,0.622475635121478
2019,"1",1010,1,"A","Clay",0.665872139903203,0.997072877681633
2019,"1",3190,1,"A","Clay",0.801855794609436,0.998258516125455
2019,"0",918,0,"A","Hard",0.65918846829817,0.620778343330662
2019,"1",124,0,"A","Clay",0.599091453771814,0.5709096312402
2019,"0",34,0,"A","Clay",0.592047643451478,0.565638013765202
2019,"1",554,0,"A","Hard",0.632138793084302,0.600116111140982
2019,"1",352,0,"A","Clay",0.616747641803712,0.584190020701726
2019,"1",851,0,"A","Clay",0.654280671273612,0.612808524237214
2019,"1",253,1,"A","Clay",0.609115939057831,0.996495063650422
2019,"0",407,-1,"A","Clay",0.620963011746593,0.00682319492771451
2019,"1",1372,1,"A","Clay",0.691512659252941,0.997314584660803
2019,"1",23,0,"A","Hard",0.591184071295647,0.56934364257761
2019,"1",387,0,"A","Clay",0.619432224900021,0.586218398724725
2019,"1",510,0,"A","Clay",0.628807902663926,0.593323105584765
2019,"0",132,0,"A","Hard",0.59971563934066,0.575712538060463
2019,"1",148,0,"A","Clay",0.600963038107315,0.572312734150617
2019,"1",616,0,"A","Clay",0.636810937787877,0.599414809280413
2019,"0",87,-1,"A","Hard",0.596200440920668,0.00643686276093313
2019,"1",236,1,"A","Clay",0.607799941792027,0.996480859364289
2019,"0",633,-1,"A","Clay",0.638087554142329,0.00719874478262138
2019,"0",543,-1,"A","Hard",0.631307237622505,0.00717189771223702
2019,"0",650,-1,"A","Clay",0.639362224424327,0.00722781020880209
2019,"1",653,1,"A","Clay",0.639586963096363,0.996813279151528
2019,"1",9,0,"A","Hard",0.59008416572646,0.568523907727923
2019,"0",39,0,"A","Clay",0.592439988761468,0.565931282713123
2019,"1",710,0,"A","Clay",0.643845286248415,0.604791361990301
2019,"0",59,0,"A","Hard",0.594008187048534,0.571449777359129
2019,"1",572,0,"A","Clay",0.633497824763161,0.596889790668022
2019,"0",586,0,"A","Clay",0.634553384226397,0.597693769681937
2019,"1",2486,1,"A","Clay",0.762996582804268,0.997940429518854
2019,"1",220,1,"A","Hard",0.606559923257832,0.996529282013839
2019,"1",699,1,"A","Clay",0.643025249746975,0.996847975831847
2019,"0",518,-1,"A","Clay",0.629414441284862,0.0070051502838888
2019,"1",547,0,"A","Hard",0.631609712002093,0.599714986297603
2019,"0",170,0,"A","Clay",0.602676071309212,0.573597891329396
2019,"1",206,0,"A","Clay",0.605473778858147,0.575698725833698
2019,"1",118,0,"A","Hard",0.598623103412801,0.574895874469776
2019,"1",63,0,"A","Clay",0.594321597858515,0.567338327630757
2019,"1",160,0,"A","Clay",0.601897729064787,0.573013851105538
2019,"1",3582,1,"A","Clay",0.821318853577658,0.99841385913993
2019,"1",1286,1,"A","Hard",0.685519782018165,0.99730705259545
2019,"0",696,-1,"A","Clay",0.642801457675335,0.00730704323649803
2019,"1",3479,1,"A","Clay",0.816354303763774,0.998374434929274
2019,"0",165,-1,"A","Hard",0.602286964860773,0.00655706196796953
2019,"1",186,1,"A","Clay",0.603920337504982,0.996438748733751
2019,"1",47,0,"A","Clay",0.593067495975289,0.566400416935223
2019,"0",520,-1,"A","Hard",0.629566012261056,0.00713290342877764
2019,"1",922,1,"A","Clay",0.659480406790784,0.997010914540423
2019,"1",1057,1,"A","Clay",0.669261296273679,0.997105445240698
2019,"1",461,0,"A","Hard",0.62508404915901,0.594776120445031
2019,"1",194,1,"A","Clay",0.604541967602032,0.996445520021005
2019,"0",125,0,"A","Clay",0.599169494596128,0.570968116784889
2019,"0",34,0,"A","Hard",0.592047643451478,0.569987453659513
2019,"0",363,0,"A","Clay",0.617592143962278,0.584827821740004
2019,"0",348,-1,"A","Clay",0.616440375054407,0.00672839840830692
2019,"1",697,1,"A","Hard",0.642876061960304,0.996901703841342
2019,"0",340,-1,"A","Clay",0.615825562715933,0.00671564576077384
2019,"1",2166,1,"A","Clay",0.743682936664123,0.997777276343614
2019,"0",104,-1,"A","Hard",0.5975295867222,0.0064628720610802
2019,"1",804,1,"A","Clay",0.650818097583413,0.996925770391148
2019,"0",116,0,"A","Clay",0.598466946556387,0.570441675723511
2019,"0",1353,-1,"A","Hard",0.690194096228279,0.00868873378044645
2019,"1",1700,1,"A","Clay",0.713772952922911,0.997516352245094
2019,"1",3630,1,"A","Clay",0.823596306088271,0.998431904065184
2019,"1",466,1,"A","Hard",0.625464721559892,0.996726605675485
2019,"0",123,-1,"A","Clay",0.599013407921768,0.006378741361854
2019,"1",3397,1,"A","Clay",0.812326010880509,0.998342350408042
2019,"1",362,0,"A","Hard",0.617515400293675,0.58906689475799
2019,"0",744,0,"A","Clay",0.646374598793507,0.60672992101872
2019,"1",1260,1,"A","Clay",0.683695622983177,0.997242009297666
2019,"1",748,1,"A","Hard",0.646671630250045,0.996939085636275
2019,"0",594,0,"A","Clay",0.635155981790545,0.598152950851911
2019,"0",1618,-1,"A","Clay",0.708298547644355,0.00908992586634545
2019,"0",5,0,"A","Hard",0.589769740896099,0.568289628596174
2019,"0",1355,0,"A","Clay",0.69033303857522,0.640943645655458
2019,"0",3879,-1,"A","Clay",0.835045204310763,0.0154946002828538
2019,"1",370,1,"A","Hard",0.618129185247138,0.996650967875695
2019,"0",73,-1,"A","Clay",0.595104788213391,0.00630352559134883
2019,"0",2330,0,"A","Clay",0.753708339044129,0.692586947022714
2019,"1",348,1,"A","Hard",0.616440375054407,0.996633390329814
2019,"0",945,-1,"A","Clay",0.661156699661619,0.00775113668416781
2019,"0",201,0,"A","Clay",0.605085616921837,0.575407104990925
2019,"0",35,0,"A","Hard",0.592126121917666,0.570045970237598
2019,"1",619,0,"A","Clay",0.637036363773131,0.599586779176422
2019,"1",1279,1,"A","Clay",0.685029222312571,0.997254457524355
2019,"1",299,0,"A","Hard",0.612668874705989,0.58542111815114
2019,"0",102,0,"A","Hard",0.597373290572972,0.573962044102392
2019,"0",531,0,"A","Hard",0.630399195725936,0.598797628194061
2019,"0",366,0,"A","Hard",0.617822339767523,0.589298047219736
2019,"0",207,0,"A","Hard",0.605551395298556,0.580080380232149
2019,"1",218,0,"A","Hard",0.606404823985138,0.580719960725191
2019,"1",735,0,"A","Hard",0.645705864992403,0.610440048964997
2019,"1",356,0,"A","Hard",0.617054815316699,0.588720092358644
2019,"0",204,0,"A","Hard",0.60531853001982,0.579905902403777
2019,"1",731,0,"A","Hard",0.645408466833535,0.610212925061455
2019,"1",263,0,"A","Hard",0.609889315583197,0.583333581475691
2019,"1",427,0,"A","Hard",0.622491393776861,0.592818181749149
2019,"1",758,0,"A","Hard",0.647413713113115,0.61174507905733
2019,"0",256,0,"A","Hard",0.609348009778268,0.582927321851104
2019,"1",709,0,"A","Hard",0.643770772242914,0.608962891261195
2019,"0",138,0,"A","Hard",0.600183566318355,0.576062410488856
2019,"0",2030,-1,"A","Hard",0.735168962393838,0.0101974382104482
2019,"0",75,0,"A","Clay",0.595261368333337,0.568041444435398
2019,"1",352,0,"A","Hard",0.616747641803712,0.588488841760434
2019,"1",633,1,"A","Hard",0.638087554142329,0.996854148808339
2019,"0",33,0,"A","Clay",0.591969160290636,0.565579354453882
2019,"1",351,0,"A","Hard",0.616670833848811,0.588431022999728
2019,"0",1050,-1,"A","Hard",0.668757629604086,0.00808728526792744
2019,"0",105,-1,"A","Clay",0.597607727369377,0.0063515615052237
2019,"0",298,-1,"A","Hard",0.612591762787574,0.0067671808950619
2019,"1",1630,1,"A","Hard",0.709103519030905,0.997518857046895
2019,"1",2173,1,"A","Hard",0.744116267840544,0.997819877914393
2019,"1",352,0,"A","Clay",0.616747641803712,0.584190020701726
2019,"1",22,0,"A","Hard",0.591105536739497,0.569285102636193
2019,"1",241,1,"A","Hard",0.608187163376406,0.996546579688447
2019,"0",467,0,"A","Clay",0.625540837433817,0.590843620851872
2019,"1",427,0,"A","Hard",0.622491393776861,0.592818181749149
2019,"1",680,1,"A","Hard",0.641606849506616,0.996889142381621
2019,"0",138,-1,"A","Clay",0.600183566318355,0.00640147949628273
2019,"1",417,1,"A","Hard",0.621727505026588,0.996688214068453
2019,"1",1293,1,"A","Hard",0.686009927891711,0.997311537298148
2019,"1",78,1,"A","Clay",0.595496202155658,0.996346068426153
2019,"1",876,1,"A","Hard",0.656115851912954,0.997030938029397
2019,"0",1084,-1,"A","Hard",0.67120037156261,0.00815266304331138
2019,"1",173,0,"A","Clay",0.602909472904717,0.573773063451134
2019,"0",333,0,"A","Hard",0.615287298069612,0.587389869262852
2019,"0",335,-1,"A","Hard",0.615441116832872,0.00682681488572912
2019,"0",253,0,"A","Clay",0.609115939057831,0.578437359364633
2019,"1",2,0,"A","Hard",0.589533874103793,0.568113899187167
2019,"0",219,-1,"A","Hard",0.606482376304696,0.00664158038167409
2019,"0",468,0,"A","Hard",0.625616947098053,0.595178853675842
2019,"1",147,-1,"A","Clay",0.600885113875837,0.00641516101333892
2019,"1",994,1,"A","Hard",0.664714443682388,0.997113177880449
2019,"1",1017,1,"A","Hard",0.666378005286665,0.997128941178415
2019,"0",55,0,"A","Clay",0.593694699640092,0.566869432177738
2019,"0",251,0,"A","Hard",0.608961197808052,0.582637067421417
2019,"1",1067,1,"A","Hard",0.669980147392134,0.997162913746276
2019,"1",139,0,"A","Clay",0.600261536401284,0.571786705602425
2019,"1",534,0,"A","Hard",0.630626293027344,0.598969685780137
2019,"0",256,-1,"A","Hard",0.609348009778268,0.00670011501741402
2019,"1",3618,1,"A","Hard",0.823029090072255,0.998454996293362
2019,"0",696,-1,"A","Clay",0.642801457675335,0.00730704323649803
2019,"1",608,1,"A","Hard",0.636209508056927,0.996835375616662
2019,"1",420,1,"A","Hard",0.621956735278172,0.996690577418763
2019,"1",240,0,"A","Clay",0.608109729933428,0.577680340063041
2019,"0",414,0,"A","Hard",0.62149822036725,0.592068774683339
2019,"0",1300,-1,"A","Hard",0.686499659190348,0.00858041972849175
2019,"1",480,1,"A","Clay",0.626529777528471,0.996679346911795
2019,"1",1063,1,"A","Hard",0.669692702042896,0.997160210755155
2019,"1",1565,0,"A","Hard",0.704727643823488,0.656406990585232
2019,"1",418,0,"A","Clay",0.621803921160178,0.588012525169359
2019,"1",70,1,"A","Hard",0.594869881749551,0.996403190696947
2019,"1",233,0,"A","Hard",0.607567543696496,0.581591678632577
2019,"1",167,1,"A","Clay",0.602442622987002,0.996422615369134
2019,"1",553,1,"A","Hard",0.63206322951314,0.996793680575807
2019,"1",199,0,"A","Hard",0.60493031500432,0.579615061659977
2019,"1",1228,1,"A","Clay",0.681442723704141,0.997220916511025
2019,"0",1116,-1,"A","Hard",0.67349099954294,0.00821467378904629
2019,"0",496,0,"A","Hard",0.627745483369231,0.596788500571946
2019,"0",3,0,"A","Clay",0.589612500947971,0.563818728099288
2019,"1",841,1,"A","Hard",0.6535453069807,0.997006098654415
2019,"0",672,0,"A","Hard",0.641008884558568,0.606857340652738
2019,"1",4288,1,"A","Clay",0.852546273663798,0.99865956537762
2019,"1",2078,1,"A","Hard",0.738194453421227,0.997769976937533
2019,"1",3036,1,"A","Hard",0.793785046630583,0.998225094173771
2019,"1",55,0,"A","Clay",0.593694699640092,0.566869432177738
2019,"1",1039,1,"A","Hard",0.667965372223956,0.997143938797701
2019,"0",815,-1,"A","Hard",0.651629930986161,0.00764941116677101
2019,"0",99,-1,"A","Clay",0.597138809266786,0.00634252714933209
2019,"1",465,0,"A","Hard",0.625388599479535,0.595006269376533
2019,"1",685,0,"A","Hard",0.641980354225699,0.607597585732189
2019,"0",356,0,"A","Clay",0.617054815316699,0.584421981097594
2019,"1",777,1,"A","Hard",0.648821710534276,0.996960141067314
2019,"1",582,0,"A","Hard",0.634251927211712,0.601719263513895
2019,"1",3793,1,"A","Clay",0.831159877461696,0.99849166554643
2019,"0",1175,0,"A","Hard",0.677692660687476,0.635112124434025
2019,"1",2677,0,"A","Hard",0.774035828165749,0.713575025381012
2019,"0",9,0,"A","Clay",0.59008416572646,0.564170983567975
2019,"0",75,0,"A","Hard",0.595261368333337,0.57238501178845
2019,"1",2160,1,"A","Hard",0.743311127386805,0.997813115725911
2019,"1",3641,0,"A","Clay",0.82411499821793,0.754959412885672
2019,"1",404,0,"A","Hard",0.620733546375746,0.59149201601321
2019,"0",3070,-1,"A","Hard",0.795587598120048,0.0130340416009793
2019,"1",3735,1,"A","Clay",0.828498590749911,0.998470665942507
2019,"1",35,0,"A","Hard",0.592126121917666,0.570045970237598
2019,"0",1650,-1,"A","Hard",0.710442221949536,0.00932125344874125
2019,"1",222,0,"M","Hard",0.60671500105069,0.561145701176296
2019,"1",8,0,"M","Hard",0.590005566411476,0.54852702898119
2019,"1",1429,1,"M","Hard",0.695449606685248,0.997178586608568
2019,"1",1051,1,"M","Hard",0.668829605687759,0.996912942789036
2019,"1",8,0,"M","Hard",0.590005566411476,0.54852702898119
2019,"0",150,0,"M","Hard",0.601118871228639,0.556908156731425
2019,"0",85,0,"M","Hard",0.596043977557079,0.55307545136235
2019,"1",360,0,"M","Hard",0.61736189537646,0.569242280861121
2019,"1",519,1,"M","Hard",0.629490229961709,0.996496318695496
2019,"1",470,1,"M","Hard",0.625769147784424,0.996455235801111
2019,"1",1498,0,"M","Hard",0.70017735387725,0.634241283184256
2019,"1",743,0,"M","Hard",0.646300323259347,0.591507506680672
2019,"0",578,0,"M","Hard",0.633950364974425,0.58195582036505
2019,"1",810,0,"M","Hard",0.65126102460639,0.595366858880421
2019,"1",1633,1,"M","Hard",0.709304557056085,0.997312349208306
2019,"1",1465,1,"M","Hard",0.697921490133667,0.997202664995188
2019,"0",133,0,"M","Hard",0.599793639828366,0.555906391997643
2019,"0",557,0,"M","Hard",0.63236544485353,0.580735570331024
2019,"0",144,0,"M","Hard",0.600651310541475,0.556554645128589
2019,"0",209,0,"M","Hard",0.605706612204113,0.560381229876007
2019,"1",1566,1,"M","Hard",0.704795254082581,0.997269129889422
2019,"0",175,-1,"M","Hard",0.603065047961284,0.00606511629465232
2019,"0",194,0,"M","Hard",0.604541967602032,0.559498791716268
2019,"0",235,0,"M","Hard",0.607722481181888,0.561909882370085
2019,"1",3425,1,"M","Hard",0.81370911394218,0.998246231273601
2019,"1",1170,1,"M","Hard",0.677337687394984,0.99699915552357
2019,"0",852,-1,"M","Hard",0.654354167217748,0.00712153072978109
2019,"1",1420,1,"M","Hard",0.694829862114816,0.997172534788978
2019,"1",3125,1,"M","Hard",0.798478648606236,0.998116256122495
2019,"1",710,1,"M","Hard",0.643845286248415,0.996651978606749
2019,"0",70,-1,"M","Hard",0.594869881749551,0.00591585089604933
2019,"1",1175,1,"M","Hard",0.677692660687476,0.997002724883987
2019,"0",3180,-1,"M","Hard",0.801339020385449,0.0123499037306271
2019,"1",525,1,"M","Hard",0.629944827983508,0.996501316536738
2019,"1",1332,1,"M","Hard",0.688733130814108,0.997112675142251
2019,"0",3022,-1,"M","Hard",0.793039407735359,0.0118981553473309
2019,"1",1993,1,"M","Hard",0.732821603145191,0.997533156014911
2019,"0",1359,-1,"M","Hard",0.690610820148954,0.00803054167699124
2019,"1",524,0,"M","Hard",0.629869077619563,0.578816043294788
2019,"1",6965,1,"M","Hard",0.932425961363994,0.999246027864315
2019,"1",2725,0,"M","Hard",0.776752131378832,0.69918068315666
2019,"1",1512,1,"M","Hard",0.701131471410518,0.997233792529255
2019,"1",2030,0,"M","Hard",0.735168962393838,0.663173687337839
2019,"1",1150,1,"M","Hard",0.67591575108774,0.996984835653566
2019,"1",1355,1,"M","Hard",0.69033303857522,0.99712844117748
2019,"1",747,1,"M","Hard",0.646597382993748,0.996681325979657
2019,"1",1584,1,"M","Hard",0.706010698429847,0.997280808681317
2019,"1",6305,1,"M","Hard",0.917594874237088,0.999117463253056
2019,"0",2010,0,"M","Hard",0.733901759531414,0.662106254065277
2019,"0",1115,0,"M","Hard",0.673419541876455,0.612780503400738
2019,"0",445,0,"M","Hard",0.623864859550813,0.574211225836127
2019,"1",5525,0,"M","Hard",0.896289352392369,0.819341700070825
2019,"0",145,0,"M","Hard",0.600729250089305,0.556613567716489
2019,"1",6175,0,"M","Hard",0.914343930111762,0.841186123224025
2019,"1",5200,0,"M","Hard",0.886054118356871,0.807570531720492
2019,"0",401,0,"M","Hard",0.620504026986111,0.571640871346885
2019,"1",759,0,"M","Hard",0.647487882365607,0.592430188087026
2019,"1",270,1,"M","Hard",0.610430350858482,0.996282513043529
2019,"0",1148,-1,"M","Hard",0.675773378125671,0.00763903094118219
2019,"1",345,0,"M","Hard",0.616209863936744,0.568363929098944
2019,"0",254,0,"M","Hard",0.609193301455374,0.563026233436858
2019,"1",810,0,"M","Hard",0.65126102460639,0.595366858880421
2019,"1",410,0,"M","Hard",0.621192423008733,0.572166944997238
2019,"0",808,-1,"M","Hard",0.651113411253222,0.0070476357244741
2019,"1",1292,1,"M","Hard",0.685939932417481,0.997085050097377
2019,"0",1160,0,"M","Hard",0.67662712728308,0.615326655527988
2019,"0",863,0,"M","Hard",0.655162135440276,0.59841147247037
2019,"1",560,0,"M","Hard",0.632592038140205,0.580909952600901
2019,"1",93,0,"M","Hard",0.596669713520199,0.553547518948401
2019,"1",1870,1,"M","Hard",0.724923844087114,0.997459827258908
2019,"0",1184,-1,"M","Hard",0.678331096076507,0.00770446280132364
2019,"1",868,0,"M","Hard",0.655529097846941,0.59869831259434
2019,"0",605,0,"M","Hard",0.635983861981228,0.583523238390548
2019,"1",443,0,"M","Hard",0.623712350095292,0.574094477413878
2019,"1",849,0,"M","Hard",0.654133657280324,0.597607962118683
2019,"1",240,0,"M","Hard",0.608109729933428,0.562203720222737
2019,"1",574,1,"M","Hard",0.633648697714289,0.996541867220825
2019,"0",313,0,"M","Hard",0.613747847170871,0.566488680930537
2019,"0",13,0,"M","Hard",0.590398516935811,0.548822635726629
2019,"0",119,0,"M","Hard",0.598701174336967,0.555081067491535
2019,"1",105,1,"M","Hard",0.597607727369377,0.996133723280639
2019,"1",178,0,"M","Hard",0.603298371463805,0.558557109892634
2019,"0",3283,-1,"M","Hard",0.806613325997622,0.0126534752164083
2019,"1",54,0,"M","Hard",0.593616315847217,0.551245292900922
2019,"1",513,0,"M","Hard",0.629035402350051,0.578175668136302
2019,"1",1425,1,"M","Hard",0.69517425198321,0.99717589850724
2019,"0",3083,-1,"M","Hard",0.796273707605478,0.0120705967029203
2019,"0",2220,-1,"M","Hard",0.747013306038879,0.0098451899239846
2019,"1",1827,1,"M","Hard",0.72212891304352,0.997433682377861
2019,"0",834,0,"M","Hard",0.65303011499254,0.596746476280921
2019,"1",6520,1,"M","Hard",0.922725623804364,0.99916158453014
2019,"1",1415,1,"M","Hard",0.694485254153947,0.997169167075646
2019,"1",55,0,"M","Hard",0.593694699640092,0.551304352208746
2019,"0",1078,-1,"M","Hard",0.670769966871277,0.00751337681931853
2019,"1",11290,1,"M","Hard",0.982534581196561,0.999731391242427
2019,"1",899,1,"M","Hard",0.657800113290082,0.99679922202946
2019,"0",468,0,"M","Hard",0.625616947098053,0.575553234888535
2019,"0",715,0,"M","Hard",0.644217751737122,0.589891265158528
2019,"1",1473,1,"M","Hard",0.69846924993352,0.99720798785822
2019,"1",1995,1,"M","Hard",0.732948824868665,0.99753433073827
2019,"0",6624,-1,"M","Hard",0.925101030351385,0.0276676967042519
2019,"0",1550,-1,"M","Hard",0.703712411423747,0.00840207118014224
2019,"1",11363,1,"M","Hard",0.982937005618929,0.999736030933377
2019,"1",1058,1,"M","Hard",0.669333217028685,0.996918081794681
2019,"0",1465,-1,"M","Hard",0.697921490133667,0.00823467146366605
2019,"1",2394,1,"M","Hard",0.757548323591642,0.997757868700437
2019,"1",10985,1,"M","Hard",0.980750014673913,0.99971110776149
2019,"1",885,1,"M","Hard",0.656775381150131,0.996788540033995
2019,"0",9095,0,"M","Hard",0.964996582974753,0.914058221876826
2019,"1",1415,0,"M","Hard",0.694485254153947,0.629632252337831
2019,"1",706,0,"A","Hard",0.643547188464114,0.608792320852353
2019,"0",14,0,"A","Hard",0.590477093206785,0.56881671351469
2019,"1",421,0,"A","Hard",0.622033133255948,0.592472355006825
2019,"1",431,0,"A","Hard",0.622796779266566,0.593048681846635
2019,"0",236,0,"A","Hard",0.607799941792027,0.581765961265132
2019,"0",18,0,"A","Hard",0.590791352053,0.569050923518951
2019,"1",789,0,"A","Hard",0.649709641459184,0.613501497102647
2019,"0",215,0,"A","Hard",0.606172134863305,0.580545556483088
2019,"1",20,0,"A","Hard",0.590948453681159,0.569168016944742
2019,"0",15,0,"A","Hard",0.590555664857731,0.568875268905906
2019,"1",72,0,"A","Hard",0.595026490892949,0.572209694525369
2019,"0",135,0,"A","Hard",0.599949625624942,0.575887483783135
2019,"0",16,0,"A","Hard",0.590634231884908,0.568933822371405
2019,"0",67,0,"A","Hard",0.594634931833478,0.571917458806232
2019,"1",428,0,"A","Hard",0.622567749275175,0.59287581060848
2019,"1",414,1,"A","Hard",0.62149822036725,0.99668584903602
2019,"1",504,1,"A","Hard",0.628352731963744,0.996756073088269
2019,"1",12,-1,"A","Hard",0.590319936048549,0.00632335177504277
2019,"1",248,1,"A","Hard",0.608729044849188,0.996552326467364
2019,"1",852,1,"A","Hard",0.654354167217748,0.997013927558989
2019,"1",56,1,"A","Hard",0.593773078660362,0.99639119180628
2019,"1",200,1,"A","Hard",0.605007968612594,0.99651272777521
2019,"1",488,1,"A","Hard",0.627137831339835,0.99674369812101
2019,"0",285,-1,"A","Hard",0.611588795638604,0.00674635147043601
2019,"1",441,1,"A","Hard",0.62355981611516,0.996707073871243
2019,"1",31,1,"A","Hard",0.591812179899881,0.996369665932244
2019,"0",705,-1,"A","Hard",0.643472646626949,0.00745261284209793
2019,"1",506,1,"A","Hard",0.628504480882438,0.996757616659564
2019,"1",345,1,"A","Hard",0.616209863936744,0.996630986278663
2019,"1",442,1,"A","Hard",0.623636086169159,0.996707857369049
2019,"1",803,1,"A","Hard",0.650744251065086,0.996978895557695
2019,"1",218,0,"A","Hard",0.606404823985138,0.580719960725191
2019,"0",4,-1,"A","Hard",0.589691123213324,0.00631136195322003
2019,"1",175,0,"A","Hard",0.603065047961284,0.578218259859153
2019,"0",3,0,"A","Hard",0.589612500947971,0.568172477564179
2019,"0",306,-1,"A","Hard",0.613208499855192,0.00678003073702718
2019,"1",555,1,"A","Hard",0.632214350166856,0.996795206309711
2019,"0",129,0,"A","Hard",0.599481607563385,0.575537573362622
2019,"1",494,0,"A","Hard",0.62759360811942,0.59667359444879
2019,"1",209,1,"A","Hard",0.605706612204113,0.99652018689721
2019,"1",63,0,"A","Hard",0.594321597858515,0.571683634090783
2019,"0",241,-1,"A","Hard",0.608187163376406,0.00667632325350093
2019,"1",506,0,"A","Hard",0.628504480882438,0.597362871647213
2019,"0",162,0,"A","Hard",0.602053438876136,0.577461134517048
2019,"1",733,1,"A","Hard",0.645557179978926,0.996928137909914
2019,"0",325,0,"A","Hard",0.614671792784601,0.58692688263631
2019,"1",10898,1,"G","Hard",0.980208987826567,0.999746927095495
2019,"0",85,0,"G","Hard",0.596043977557079,0.590561649052631
2019,"1",321,0,"G","Hard",0.614363902385715,0.604112944328437
2019,"1",1175,1,"G","Hard",0.677692660687476,0.997427324708319
2019,"1",1140,1,"G","Hard",0.675203561164166,0.99740579290281
2019,"0",493,0,"G","Hard",0.627517661047061,0.613890810194835
2019,"0",219,0,"G","Hard",0.606482376304696,0.598274322325382
2019,"1",393,0,"G","Hard",0.61989171187339,0.608216633569686
2019,"0",1434,-1,"G","Hard",0.695793603365042,0.00951475520670626
2019,"0",76,0,"G","Hard",0.595339651125472,0.590041987749361
2019,"0",452,0,"G","Hard",0.624398449134538,0.611568042102861
2019,"1",1100,1,"G","Hard",0.672346711781031,0.997380964953145
2019,"0",542,-1,"G","Hard",0.631231602885071,0.00770375045253631
2019,"1",585,0,"G","Hard",0.634478029848257,0.619083906398523
2019,"1",19,0,"G","Hard",0.59086990518644,0.586746173805331
2019,"1",3515,1,"G","Hard",0.818101534318609,0.998526887102643
2019,"1",6686,1,"G","Hard",0.926485030157831,0.999308512139335
2019,"1",333,0,"G","Hard",0.615287298069612,0.604797928643472
2019,"0",6,0,"G","Hard",0.589848353992548,0.585993395917229
2019,"1",644,1,"G","Hard",0.638912563951125,0.99708061244629
2019,"0",883,-1,"G","Hard",0.656628871266505,0.00835171696693661
2019,"1",472,0,"G","Hard",0.625921323592959,0.612701740058767
2019,"0",419,0,"G","Hard",0.621880331245144,0.609694803485876
2019,"1",1405,1,"G","Hard",0.693795384947705,0.997564452062943
2019,"1",1717,1,"G","Hard",0.714900159289478,0.99773888687877
2019,"0",13,0,"G","Hard",0.590398516935811,0.586398788012653
2019,"1",733,0,"G","Hard",0.645557179978926,0.627380727523526
2019,"0",263,0,"G","Hard",0.609889315583197,0.60079646866283
2019,"1",1056,1,"G","Hard",0.669189367607093,0.99735338040227
2019,"1",232,0,"G","Hard",0.607490066828285,0.599020050015967
2019,"0",29,0,"G","Hard",0.591655180775192,0.587324958136298
2019,"1",3768,1,"G","Hard",0.830016827726005,0.998613114087015
2019,"0",2389,-1,"G","Hard",0.757249795916042,0.0119223458746093
2019,"1",766,0,"G","Hard",0.648006867929096,0.629220704139638
2019,"0",31,0,"G","Hard",0.591812179899881,0.587440686095977
2019,"1",820,1,"G","Hard",0.65199865565066,0.997200406186016
2019,"1",255,1,"G","Hard",0.609270658363353,0.996797400748044
2019,"0",85,0,"G","Hard",0.596043977557079,0.590561649052631
2019,"0",348,0,"G","Hard",0.616440375054407,0.605653580500833
2019,"0",1534,-1,"G","Hard",0.702627272672071,0.00974241179188671
2019,"1",1121,1,"G","Hard",0.673848166984634,0.997394029034247
2019,"0",347,0,"G","Hard",0.616363543824353,0.60559655712805
2019,"0",418,0,"G","Hard",0.621803921160178,0.609637987838944
2019,"0",440,-1,"G","Hard",0.623483539936584,0.0075198060057999
2019,"0",475,-1,"G","Hard",0.626149540602888,0.00758242767922277
2019,"1",453,0,"G","Hard",0.624474651601415,0.61162475579534
2019,"1",608,0,"G","Hard",0.636209508056927,0.620377987337409
2019,"0",4315,-1,"G","Hard",0.853645762704448,0.0187521220540728
2019,"1",2868,1,"G","Hard",0.784705971578566,0.998281242402109
2019,"1",366,0,"G","Hard",0.617822339767523,0.606679507931217
2019,"1",583,0,"G","Hard",0.634327301337798,0.618971297353275
2019,"1",940,1,"G","Hard",0.660792630128462,0.997279260680582
2019,"1",1349,1,"G","Hard",0.689916108497224,0.997531751316725
2019,"0",129,0,"G","Hard",0.599481607563385,0.593099284529958
2019,"0",59,0,"G","Hard",0.594008187048534,0.589059857421131
2019,"0",2676,-1,"G","Hard",0.773978990437188,0.0127571246765708
2019,"1",1749,1,"G","Hard",0.717014702101556,0.997756057201723
2019,"1",300,0,"G","Hard",0.612745980978455,0.602913239677887
2019,"0",846,0,"G","Hard",0.65391308106946,0.633665629724385
2019,"1",971,1,"G","Hard",0.663046781371289,0.997299268867144
2019,"1",1109,1,"G","Hard",0.672990626833035,0.997386571824424
2019,"1",76,0,"G","Hard",0.595339651125472,0.590041987749361
2019,"0",137,0,"G","Hard",0.600105591158908,0.59356014371465
2019,"1",7009,1,"G","Hard",0.93332124409621,0.999359799562567
2019,"1",10715,1,"G","Hard",0.979021893705455,0.999735628003017
2019,"0",950,-1,"G","Hard",0.661520578597668,0.0084852435245313
2019,"1",720,1,"G","Hard",0.644590042723867,0.99713295609899
2019,"0",630,0,"G","Hard",0.637862409885594,0.621614204298893
2019,"0",602,0,"G","Hard",0.635758156075206,0.620040565181215
2019,"1",1897,1,"G","Hard",0.726669857421666,0.997833793028393
2019,"0",23,0,"G","Hard",0.591184071295647,0.586977716396258
2019,"1",3507,1,"G","Hard",0.817714381301041,0.998524074948447
2019,"1",6415,1,"G","Hard",0.920257531878695,0.999262327404711
2019,"0",520,-1,"G","Hard",0.629566012261056,0.00766370220981632
2019,"0",5,0,"G","Hard",0.589769740896099,0.585935473235335
2019,"1",1559,1,"G","Hard",0.704321793416872,0.997652167670865
2019,"0",1438,-1,"G","Hard",0.696068643197471,0.00952375948315836
2019,"0",456,0,"G","Hard",0.624703222005194,0.611794878730595
2019,"0",51,-1,"G","Hard",0.593381135869994,0.0068574422684484
2019,"1",3502,1,"G","Hard",0.817472085670979,0.998522314630634
2019,"0",174,0,"G","Hard",0.602987263036101,0.595689463514074
2019,"1",906,1,"G","Hard",0.658311928518943,0.99725714620553
2019,"1",559,1,"G","Hard",0.632516513547956,0.997020940684237
2019,"0",520,0,"G","Hard",0.629566012261056,0.615417618674719
2019,"1",1578,1,"G","Hard",0.705605874866174,0.997662768981211
2019,"1",848,0,"G","Hard",0.654060139236719,0.633776465469475
2019,"0",179,0,"G","Hard",0.603376135528364,0.595976935203845
2019,"1",198,0,"G","Hard",0.604852656100573,0.597068725390888
2019,"1",2945,1,"G","Hard",0.788902806631704,0.998312497854526
2019,"0",823,-1,"G","Hard",0.652219803079541,0.00823391049897041
2019,"1",1319,1,"G","Hard",0.687826834216169,0.997514053276364
2019,"1",612,0,"G","Hard",0.636510276277703,0.620602870820247
2019,"1",795,1,"G","Hard",0.65015321870833,0.997183693483205
2019,"1",1418,1,"G","Hard",0.694692045087697,0.997571981287381
2019,"0",997,-1,"G","Hard",0.664931663202973,0.00858017242440715
2019,"1",7706,1,"G","Hard",0.946106395760053,0.999457888285337
2019,"1",11194,1,"G","Hard",0.981991147621073,0.999764190219728
2019,"1",1139,1,"G","Hard",0.675132297507849,0.997405175074418
2019,"0",1511,-1,"G","Hard",0.70106337794713,0.00968957778225775
2019,"1",3202,1,"G","Hard",0.80247458687286,0.998412768011096
2019,"1",5995,1,"G","Hard",0.909650771428149,0.999184585600565
2019,"1",1203,1,"G","Hard",0.679676716407639,0.99744442173783
2019,"1",165,0,"G","Hard",0.602286964860773,0.595171849075614
2019,"0",2735,-1,"G","Hard",0.777315089928078,0.0129357538320811
2019,"0",364,-1,"G","Hard",0.617668881766373,0.00738558934919299
2019,"1",1014,1,"G","Hard",0.666161252650475,0.997326779443049
2019,"1",830,1,"G","Hard",0.652735558426473,0.997207063542255
2019,"1",42,0,"G","Hard",0.592675339418201,0.588077016818426
2019,"1",3320,1,"G","Hard",0.808481803406595,0.998456791887445
2019,"1",899,1,"G","Hard",0.657800113290082,0.997252571021421
2019,"0",485,0,"G","Hard",0.626909858155462,0.613437990440427
2019,"1",7632,1,"G","Hard",0.94486711730281,0.999448230831569
2019,"0",10150,0,"G","Hard",0.974900463868961,0.940993375900854
2019,"1",3651,1,"G","Hard",0.824585494826448,0.998573883359239
2019,"1",4895,0,"G","Hard",0.875659008881303,0.819751620454754
2019,"0",548,0,"G","Hard",0.631685314438633,0.616998577382175
2019,"1",469,1,"G","Hard",0.62569305054934,0.996956432938671
2019,"1",1290,1,"G","Hard",0.685799916095514,0.997496824857492
2019,"0",2280,0,"G","Hard",0.750679998759025,0.708960241866091
2019,"1",6355,0,"G","Hard",0.91881506171974,0.865673882016234
2019,"1",2590,0,"G","Hard",0.769053117668216,0.723992190961976
2019,"0",6228,-1,"G","Hard",0.915683120626988,0.0292896689713494
2019,"0",605,0,"G","Hard",0.635983861981228,0.620209290785198
2019,"1",6220,0,"G","Hard",0.915482203755075,0.861881611832342
2019,"1",3403,1,"G","Hard",0.812623053377138,0.998487025418373
2019,"1",6410,0,"G","Hard",0.92013822568516,0.867193486782615
2019,"1",3820,0,"G","Hard",0.832387482502353,0.778683608236693
2019,"1",55,0,"D","Clay",0.593694699640092,0.705072263125656
2019,"1",72,0,"D","Clay",0.595026490892949,0.705915551290744
2019,"1",4529,0,"D","Hard",0.862121408383583,0.876256981113229
2019,"1",480,0,"D","Hard",0.626529777528471,0.729238352660481
2019,"0",460,0,"D","Clay",0.625007896095419,0.724773116600147
2019,"1",452,0,"D","Hard",0.624398449134538,0.727916390997132
2019,"1",662,0,"D","Clay",0.640260811872283,0.734288325070091
2019,"0",95,0,"D","Clay",0.596826098458479,0.707054228221724
2019,"1",460,0,"D","Hard",0.625007896095419,0.728294506493126
2019,"1",38,0,"D","Clay",0.592361529111099,0.704227570004858
2019,"0",5,0,"D","Hard",0.589769740896099,0.706274108931755
2019,"1",192,0,"D","Hard",0.604386591672488,0.715449913788057
2019,"0",34,0,"D","Clay",0.592047643451478,0.70402861487593
2019,"0",218,0,"D","Hard",0.606404823985138,0.716711942497962
2019,"0",39,0,"D","Hard",0.592439988761468,0.707955254142702
2019,"1",109,0,"D","Hard",0.597920240356594,0.711398564669038
2019,"0",219,0,"D","Clay",0.606482376304696,0.713148416503186
2019,"1",943,0,"D","Clay",0.661011094701488,0.747170520074746
2019,"1",93,0,"D","Hard",0.596669713520199,0.710613651650065
2019,"1",247,0,"D","Clay",0.608651649587798,0.714513989649772
2019,"1",31,0,"D","Clay",0.591812179899881,0.703879347637051
2019,"0",4257,0,"D","Hard",0.851275482665705,0.869041791262883
2019,"0",423,0,"D","Hard",0.622185911032492,0.726542963418857
2019,"0",45,0,"D","Clay",0.592910647555353,0.704575554748545
2019,"1",526,0,"D","Hard",0.6300205719508,0.731401359450012
2019,"1",648,0,"D","Hard",0.639212364709935,0.737084799743598
2019,"0",172,0,"D","Hard",0.602831677570717,0.714476821790988
2019,"1",568,0,"D","Clay",0.633196000343976,0.729886669259327
2019,"1",928,0,"D","Clay",0.659918087595662,0.746493404837661
2019,"1",388,0,"D","Hard",0.619508820944984,0.724879632781406
2019,"0",16,0,"D","Clay",0.590634231884908,0.703132357818823
2019,"1",428,0,"D","Hard",0.622567749275175,0.726780069494276
2019,"0",40,0,"D","Hard",0.592518443698586,0.708004613943681
2019,"1",904,0,"D","Clay",0.658165733154355,0.745407532235462
2019,"1",452,0,"D","Hard",0.624398449134538,0.727916390997132
2019,"0",175,0,"D","Hard",0.603065047961284,0.714622912903645
2019,"0",40,0,"D","Clay",0.592518443698586,0.704327018475315
2019,"1",90,0,"D","Clay",0.596435099277561,0.706806909481872
2019,"0",96,0,"D","Hard",0.596904283549581,0.710760919203098
2019,"1",374,0,"D","Hard",0.618435936516627,0.72421254560841
2019,"1",787,0,"D","Clay",0.649561724786876,0.74007020420969
2019,"1",8,0,"D","Hard",0.590005566411476,0.706422672509661
2019,"1",194,0,"D","Hard",0.604541967602032,0.715547113063012
2019,"1",880,0,"D","Clay",0.656409050518306,0.744318601490952
2019,"1",448,0,"D","Hard",0.62409357769296,0.727727209729169
2019,"0",202,0,"D","Hard",0.605163259928492,0.715935710053869
2019,"0",514,0,"D","Clay",0.629111222866425,0.727337386539993
2019,"0",3,0,"D","Hard",0.589612500947971,0.706175042153764
2019,"1",313,0,"D","Clay",0.613747847170871,0.71771734257006
2019,"0",462,0,"A","Hard",0.625160196032481,0.594833661587708
2019,"1",654,0,"A","Hard",0.639661862401699,0.605831575703885
2019,"0",57,0,"A","Hard",0.593851452904326,0.571332837018499
2019,"1",425,0,"A","Hard",0.622338664548286,0.592702916369404
2019,"0",232,-1,"A","Hard",0.607490066828285,0.00666208849426388
2019,"1",567,1,"A","Hard",0.633120527899764,0.996804345527559
2019,"1",679,0,"A","Hard",0.641532127922736,0.60725599538676
2019,"1",637,0,"A","Hard",0.638387652196574,0.604861940431893
2019,"1",414,0,"A","Hard",0.62149822036725,0.592068774683339
2019,"0",110,0,"A","Hard",0.597998356184768,0.57442902566191
2019,"1",989,1,"A","Hard",0.664352256145118,0.997109739673709
2019,"1",95,1,"A","Hard",0.596826098458479,0.996424518500998
2019,"0",685,-1,"A","Hard",0.641980354225699,0.0074173750632876
2019,"1",295,1,"A","Hard",0.612360393191154,0.996590665945802
2019,"1",304,0,"A","Hard",0.613054349539842,0.585710813143206
2019,"1",94,0,"A","Hard",0.596747908447463,0.573494930586734
2019,"1",649,0,"A","Hard",0.639287297958412,0.605546474982482
2019,"1",153,0,"A","Hard",0.601352582502415,0.57693675730223
2019,"1",635,1,"A","Hard",0.638237616649356,0.996855645859072
2019,"1",825,1,"A","Hard",0.652367198247837,0.996994674611565
2019,"1",687,0,"A","Hard",0.642129707897337,0.607711425799134
2019,"1",519,0,"A","Hard",0.629490229961709,0.598109154715491
2019,"1",735,0,"A","Hard",0.645705864992403,0.610440048964997
2019,"1",240,0,"A","Hard",0.608109729933428,0.581998306348947
2019,"1",1466,1,"A","Hard",0.697989990968586,0.997420037342118
2019,"0",1919,-1,"A","Hard",0.72808741189584,0.00993339420393161
2019,"0",48,0,"A","Hard",0.593145913072674,0.57080650708082
2019,"1",391,1,"A","Hard",0.619738573374703,0.996667661109424
2019,"1",417,1,"A","Hard",0.621727505026588,0.996688214068453
2019,"1",1140,1,"A","Hard",0.675203561164166,0.997211795129486
2019,"0",247,-1,"A","Hard",0.608651649587798,0.00668582987258157
2019,"1",466,1,"A","Hard",0.625464721559892,0.996726605675485
2019,"1",37,0,"A","Hard",0.592283064751197,0.570162997520743
2019,"0",493,-1,"A","Hard",0.627517661047061,0.00708739604513024
2019,"1",308,1,"A","Hard",0.613362627490237,0.99660119526469
2019,"1",1488,1,"A","Hard",0.699494776194238,0.99743351826919
2019,"0",475,-1,"A","Hard",0.626149540602888,0.00705721805313672
2019,"1",344,1,"A","Hard",0.616133015285985,0.996630184548141
2019,"0",1158,-1,"A","Hard",0.676484917255522,0.00829677325670091
2019,"1",4767,1,"A","Hard",0.871059279905845,0.998825226242653
2019,"0",940,-1,"A","Hard",0.660792630128462,0.00787931109313974
2019,"0",105,-1,"A","Hard",0.597607727369377,0.00646440526736662
2019,"1",412,1,"A","Hard",0.621345333745406,0.996684271412633
2019,"1",1070,0,"A","Hard",0.670195648080274,0.629283184869344
2019,"1",950,1,"A","Hard",0.661520578597668,0.99708278115618
2019,"0",1777,-1,"A","Hard",0.718857118233425,0.00960545522737324
2019,"0",132,0,"A","Hard",0.59971563934066,0.575712538060463
2019,"1",3999,0,"A","Hard",0.840346259259302,0.77354468828885
2019,"0",475,-1,"A","Hard",0.626149540602888,0.00705721805313672
2019,"1",1134,1,"A","Hard",0.674775857605474,0.997207809357432
2019,"0",743,-1,"A","Hard",0.646300323259347,0.00752002297903922
2019,"1",4767,1,"A","Hard",0.871059279905845,0.998825226242653
2019,"1",190,0,"A","Hard",0.604231194660776,0.579091409123911
2019,"1",3210,0,"A","Hard",0.802886305071319,0.73886228485593
2019,"0",3190,0,"A","Hard",0.801855794609436,0.737939930833914
2019,"1",5325,0,"A","Hard",0.890091041345149,0.824192674248122
2019,"1",2645,0,"A","Hard",0.772212002397192,0.71201098716171
2019,"1",5700,0,"A","Hard",0.901457258765339,0.836791468219725
2019,"0",2290,0,"A","Hard",0.751287651372027,0.694324525789668
2019,"1",2035,0,"A","Hard",0.735485159179127,0.681252709709368
2019,"1",7775,0,"A","Hard",0.947238231667491,0.893780099732073
2019,"1",3265,0,"A","Hard",0.80569933875886,0.741387912233809
2019,"0",2240,0,"A","Hard",0.748239489017913,0.691785095419659
2019,"1",578,0,"A","Hard",0.633950364974425,0.601490374408272
2019,"1",437,0,"A","Hard",0.623254674686292,0.593394355161226
2019,"0",375,0,"A","Hard",0.618512609588395,0.589817995978658
2019,"0",401,0,"A","Hard",0.620504026986111,0.591318939200205
2019,"1",399,1,"A","Hard",0.620350984093696,0.996673998600379
2019,"0",635,-1,"A","Hard",0.638237616649356,0.00733000245464806
2019,"1",823,0,"A","Hard",0.652219803079541,0.615424499322417
2019,"0",285,0,"A","Hard",0.611588795638604,0.584609658433342
2019,"1",794,0,"A","Hard",0.65007930718008,0.613784515269503
2019,"0",789,0,"A","Hard",0.649709641459184,0.613501497102647
2019,"0",525,-1,"A","Hard",0.629944827983508,0.00714136250166774
2019,"1",669,1,"A","Hard",0.640784534562051,0.99688098733792
2019,"0",28,-1,"A","Hard",0.591576674196936,0.00634739935711961
2019,"1",69,1,"A","Hard",0.594791569933969,0.996402334953167
2019,"1",673,0,"A","Hard",0.641083654190696,0.606914300059336
2019,"1",46,0,"A","Hard",0.592989074134945,0.570689523079337
2019,"0",145,0,"A","Hard",0.600729250089305,0.57647049861285
2019,"1",290,0,"A","Hard",0.611974664600463,0.584899518393391
2019,"1",418,1,"A","Hard",0.621803921160178,0.996689002038733
2019,"0",928,-1,"A","Hard",0.659918087595662,0.00785694647054302
2019,"1",149,0,"A","Hard",0.601040957226119,0.576703645034583
2019,"0",294,0,"A","Hard",0.612283258723466,0.585131364072307
2019,"1",360,0,"A","Hard",0.61736189537646,0.588951303773847
2019,"1",850,0,"A","Hard",0.654207167960213,0.616949027295396
2019,"0",764,-1,"A","Hard",0.647858621940559,0.00755753519551702
2019,"1",1518,1,"A","Hard",0.701539845228573,0.997451788192587
2019,"0",886,-1,"A","Hard",0.656848624899208,0.00777916510243189
2019,"1",582,0,"A","Hard",0.634251927211712,0.601719263513895
2019,"1",394,1,"A","Hard",0.619968272176358,0.996670039077694
2019,"1",2014,1,"A","Hard",0.734155509062226,0.997735718558294
2019,"0",148,0,"A","Hard",0.600963038107315,0.576645361627235
2019,"1",1278,1,"A","Hard",0.684959108615892,0.997301918084509
2019,"1",32,0,"A","Hard",0.591890672438862,0.569870414638165
2019,"1",21,1,"A","Hard",0.591026997533423,0.99636101980516
2019,"0",611,-1,"A","Hard",0.636435094218924,0.00728842723478917
2019,"1",1450,1,"A","Hard",0.696892921319991,0.997410188691757
2019,"1",719,1,"A","Hard",0.644515598504369,0.99691788481671
2019,"0",6,0,"A","Hard",0.589848353992548,0.568348201248005
2019,"0",1240,-1,"A","Hard",0.682288562949949,0.00845941477739495
2019,"0",2449,-1,"A","Hard",0.760815629091627,0.0112582326304724
2019,"0",451,0,"A","Hard",0.624322240506977,0.594200566034527
2019,"1",1735,1,"A","Hard",0.716090758264468,0.997580133898419
2019,"0",572,-1,"A","Hard",0.633497824763161,0.00722136619517345
2019,"0",770,0,"A","Hard",0.648303274336719,0.612425329986785
2019,"0",355,0,"A","Hard",0.616978030691224,0.588662283378769
2019,"0",1280,0,"A","Hard",0.685099327578922,0.640901713362036
2019,"1",720,1,"A","Hard",0.644590042723867,0.996918618310576
2019,"1",385,0,"A","Hard",0.619279014977617,0.590395481437534
2019,"1",350,0,"A","Hard",0.616594020070031,0.588373201797547
2019,"0",1170,0,"A","Hard",0.677337687394984,0.634835436896067
2019,"0",343,-1,"A","Hard",0.616056160835123,0.00683977718374115
2019,"0",79,-1,"A","Hard",0.595574470386347,0.0064246591004546
2019,"1",82,0,"A","Hard",0.595809245896646,0.572794014637965
2019,"1",389,1,"A","Hard",0.619585411041318,0.996666074857064
2019,"1",3035,1,"A","Hard",0.793731852719774,0.998224671120345
2019,"0",1706,-1,"A","Hard",0.714171095205064,0.00944552935315616
2019,"1",624,0,"A","Hard",0.637411939888573,0.604119897126215
2019,"1",11,0,"A","Hard",0.59024135054874,0.568641035802468
2019,"1",800,0,"A","Hard",0.650522668113361,0.614124035581368
2019,"0",410,0,"A","Hard",0.621192423008733,0.591838101552786
2019,"0",1565,-1,"A","Hard",0.704727643823488,0.00913570901323902
2019,"0",946,-1,"A","Hard",0.661229490707177,0.00789051707600415
2019,"1",2004,1,"A","Hard",0.733520845884335,0.997730318457432
2019,"0",1146,-1,"A","Hard",0.675630972633337,0.00827323359124885
2019,"1",240,0,"A","Hard",0.608109729933428,0.581998306348947
2019,"1",44,0,"A","Hard",0.592832216240223,0.570572531180239
2019,"1",848,0,"A","Hard",0.654060139236719,0.616836177740423
2019,"1",10,0,"A","Hard",0.59016276044013,0.568582472724119
2019,"0",570,-1,"A","Hard",0.633346925631371,0.00721794372747715
2019,"0",371,-1,"A","Hard",0.618205881905137,0.00688533800692214
2019,"1",1374,1,"A","Hard",0.691651274438432,0.997362893091683
2019,"1",981,1,"A","Hard",0.663772353794286,0.997104230048233
2019,"0",204,0,"A","Hard",0.60531853001982,0.579905902403777
2019,"0",630,0,"A","Hard",0.637862409885594,0.60446243845419
2019,"0",65,0,"A","Hard",0.594478274465149,0.571800550456786
2019,"1",322,0,"A","Hard",0.614440883576392,0.586753222967853
2019,"1",1752,1,"A","Hard",0.717212453100733,0.997589911920691
2019,"1",863,1,"A","Hard",0.655162135440276,0.997021736052518
2019,"0",2213,-1,"A","Hard",0.746583210100777,0.0106480003158568
2019,"1",277,1,"A","Hard",0.610971114408385,0.996576033201827
2019,"0",481,0,"A","Hard",0.626605806170726,0.595926446576143
2019,"0",197,0,"A","Hard",0.60477499190491,0.579498709871072
2019,"0",1092,0,"A","Hard",0.671773797605588,0.630507674306835
2019,"0",823,0,"A","Hard",0.652219803079541,0.615424499322417
2019,"1",3240,1,"A","Hard",0.804424479834474,0.998309326195392
2019,"1",9269,1,"A","Hard",0.96685695547134,0.999598679086249
2019,"1",2376,1,"A","Hard",0.756472455836501,0.99792280551224
2019,"0",584,0,"A","Hard",0.634402668884351,0.601833691398137
2019,"0",985,0,"A","Hard",0.664062366798553,0.624536689381568
2019,"1",117,0,"A","Hard",0.598545027484727,0.574837525655816
2019,"1",1525,1,"A","Hard",0.702015875873343,0.997456032474554
2019,"0",680,0,"A","Hard",0.641606849506616,0.607312934409574
2019,"1",752,0,"A","Hard",0.646968548478775,0.611404790056755
2019,"0",21,0,"A","Hard",0.591026997533423,0.569226560758046
2019,"1",1109,1,"A","Hard",0.672990626833035,0.997191140724762
2019,"0",1027,-1,"A","Hard",0.667100005985688,0.00804335425744135
2019,"1",1995,1,"A","Hard",0.732948824868665,0.99772544738131
2019,"1",700,1,"A","Hard",0.643099833242732,0.996903915314748
2019,"0",798,0,"A","Hard",0.650374910009968,0.614010874462043
2019,"1",801,1,"A","Hard",0.650596536327223,0.996977457009151
2019,"1",4182,1,"A","Hard",0.848163597798314,0.998649375478712
2019,"1",9453,1,"A","Hard",0.968720277243579,0.99961592071378
2019,"1",3085,1,"A","Hard",0.796379110666512,0.998245700982839
2019,"1",267,0,"A","Hard",0.610198511800478,0.58356567906667
2019,"1",1615,1,"A","Hard",0.708097100204459,0.997509977763117
2019,"1",607,0,"A","Hard",0.636134299351323,0.603148809400146
2019,"1",440,0,"A","Hard",0.623483539936584,0.593567157158244
2019,"1",1672,1,"A","Hard",0.711910571261112,0.997543551368164
2019,"1",4358,1,"A","Hard",0.855382768032518,0.998704880430088
2019,"1",8345,0,"A","Hard",0.955764212836135,0.906024706258115
2019,"0",675,0,"A","Hard",0.641233172886857,0.607028210147822
2019,"0",323,0,"A","Hard",0.614517859042048,0.586811111924066
2019,"1",1605,0,"A","Hard",0.70742501861194,0.658557620879389
2019,"1",7810,0,"A","Hard",0.947803736055812,0.894570805949732
2019,"1",995,0,"A","Hard",0.664786857944555,0.625096364376212
2019,"1",9174,1,"A","Hard",0.96585339176085,0.99958947647092
2019,"0",360,0,"M","Hard",0.61736189537646,0.569242280861121
2019,"0",37,0,"M","Hard",0.592283064751197,0.550241064888484
2019,"1",1175,1,"M","Hard",0.677692660687476,0.997002724883987
2019,"0",869,-1,"M","Hard",0.655602468090702,0.00715028664423914
2019,"0",664,0,"M","Hard",0.640410481081277,0.586942425525693
2019,"0",330,0,"M","Hard",0.615056526713536,0.567485147144719
2019,"1",1071,0,"M","Hard",0.67026746575858,0.610284958287037
2019,"1",708,0,"M","Hard",0.643696251275058,0.589486899812566
2019,"1",348,1,"M","Hard",0.616440375054407,0.996350850465922
2019,"1",1031,1,"M","Hard",0.667388586993552,0.996898212796379
2019,"1",184,0,"M","Hard",0.60376487741801,0.5589102903104
2019,"0",128,0,"M","Hard",0.599403586878334,0.555611668417122
2019,"1",215,0,"M","Hard",0.606172134863305,0.560734098608456
2019,"0",850,0,"M","Hard",0.654207167960213,0.597665373155273
2019,"1",1180,1,"M","Hard",0.678047429082255,0.99700629001157
2019,"0",1811,-1,"M","Hard",0.721084490289332,0.00893745974366768
2019,"0",47,0,"M","Hard",0.593067495975289,0.550831837372846
2019,"0",125,0,"M","Hard",0.599169494596128,0.555434815471758
2019,"1",715,0,"M","Hard",0.644217751737122,0.589891265158528
2019,"1",965,0,"M","Hard",0.662611068525078,0.604249419708315
2019,"1",1375,1,"M","Hard",0.691720569085561,0.997142080979214
2019,"1",375,1,"M","Hard",0.618512609588395,0.996374212929577
2019,"1",1395,0,"M","Hard",0.693104646359219,0.628518065662155
2019,"1",205,0,"M","Hard",0.605396157097385,0.560145950117272
2019,"1",6035,1,"M","Hard",0.910713308818055,0.99905875484869
2019,"1",1194,1,"M","Hard",0.67903968806278,0.997016249892569
2019,"1",270,0,"M","Hard",0.610430350858482,0.563965824030373
2019,"1",3350,1,"M","Hard",0.809986647498599,0.998214601846723
2019,"1",3723,1,"M","Hard",0.827943844724605,0.998366474486179
2019,"0",113,1,"M","Hard",0.598232673806191,0.996141072290732
2019,"1",959,1,"M","Hard",0.662175079324279,0.99684460230447
2019,"1",1397,1,"M","Hard",0.693242863531271,0.997157010155507
2019,"1",1560,1,"M","Hard",0.704389457624806,0.997265225853319
2019,"1",2133,1,"M","Hard",0.741633621333461,0.997614053340655
2019,"0",732,0,"M","Hard",0.645482826921256,0.590872788533628
2019,"1",4055,1,"M","Hard",0.842772475803368,0.998490768287405
2019,"1",1911,1,"M","Hard",0.727572470804816,0.997484508624003
2019,"0",1132,-1,"M","Hard",0.67463322493261,0.00761012739690801
2019,"1",295,1,"M","Hard",0.612360393191154,0.996304553769365
2019,"1",9145,1,"M","Hard",0.96554124300352,0.999551821884791
2019,"1",4940,0,"M","Hard",0.877242342890932,0.797739595902215
2019,"1",2924,1,"M","Hard",0.787764188844522,0.998023837223239
2019,"1",3475,0,"M","Hard",0.816159366270068,0.735451577401662
2019,"0",354,0,"M","Hard",0.616901240228309,0.568890992119539
2019,"0",665,0,"M","Hard",0.64048530544537,0.587000306633321
2019,"1",4781,1,"M","Hard",0.871569350190016,0.998730643756653
2019,"1",2387,1,"M","Hard",0.757130314941359,0.997754126859465
2019,"1",8470,0,"M","Hard",0.95745001758471,0.901589046160288
2019,"0",2945,0,"M","Hard",0.788902806631704,0.71011115350659
2019,"0",2694,0,"M","Hard",0.775000520766982,0.697621721960752
2019,"1",2685,0,"M","Hard",0.774490165605672,0.697168263885731
2019,"0",6735,0,"M","Hard",0.927562138712709,0.858243723837776
2019,"1",1964,0,"M","Hard",0.730972566039414,0.659644895244139
2019,"1",1335,0,"M","Hard",0.688942071297795,0.625167336645806
2019,"1",780,0,"M","Hard",0.649043790125852,0.593640218033936
2019,"1",546,0,"A","Hard",0.631534103099048,0.599657671821531
2019,"0",130,0,"A","Hard",0.599559623204541,0.575595897034341
2019,"1",578,0,"A","Hard",0.633950364974425,0.601490374408272
2019,"0",363,0,"A","Hard",0.617592143962278,0.589124686563979
2019,"0",176,0,"A","Hard",0.603142827676685,0.578276485090334
2019,"0",500,0,"A","Hard",0.628049158198963,0.597018280945014
2019,"1",1120,1,"A","Hard",0.673776749623081,0.99719848711309
2019,"0",402,-1,"A","Hard",0.620580539445856,0.00693613196257744
2019,"1",236,1,"A","Hard",0.607799941792027,0.996542469002909
2019,"0",92,0,"A","Hard",0.596591513680349,0.573378131682986
2019,"0",667,0,"A","Hard",0.640634933677675,0.606572500052255
2019,"0",277,0,"A","Hard",0.610971114408385,0.584145760773649
2019,"0",139,0,"A","Hard",0.600261536401284,0.576120715157556
2019,"1",481,0,"A","Hard",0.626605806170726,0.595926446576143
2019,"0",4,0,"A","Hard",0.589691123213324,0.568231054034373
2019,"1",395,1,"A","Hard",0.620044826510615,0.99667083135789
2019,"1",507,1,"A","Hard",0.628580345839614,0.996758388170654
2019,"1",847,1,"A","Hard",0.653986613832171,0.99701037149948
2019,"1",240,1,"A","Hard",0.608109729933428,0.996545757941148
2019,"1",943,1,"A","Hard",0.661011094701488,0.997077915976777
2019,"0",341,0,"A","Hard",0.615902434546694,0.587852701358023
2019,"1",754,0,"A","Hard",0.647116965074598,0.611518231808072
2019,"1",165,0,"A","Hard",0.602286964860773,0.577635888193236
2019,"0",188,0,"A","Hard",0.604075776595425,0.578975017679319
2019,"0",2,0,"A","Hard",0.589533874103793,0.568113899187167
2019,"0",194,0,"A","Hard",0.604541967602032,0.579324165628103
2019,"1",270,0,"A","Hard",0.610430350858482,0.583739727956437
2019,"1",517,1,"A","Hard",0.629338646233712,0.996766093224718
2019,"1",309,1,"A","Hard",0.613439682794041,0.99660200386869
2019,"0",558,-1,"A","Hard",0.632440982451348,0.00719744271031876
2019,"1",547,0,"A","Hard",0.631609712002093,0.599714986297603
2019,"0",45,0,"A","Hard",0.592910647555353,0.570631028116206
2019,"0",26,0,"A","Hard",0.591419647027235,0.569519250765759
2019,"0",144,0,"A","Hard",0.600651310541475,0.576412206682422
2019,"1",57,0,"A","Hard",0.593851452904326,0.571332837018499
2019,"0",405,0,"A","Hard",0.620810040839225,0.591549703245701
2019,"0",1449,-1,"A","Hard",0.696824279733784,0.0088883870951837
2019,"1",2275,1,"A","Hard",0.750375800878773,0.997872216064844
2019,"0",412,-1,"A","Hard",0.621345333745406,0.00695259635172657
2019,"1",1003,1,"A","Hard",0.665365892665571,0.99711935637873
2019,"1",111,0,"A","Hard",0.598076467038191,0.574487389039053
2019,"1",797,1,"A","Hard",0.650301020126119,0.996974577863008
2019,"0",1388,-1,"A","Hard",0.692620613140069,0.00876100384731274
2019,"1",966,1,"A","Hard",0.662683706539341,0.997093871258814
2019,"0",580,-1,"A","Hard",0.634101159233416,0.00723507218334344
2019,"0",896,-1,"A","Hard",0.657580651340632,0.0077976148976706
2019,"1",140,1,"A","Hard",0.600339501404073,0.996462591486893
2019,"0",157,-1,"A","Hard",0.60166412568732,0.00654463192267509
2019,"0",195,-1,"A","Hard",0.604619647652079,0.00660388386332911
2019,"0",163,-1,"A","Hard",0.602131286038929,0.0065539522597301
2019,"0",523,0,"A","Hard",0.629793320862154,0.598338689014143
2019,"1",712,1,"A","Hard",0.643994293360522,0.996912745483628
2019,"1",834,1,"A","Hard",0.65303011499254,0.997001105972735
2019,"1",645,1,"A","Hard",0.638987524299487,0.996863120466851
2019,"0",140,-1,"A","Hard",0.600339501404073,0.00651829574535505
2019,"1",771,1,"A","Hard",0.648377358094845,0.996955796650973
2019,"0",216,0,"A","Hard",0.606249703260903,0.580603693468495
2019,"0",1944,-1,"A","Hard",0.729692666493299,0.009992266741425
2019,"1",246,0,"A","Hard",0.608574248861367,0.582346755720529
2019,"0",2235,-1,"A","Hard",0.74793331330915,0.0107034754080065
2019,"0",789,-1,"A","Hard",0.649709641459184,0.00760243478452981
2019,"0",2195,-1,"A","Hard",0.745475033261981,0.0106028232380395
2019,"1",232,1,"A","Hard",0.607490066828285,0.996539176944
2019,"0",415,0,"A","Hard",0.621574654626806,0.592126436632124
2019,"0",205,0,"A","Hard",0.605396157097385,0.579964063901121
2019,"1",183,0,"A","Hard",0.603687139509756,0.578684000688178
2019,"1",635,1,"A","Hard",0.638237616649356,0.996855645859072
2019,"1",595,1,"A","Hard",0.635231276756811,0.996825569465393
2019,"1",1025,1,"A","Hard",0.66695566845438,0.997134403922476
2019,"0",549,0,"A","Hard",0.631760910405504,0.599829607061673
2019,"1",1036,1,"A","Hard",0.667749136692062,0.9971418982769
2019,"1",249,0,"A","Hard",0.608806434642031,0.582520949602972
2019,"0",639,0,"A","Hard",0.638537660759576,0.604976058160958
2019,"1",316,1,"A","Hard",0.613978910676958,0.996607658731118
2019,"0",289,-1,"A","Hard",0.611897502023942,0.00675275373286297
2019,"1",1204,1,"A","Hard",0.679747456062783,0.997253958607125
2019,"0",114,0,"A","Hard",0.598310769713475,0.574662466709483
2019,"1",826,1,"A","Hard",0.652440884888272,0.996995389885773
2019,"0",1478,-1,"A","Hard",0.69881131300374,0.00894958841523661
2019,"1",230,0,"A","Hard",0.607335096858446,0.581417375628835
2019,"1",292,1,"A","Hard",0.6121289729055,0.996588231490179
2019,"0",3065,-1,"A","Hard",0.795323253080856,0.0130186940671389
2019,"1",1487,1,"A","Hard",0.699426469691937,0.997432907026791
2019,"1",747,0,"A","Hard",0.646597382993748,0.611121132897227
2019,"0",150,0,"A","Hard",0.601118871228639,0.576761926307299
2019,"1",152,0,"A","Hard",0.601274683870395,0.576878482442666
2019,"0",46,0,"A","Hard",0.592989074134945,0.570689523079337
2019,"0",987,-1,"A","Hard",0.664207326939408,0.00796751558004556
2019,"1",1105,1,"A","Hard",0.672704522653174,0.997188464550643
2019,"1",1911,1,"A","Hard",0.727572470804816,0.997679478048571
2019,"1",1806,1,"A","Hard",0.7207576149572,0.997620710830818
2019,"0",127,0,"A","Hard",0.59932556115302,0.575420919709607
2019,"0",136,0,"A","Hard",0.600027610926563,0.575945794800099
2019,"1",6,0,"A","Hard",0.589848353992548,0.568348201248005
2019,"1",77,0,"A","Hard",0.595417929067473,0.572501879867649
2019,"1",735,1,"A","Hard",0.645705864992403,0.996929599859091
2019,"0",825,-1,"A","Hard",0.652367198247837,0.00766755560353183
2019,"1",1740,1,"A","Hard",0.716420947157002,0.997583013888231
2019,"1",545,0,"A","Hard",0.631458487732659,0.59960035461802
2019,"0",113,0,"A","Hard",0.598232673806191,0.574604109564392
2019,"0",967,0,"A","Hard",0.662756336874465,0.623528436321915
2019,"0",146,0,"A","Hard",0.600807184535296,0.576528788414825
2019,"1",828,0,"A","Hard",0.652588236267687,0.61570699139769
2019,"1",2610,1,"A","Hard",0.770205338192634,0.998035448418706
2019,"1",1790,1,"A","Hard",0.719710038548596,0.997611626389395
2019,"1",718,1,"A","Hard",0.644441147293,0.996917151148782
2019,"0",569,-1,"A","Hard",0.633271466255557,0.00721623309751731
2019,"0",64,0,"A","Hard",0.594399938564774,0.571742093275073
2019,"0",130,0,"A","Hard",0.599559623204541,0.575595897034341
2019,"0",284,0,"A","Hard",0.611511605039775,0.584551679408241
2019,"0",325,0,"A","Hard",0.614671792784601,0.58692688263631
2019,"1",6450,1,"A","Hard",0.921088126430049,0.999213646242372
2019,"1",3855,1,"A","Hard",0.833968199634454,0.99853986626739
2019,"1",80,0,"A","Hard",0.59565273375586,0.572677166810955
2019,"1",1945,1,"A","Hard",0.729756752437931,0.997698195299223
2019,"1",614,0,"A","Hard",0.636660620383938,0.603548767962556
2019,"1",885,1,"A","Hard",0.656775381150131,0.997037292017885
2019,"1",1685,1,"A","Hard",0.712776145425987,0.997551145046153
2019,"1",1706,1,"A","Hard",0.714171095205064,0.997563362321074
2019,"0",1077,-1,"A","Hard",0.670698204869109,0.00813916020148531
2019,"0",240,0,"A","Hard",0.608109729933428,0.581998306348947
2019,"0",1302,-1,"A","Hard",0.686639506168552,0.008584482643044
2019,"1",1188,0,"A","Hard",0.678614631602002,0.63583109401142
2019,"1",2931,1,"A","Hard",0.788144225932578,0.998180119479128
2019,"1",1113,1,"A","Hard",0.673276602384617,0.997193814358719
2019,"1",760,1,"A","Hard",0.647562044509454,0.996947815804968
2019,"1",359,0,"A","Hard",0.617285134134611,0.588893504598674
2019,"1",5893,1,"A","Hard",0.906889600305142,0.999101903459988
2019,"1",3925,1,"A","Hard",0.83709378287941,0.998564031020429
2019,"1",285,0,"A","Hard",0.611588795638604,0.584609658433342
2019,"0",835,0,"A","Hard",0.653103735836175,0.616102349179684
2019,"0",1372,-1,"A","Hard",0.691512659252941,0.00872789246852718
2019,"1",1465,1,"A","Hard",0.697921490133667,0.997419422897361
2019,"1",2672,1,"A","Hard",0.773751538316725,0.998064258405279
2019,"1",974,1,"A","Hard",0.663264533984913,0.997099400536066
2019,"1",5130,0,"A","Hard",0.883737439645338,0.817344650491032
2019,"1",3755,1,"A","Hard",0.829420014034145,0.998504639147281
2019,"1",237,0,"A","Hard",0.607877396975769,0.581824050941944
2019,"0",310,0,"A","Hard",0.613516732417445,0.586058368874072
2019,"1",3210,0,"A","Hard",0.802886305071319,0.73886228485593
2019,"1",2540,0,"A","Hard",0.766154914563788,0.706843455420518
2019,"1",5510,1,"A","Hard",0.895835411778276,0.99901599393091
2019,"1",3135,0,"A","Hard",0.799000997148452,0.735392648444978
2019,"1",180,0,"M","Hard",0.603453894368817,0.558674843299734
2019,"1",302,0,"M","Hard",0.61290017657174,0.565843621525854
2019,"0",376,0,"M","Hard",0.618589276755187,0.570178709254713
2019,"1",413,0,"M","Hard",0.621421780072343,0.572342266686139
2019,"0",463,0,"M","Hard",0.625236336712568,0.575261587824855
2019,"1",919,0,"M","Hard",0.65926146425598,0.601620189981538
2019,"1",470,0,"M","Hard",0.625769147784424,0.575669878995981
2019,"0",470,0,"M","Hard",0.625769147784424,0.575669878995981
2019,"1",390,0,"M","Hard",0.619661995185674,0.570997672570116
2019,"1",505,0,"M","Hard",0.628428609589411,0.577709775440677
2019,"1",15,0,"M","Hard",0.590555664857731,0.548940868788912
2019,"0",180,0,"M","Hard",0.603453894368817,0.558674843299734
2019,"1",230,0,"M","Hard",0.607335096858446,0.561616001082464
2019,"1",534,0,"M","Hard",0.630626293027344,0.579397972584809
2019,"0",99,0,"M","Hard",0.597138809266786,0.553901506321518
2019,"0",702,0,"M","Hard",0.643248979424235,0.58914020464558
2019,"1",8114,1,"M","Hard",0.95247993401076,0.999426811373241
2019,"1",410,1,"M","Hard",0.621192423008733,0.99640427593686
2019,"0",1475,-1,"M","Hard",0.698606101654941,0.00825419259328322
2019,"0",1630,-1,"M","Hard",0.709103519030905,0.00856270442472876
2019,"1",262,0,"M","Hard",0.609812002717611,0.563496085708733
2019,"1",822,1,"M","Hard",0.652146094557296,0.996740029623266
2019,"0",910,-1,"M","Hard",0.658604228990263,0.00722011428226841
2019,"1",3310,1,"M","Hard",0.807978171949757,0.998197500642357
2019,"1",4145,1,"M","Hard",0.846608810073729,0.998522804312038
2019,"0",848,-1,"M","Hard",0.654060139236719,0.00711478133565788
2019,"0",733,-1,"M","Hard",0.645557179978926,0.00692342910366998
2019,"0",4855,-1,"M","Hard",0.874236921544623,0.018310915257637
2019,"1",2515,1,"M","Hard",0.764696369516278,0.997821574812363
2019,"0",880,-1,"M","Hard",0.656409050518306,0.00716895480991382
2019,"0",1495,-1,"M","Hard",0.699972673662566,0.00829337263087253
2019,"1",8961,1,"M","Hard",0.963495683494653,0.999531704157377
2019,"1",7315,0,"M","Hard",0.939248788572251,0.874270026887943
2019,"1",30,0,"M","Hard",0.591733682677416,0.549827439715342
2019,"1",1328,1,"M","Hard",0.688454423897594,0.997109924425782
2019,"0",2875,-1,"M","Hard",0.785089990870621,0.0114925366389173
2019,"0",4018,-1,"M","Hard",0.841172821190249,0.0150441236824663
2019,"1",232,0,"M","Hard",0.607490066828285,0.561733558796924
2019,"1",2135,1,"M","Hard",0.741758125702804,0.997615189632404
2019,"1",8835,1,"M","Hard",0.962028039759378,0.999517409635938
2019,"1",7995,1,"M","Hard",0.950698835592371,0.9994103027033
2019,"0",890,-1,"M","Hard",0.657141525213682,0.00718596785467041
2019,"1",360,0,"M","Hard",0.61736189537646,0.569242280861121
2019,"1",5715,0,"M","Hard",0.9018893829926,0.825959244580619
2019,"0",7765,-1,"M","Hard",0.947075599231674,0.0360191531961135
2019,"1",8068,1,"M","Hard",0.951798808460628,0.999420485355834
2019,"1",8085,1,"M","Hard",0.952051601802582,0.999422831319702
2019,"0",169,0,"F","Hard",0.60259826038888,0.576327646234363
2019,"1",376,0,"F","Hard",0.618589276755187,0.588347148359518
2019,"0",207,0,"F","Hard",0.605551395298556,0.578541349067084
2019,"0",454,0,"F","Hard",0.624550847904333,0.592849844948547
2019,"1",285,0,"F","Hard",0.611588795638604,0.583075296272389
2019,"1",78,0,"F","Hard",0.595496202155658,0.571014100715837
2019,"1",274,0,"F","Hard",0.610739391950367,0.582436725222647
2019,"1",329,0,"F","Hard",0.61497959141885,0.585626774523944
2019,"0",55,0,"F","Hard",0.593694699640092,0.569668470473775
2019,"1",1148,0,"F","Hard",0.675773378125671,0.632149712112296
2019,"1",874,0,"F","Hard",0.655969207970479,0.616810752551988
2019,"1",819,0,"F","Hard",0.651924925271892,0.613702415506982
2019,"0",305,0,"F","Hard",0.613131427530833,0.58423561941976
2019,"1",725,0,"F","Hard",0.644962158840253,0.608368590206883
2019,"0",1179,0,"F","Hard",0.67797649180907,0.633869068690676
2019,"0",2355,0,"F","Hard",0.755213191433241,0.696274378002716
2019,"1",3520,0,"F","Hard",0.818343180066514,0.751711363499935
2019,"0",1165,0,"F","Hard",0.676982509496115,0.633093004332196
2019,"1",6275,0,"F","Hard",0.916854771664995,0.853898563991133
2019,"0",3920,0,"F","Hard",0.836872107737312,0.769104158746096
2019,"0",2755,0,"F","Hard",0.778437965869038,0.71608384016434
2019,"1",1055,0,"F","Hard",0.669117431031421,0.626971593027056
2019,"0",2760,0,"F","Hard",0.77871805112008,0.716326474179111
2019,"0",1705,0,"F","Hard",0.71410476122875,0.662495039864303
2019,"0",6640,0,"F","Hard",0.925460467235972,0.864438445302924
2019,"1",5585,0,"F","Hard",0.898087660355594,0.832126693183219
2019,"1",3880,0,"F","Hard",0.835089957608939,0.767403899090315
2019,"1",2080,0,"F","Hard",0.738320030326538,0.682213604489293
2019,"0",2190,0,"F","Hard",0.745166640599229,0.68787977951421
2019,"0",1025,0,"F","Hard",0.66695566845438,0.625294936662308
2019,"1",1435,0,"D","Hard",0.695862376454982,0.771846329719143
2019,"1",181,0,"D","Hard",0.603531647981584,0.714914960388095
2019,"0",1930,0,"D","Hard",0.728794459314471,0.791987320482811
2019,"1",425,0,"D","Hard",0.622338664548286,0.726637821245956
2019,"1",2072,0,"D","Hard",0.737817489437855,0.797517216979374
2019,"0",820,0,"D","Hard",0.65199865565066,0.744964925756427
2019,"1",759,0,"D","Hard",0.647487882365607,0.742188092664653
2019,"0",956,0,"D","Hard",0.661956981267834,0.751084706489244
2019,"1",835,0,"D","Hard",0.653103735836175,0.745644732490325
2019,"1",1329,0,"D","Hard",0.688524113435216,0.767359095647106
2019,"1",559,0,"D","Hard",0.632516513547956,0.732946329162948
2019,"0",883,0,"D","Hard",0.656628871266505,0.747812077725848
2019,"0",1766,0,"D","Hard",0.718134183397382,0.785463090426064
2019,"1",8145,0,"D","Hard",0.95293378507769,0.943787676851834
2019,"1",828,0,"D","Hard",0.652588236267687,0.74532763798696
2019,"1",1512,0,"D","Hard",0.701131471410518,0.775067484754819
2019,"0",603,0,"D","Hard",0.635833398019876,0.734997480574537
2019,"1",735,0,"D","Hard",0.645705864992403,0.741090174769788
2019,"1",587,0,"D","Hard",0.634628732015659,0.734252774153731
2019,"0",865,0,"D","Hard",0.655308942629508,0.747000759735845
2019,"1",1063,0,"D","Hard",0.669692702042896,0.755830007905422
2019,"1",154,0,"D","Hard",0.601430476003722,0.713599332987826
2019,"1",1047,0,"D","Hard",0.668541653998453,0.755124340175303
2019,"1",8381,0,"D","Hard",0.956256150704625,0.946703220424359
2019,"1",9836,0,"D","Hard",0.972279098606098,0.961745479248994
2019,"0",880,0,"D","Hard",0.656409050518306,0.747676977883127
2019,"0",560,0,"D","Hard",0.632592038140205,0.732993058145856
2019,"0",808,0,"D","Hard",0.651113411253222,0.744420220775483
2019,"0",1555,0,"D","Hard",0.704051046750525,0.776852210531361
2019,"0",262,0,"D","Hard",0.609812002717611,0.718839953120204
2019,"0",30,0,"D","Hard",0.591733682677416,0.70751079544487
2019,"0",16,0,"D","Hard",0.590634231884908,0.706818627263325
2019,"0",666,0,"D","Hard",0.640560122978507,0.737916759815002
2019,"1",7607,0,"D","Hard",0.944442410953695,0.936571868789838
2019,"1",52,0,"D","Hard",0.593459533958465,0.708596548987641
2019,"0",205,0,"D","Hard",0.605396157097385,0.7160813513368
2019,"0",275,0,"D","Hard",0.610816638333683,0.719466817646859
2019,"1",108,0,"D","Hard",0.597842119557317,0.711349544687179
2019,"1",135,0,"D","Hard",0.599949625624942,0.712671345589029
2019,"1",436,0,"D","Hard",0.623178374042313,0.727159172236168
2019,"1",7860,0,"D","Hard",0.948601671096389,0.940066896121093
2019,"0",121,0,"D","Hard",0.598857301159016,0.711986418328363
2019,"1",7305,0,"D","Hard",0.939063113799538,0.932151424909365
2019,"0",88,0,"D","Hard",0.596278665268435,0.710368106986967
2019,"1",1224,0,"D","Hard",0.68116051094416,0.762853922843124
2019,"1",8861,0,"D","Hard",0.96233545614332,0.952198148997657
2019,"1",210,0,"D","Hard",0.605784212662165,0.71632398663593
2019,"1",904,0,"D","Hard",0.658165733154355,0.748756433509436
2019,"1",7935,0,"D","Hard",0.949776969440362,0.941067832008249
