"player_id","year","win_rate","n_matches"
100644,2013,0,1
100644,2014,0.4,10
100644,2015,0.451612903225806,31
100644,2016,0.647058823529412,68
100644,2017,0.721518987341772,79
100644,2018,0.759493670886076,79
100644,2019,0.63235294117647,68
100754,2000,0.5,2
101086,2000,0.285714285714286,21
101086,2001,0.25,4
101150,2000,0.54,50
101150,2001,0.233333333333333,30
101185,2000,0.3,10
101191,2000,0.5,2
101235,2000,1,1
101320,2000,0.566666666666667,30
101320,2001,0.513513513513513,37
101373,2000,0.666666666666667,3
101382,2000,0,2
101404,2010,0,1
101404,2011,0,2
101416,2000,0,2
101439,2000,0,1
101463,2000,0,2
101495,2001,0.666666666666667,3
101532,2000,0.491525423728814,59
101532,2001,0.448979591836735,49
101532,2002,0.333333333333333,33
101532,2003,0.333333333333333,6
101543,2000,0.285714285714286,35
101543,2001,0.111111111111111,9
101543,2002,0,1
101609,2000,0.25,4
101611,2000,0.615384615384615,52
101611,2001,0.425,40
101611,2002,0.4,25
101647,2000,0.527272727272727,55
101647,2001,0.333333333333333,24
101647,2002,0.375,8
101651,2000,0,2
101675,2000,0.416666666666667,12
101675,2001,0,3
101703,2000,0,2
101711,2000,0.375,8
101711,2001,0,3
101717,2000,0.666666666666667,12
101723,2000,0.68421052631579,19
101723,2001,0.5,20
101723,2002,0.5,16
101723,2003,0.333333333333333,3
101727,2000,0.6,35
101727,2001,0.5,14
101731,2000,0,1
101733,2000,0.333333333333333,21
101733,2001,0.484848484848485,33
101733,2002,0,2
101735,2000,0.461538461538462,39
101735,2001,0.181818181818182,11
101735,2002,0,1
101736,2000,0.727272727272727,55
101736,2001,0.754098360655738,61
101736,2002,0.818181818181818,66
101736,2003,0.824561403508772,57
101736,2004,0.74,50
101736,2005,0.745098039215686,51
101736,2006,0.555555555555556,18
101746,2000,0.375,8
101746,2001,0.5,2
101746,2002,0.25,4
101746,2003,0.2,5
101750,2000,0.2,5
101750,2001,0.2,5
101750,2002,0,2
101750,2003,0,1
101772,2000,0.2,5
101774,2000,0.518518518518518,27
101774,2001,0.535714285714286,28
101774,2002,0.594594594594595,37
101774,2003,0.551724137931034,29
101774,2004,0.4,25
101775,2000,0.5,2
101792,2000,0.414634146341463,41
101792,2001,0.238095238095238,21
101793,2000,0.444444444444444,9
101806,2000,0.384615384615385,13
101806,2001,0.3,10
101806,2003,0.5,2
101820,2000,0.553571428571429,56
101820,2001,0.333333333333333,36
101820,2002,0.4,20
101820,2003,0.4,15
101820,2004,0.333333333333333,12
101821,2000,0,1
101826,2000,0.1,10
101831,2000,1,1
101831,2001,0,2
101833,2000,0,1
101833,2001,0.5,2
101840,2000,0,1
101840,2001,0,1
101840,2002,0.333333333333333,3
101843,2000,0.548387096774194,31
101843,2001,0.416666666666667,36
101843,2002,0.25,4
101862,2000,1,1
101868,2001,0,1
101868,2002,0.142857142857143,7
101868,2003,0.333333333333333,9
101868,2004,0.125,8
101868,2005,0.181818181818182,11
101868,2006,0.230769230769231,13
101868,2007,0.8,5
101868,2009,0,1
101869,2004,0,1
101871,2004,0,1
101885,2000,0.424242424242424,33
101885,2001,0.431818181818182,44
101885,2002,0.520833333333333,48
101885,2003,0.368421052631579,38
101885,2004,0.4,35
101885,2005,0.486486486486487,37
101885,2006,0.388888888888889,18
101885,2007,0.666666666666667,6
101888,2000,0.235294117647059,17
101888,2001,0.2,10
101888,2002,0,1
101889,2000,0.4,10
101889,2001,0.4,10
101890,2000,0,1
101890,2001,0,1
101897,2000,0.4,40
101897,2001,0.514285714285714,35
101897,2002,0.454545454545455,44
101897,2003,0.428571428571429,14
101900,2000,0,5
101902,2000,0.238095238095238,21
101902,2001,0.166666666666667,6
101917,2000,0.5,2
101924,2003,0,2
101924,2004,0.2,5
101932,2000,0.5,4
101938,2000,0.4,5
101938,2001,0.5,2
101938,2002,0.2,5
101938,2003,0.5,2
101938,2004,0,1
101939,2000,0,2
101939,2001,0,1
101945,2000,0.222222222222222,9
101947,2000,0,1
101947,2001,0.333333333333333,3
101947,2002,0,1
101947,2004,0,1
101948,2000,0.745454545454545,55
101948,2001,0.673076923076923,52
101948,2002,0.627906976744186,43
101956,2000,0,3
101956,2001,0.25,4
101956,2002,0.5,2
101957,2000,0,2
101957,2002,0.5,2
101962,2000,0.578125,64
101962,2001,0.622950819672131,61
101962,2002,0.614285714285714,70
101962,2003,0.59375,64
101962,2004,0,5
101962,2005,0.0833333333333333,12
101962,2006,0.5,4
101962,2007,0.625,8
101962,2008,0.666666666666667,9
101964,2000,0.371428571428571,35
101964,2001,0.574074074074074,54
101964,2002,0.4,10
101964,2003,0,3
101964,2004,0.285714285714286,14
101965,2000,0.65625,64
101965,2001,0.45,40
101965,2002,0.571428571428571,42
101965,2003,0.558139534883721,43
101965,2004,0.451612903225806,31
101965,2005,0,2
101969,2000,0.285714285714286,28
101969,2001,0,1
101970,2001,0.5,2
101970,2002,0.666666666666667,3
101976,2000,0,1
101976,2001,0.666666666666667,3
101976,2002,0.666666666666667,3
101976,2003,0.5,2
101989,2000,1,1
101990,2000,0.658536585365854,41
101990,2002,0.625,16
101990,2003,0.470588235294118,17
101991,2001,0.75,4
101996,2002,0,1
101997,2000,0.5,2
101997,2001,0.333333333333333,3
102021,2000,0.61764705882353,68
102021,2001,0.432432432432432,37
102021,2002,0.28,25
102021,2003,0.166666666666667,12
102023,2000,0,2
102023,2001,0,1
102023,2002,0,1
102023,2003,0,3
102024,2000,0.32258064516129,31
102024,2001,0.5,2
102025,2000,0.51219512195122,41
102029,2000,0.375,8
102029,2001,0,1
102033,2004,0,1
102033,2006,0.5,2
102033,2007,0,1
102035,2000,0.545454545454545,55
102035,2001,0.470588235294118,51
102035,2002,0.476190476190476,42
102035,2003,0.60377358490566,53
102035,2004,0.446808510638298,47
102035,2005,0.48780487804878,41
102035,2006,0.40625,32
102035,2007,0.435897435897436,39
102035,2008,0.363636363636364,22
102036,2000,0.5,2
102053,2000,0.5,2
102061,2000,0.3,10
102061,2001,0.5,2
102076,2000,0.666666666666667,3
102076,2001,0,2
102077,2000,0,1
102077,2001,0.5,2
102077,2002,0.5,2
102077,2003,0,1
102086,2000,0,1
102087,2000,0.333333333333333,6
102087,2001,0.5,8
102087,2002,0.4,10
102087,2003,0.666666666666667,3
102100,2000,0,2
102100,2001,0.5,4
102100,2002,0,1
102100,2003,0.666666666666667,3
102100,2004,0,1
102103,2000,0.5,2
102104,2000,0.333333333333333,27
102104,2001,0.5,6
102106,2000,0.439024390243902,41
102106,2001,0.27027027027027,37
102106,2002,0.521739130434783,46
102106,2003,0.425,40
102106,2004,0.354838709677419,31
102106,2005,0.5,50
102106,2006,0.305555555555556,36
102106,2007,0.384615384615385,13
102107,2000,0.5,4
102107,2001,0.5,4
102107,2002,0.5,4
102107,2003,0.166666666666667,6
102107,2004,0.666666666666667,6
102107,2005,0.75,4
102107,2006,1,2
102110,2000,0.470588235294118,17
102110,2001,0.333333333333333,9
102110,2002,0.5,4
102110,2003,0.75,4
102110,2004,0,1
102118,2000,0,1
102131,2000,0.5,2
102131,2001,0.5,2
102131,2002,0.5,2
102131,2003,1,1
102133,2000,0.321428571428571,28
102135,2000,0.461538461538462,13
102135,2001,0.142857142857143,7
102139,2000,0,1
102143,2000,0.5,4
102143,2001,0.285714285714286,7
102143,2002,0.333333333333333,6
102143,2003,0.6,10
102143,2004,0.2,5
102143,2005,0.333333333333333,3
102143,2006,0,2
102145,2000,0,1
102148,2000,0.557377049180328,61
102148,2001,0.575757575757576,66
102148,2002,0.528301886792453,53
102148,2003,0.405405405405405,37
102148,2004,0.529411764705882,34
102148,2005,0.486486486486487,37
102148,2006,0.452380952380952,42
102148,2007,0.568181818181818,44
102148,2008,0.515151515151515,33
102148,2009,0.428571428571429,35
102148,2010,0,1
102153,2000,0.333333333333333,3
102153,2001,0.263157894736842,19
102154,2000,0,5
102154,2001,0.2,5
102158,2000,0.634615384615385,52
102158,2001,0.727272727272727,66
102162,2000,0.428571428571429,42
102162,2001,0.392857142857143,28
102162,2002,0,1
102165,2000,0,2
102167,2000,0.4,5
102167,2001,0.571428571428571,7
102168,2000,0,1
102169,2001,0.333333333333333,3
102169,2002,0,1
102169,2003,0.5,2
102179,2000,0.235294117647059,17
102179,2001,0.363636363636364,33
102179,2002,0.394736842105263,38
102179,2003,0.416666666666667,36
102179,2004,0.447368421052632,38
102179,2005,0.333333333333333,21
102179,2006,0.5,4
102179,2007,0.666666666666667,6
102184,2000,0.525,40
102184,2001,0.225806451612903,31
102184,2002,0.4,5
102184,2003,0,4
102184,2004,0,1
102192,2000,0.5,2
102192,2001,0.5,2
102192,2002,0,3
102198,2000,0,3
102201,2000,0.5,8
102201,2001,0,2
102201,2002,0.333333333333333,3
102202,2001,0.588235294117647,17
102202,2002,0.533333333333333,30
102202,2003,0.461538461538462,39
102202,2004,0.441176470588235,34
102202,2005,0.404761904761905,42
102202,2006,0.454545454545455,33
102202,2007,0.333333333333333,3
102205,2000,0.31578947368421,19
102205,2001,0.384615384615385,13
102207,2003,0,1
102214,2001,0,2
102223,2000,0.452830188679245,53
102223,2001,0.24,25
102223,2002,0.333333333333333,3
102227,2000,0.365853658536585,41
102227,2001,0.416666666666667,36
102227,2002,0.441176470588235,34
102227,2003,0.509803921568627,51
102227,2004,0.386363636363636,44
102227,2005,0.25,12
102227,2006,0,2
102231,2000,0.666666666666667,30
102231,2001,0.4,50
102231,2002,0.307692307692308,13
102231,2003,0,3
102231,2004,0.461538461538462,13
102231,2005,0.19047619047619,21
102231,2006,0.4,5
102233,2000,0.5,12
102233,2001,0.571428571428571,7
102233,2002,0.5,4
102233,2003,1,4
102233,2005,1,1
102234,2000,0,2
102234,2001,0.333333333333333,3
102234,2002,0.333333333333333,6
102234,2003,0,1
102238,2000,0.176470588235294,17
102238,2001,0,1
102239,2000,0.333333333333333,3
102239,2001,0,1
102239,2002,0,1
102243,2000,0.25,4
102243,2001,0,2
102243,2003,0,2
102247,2000,0.333333333333333,27
102247,2001,0.45945945945946,37
102247,2002,0.297297297297297,37
102247,2003,0.333333333333333,9
102250,2000,0.5,2
102250,2001,0.25,4
102250,2002,0,1
102250,2003,1,1
102251,2000,0.5,4
102251,2001,0,1
102257,2000,0.475,40
102257,2001,0.621212121212121,66
102257,2002,0.645833333333333,48
102257,2003,0.523809523809524,21
102257,2004,0.619047619047619,42
102257,2005,0.568627450980392,51
102257,2006,0.333333333333333,24
102259,2000,0.545454545454545,55
102259,2001,0.56,50
102259,2002,0.5,26
102259,2003,0,2
102259,2004,0.444444444444444,9
102263,2000,0.4,5
102263,2001,0.25,4
102263,2002,0,2
102267,2003,0.5,2
102267,2005,0,1
102267,2006,0,2
102269,2000,0.25,4
102269,2001,0.333333333333333,3
102269,2002,0,1
102269,2003,0.428571428571429,7
102269,2004,0.285714285714286,14
102269,2005,0.2,5
102269,2006,0.333333333333333,3
102271,2000,0.542372881355932,59
102271,2001,0.566666666666667,60
102271,2002,0.333333333333333,36
102271,2003,0.534883720930233,43
102271,2004,0.441176470588235,34
102271,2005,0,2
102277,2000,1,2
102282,2006,0,1
102286,2000,0.45,20
102286,2001,0.388888888888889,18
102286,2002,0.5,6
102286,2003,0.375,8
102286,2004,0.75,4
102287,2000,0.488888888888889,45
102287,2001,0.524590163934426,61
102287,2002,0.303030303030303,33
102287,2003,0.321428571428571,28
102287,2004,0.2,20
102287,2005,0.25,8
102287,2006,0.4,20
102287,2007,0.4,5
102300,2000,0.375,8
102300,2001,0.4,5
102300,2002,0.428571428571429,7
102300,2003,0.4,5
102300,2004,0.428571428571429,7
102300,2005,0,4
102300,2006,0.428571428571429,7
102306,2000,0.428571428571429,7
102306,2001,0,2
102306,2002,0.318181818181818,22
102306,2003,0,1
102306,2004,0.5,8
102306,2005,0.5,4
102306,2007,0,2
102310,2002,0,2
102318,2000,0.578125,64
102318,2001,0.524590163934426,61
102318,2002,0.611940298507463,67
102318,2003,0.421052631578947,19
102318,2004,0.576271186440678,59
102318,2005,0.458333333333333,48
102318,2006,0.432432432432432,37
102318,2007,0.466666666666667,30
102318,2008,0,4
102318,2009,0,6
102335,2002,0,1
102338,2000,0.656862745098039,102
102338,2001,0.71,100
102338,2002,0.560606060606061,66
102338,2003,0.537037037037037,54
102344,2000,0.529411764705882,51
102344,2001,0.483870967741935,31
102344,2002,0.527777777777778,36
102344,2003,0.526315789473684,38
102344,2004,0.423076923076923,26
102344,2005,0.4,10
102347,2001,0,1
102358,2000,0.68,75
102358,2001,0.596491228070175,57
102358,2002,0.590909090909091,44
102358,2003,0.333333333333333,39
102358,2004,0.4,35
102358,2005,0.368421052631579,19
102362,2000,0,2
102362,2002,0,1
102362,2003,0,1
102362,2004,0,1
102369,2000,0.384615384615385,26
102369,2001,0.48,50
102369,2002,0.390243902439024,41
102369,2003,0.571428571428571,14
102369,2004,0,4
102374,2000,0.743243243243243,74
102374,2001,0.62962962962963,54
102374,2002,0.672413793103448,58
102374,2003,0.378378378378378,37
102374,2004,0.375,32
102374,2005,0.166666666666667,6
102375,2000,0.666666666666667,3
102375,2001,0,1
102381,2000,0.333333333333333,3
102381,2001,0.4,5
102381,2003,0.333333333333333,9
102381,2004,0.333333333333333,3
102381,2006,0,1
102381,2007,0.347826086956522,23
102381,2008,0,9
102382,2001,0.4,5
102382,2002,0.176470588235294,17
102382,2003,0.285714285714286,7
102382,2004,0.333333333333333,9
102382,2005,0,1
102395,2000,0.571428571428571,7
102395,2001,0,1
102401,2000,0.285714285714286,7
102401,2001,0.3,10
102401,2002,0.222222222222222,9
102401,2003,0.464285714285714,28
102401,2005,0,3
102405,2000,0,1
102405,2001,0,3
102406,2001,0,1
102410,2000,0,1
102422,2000,0.333333333333333,3
102433,2001,0.5,2
102433,2002,1,1
102434,2000,0.1,30
102434,2001,0.25,4
102434,2002,0.4375,32
102434,2003,0.578947368421053,57
102434,2004,0.573529411764706,68
102434,2005,0.458333333333333,48
102434,2006,0.422222222222222,45
102434,2007,0.472727272727273,55
102434,2008,0.379310344827586,29
102434,2009,0.181818181818182,11
102434,2010,0,1
102437,2000,0.310344827586207,29
102437,2001,0.541666666666667,24
102437,2002,0.5,44
102437,2003,0.208333333333333,24
102443,2000,0.272727272727273,11
102443,2001,0.2,5
102443,2002,0.5,2
102444,2000,0.5,2
102446,2000,0.575,40
102446,2001,0.392857142857143,28
102450,2000,0.698795180722892,83
102450,2001,0.736842105263158,76
102450,2002,0.692307692307692,65
102450,2003,0.645833333333333,48
102450,2004,0.666666666666667,66
102450,2005,0.560975609756098,41
102450,2006,0.607843137254902,51
102450,2007,0.368421052631579,19
102455,2000,0.333333333333333,15
102455,2001,0,1
102456,2000,0.5,32
102456,2001,0.588235294117647,51
102456,2002,0.468085106382979,47
102456,2003,0.5625,48
102456,2004,0.53125,32
102456,2005,0.464285714285714,28
102456,2007,0.25,4
102457,2000,0,1
102457,2003,0,2
102458,2000,0,1
102458,2001,0,1
102463,2000,0,1
102464,2002,0,1
102464,2003,0.2,5
102464,2004,0,1
102466,2000,0.3125,16
102466,2001,0.25,4
102466,2002,0,1
102467,2000,0.666666666666667,3
102467,2001,0,3
102469,2000,0.666666666666667,6
102469,2001,0.5,4
102469,2003,0,1
102472,2002,0,1
102473,2001,0,1
102473,2002,0.5,2
102473,2004,0,1
102477,2000,0.1,10
102477,2001,0.5,2
102477,2002,0.5,6
102477,2003,0.454545454545455,11
102494,2000,0.388888888888889,18
102494,2001,0.384615384615385,13
102494,2002,0.4,5
102494,2003,0.416666666666667,24
102494,2004,0.333333333333333,15
102494,2005,0.333333333333333,21
102494,2006,0.25,16
102496,2004,0,2
102496,2005,0,1
102497,2000,0,1
102497,2001,0,1
102497,2002,0.5,2
102497,2005,0,1
102501,2000,0,1
102502,2000,0,1
102502,2001,0,1
102512,2000,0,1
102512,2003,0.5,2
102512,2006,0,1
102512,2007,0.75,4
102512,2008,0.3,10
102512,2009,0,2
102520,2000,0,1
102520,2001,0,1
102521,2003,0,1
102524,2000,0.333333333333333,9
102524,2001,0.466666666666667,15
102524,2002,0.222222222222222,9
102529,2003,0,1
102533,2000,0.35,20
102533,2001,0.31578947368421,19
102533,2002,0.333333333333333,3
102536,2000,0,1
102537,2000,0,3
102537,2001,0,1
102538,2000,0.4,10
102538,2001,0.25,4
102538,2002,0.2,5
102538,2003,0.25,4
102538,2004,0.4,5
102538,2005,0.4,5
102539,2000,0.484848484848485,33
102539,2001,0.588235294117647,68
102539,2002,0.416666666666667,48
102539,2003,0.3,10
102539,2004,0.366666666666667,30
102539,2005,0.111111111111111,9
102539,2006,0,1
102539,2007,0.333333333333333,3
102543,2000,0,3
102544,2001,0.333333333333333,3
102544,2002,0,3
102545,2004,0,1
102548,2000,0.32258064516129,31
102548,2001,0.428571428571429,14
102548,2002,0.363636363636364,11
102548,2003,0.25,4
102548,2004,0,2
102548,2005,0.375,8
102548,2006,0.25,16
102548,2007,0,1
102552,2000,1,1
102552,2001,0,1
102554,2001,0,1
102554,2004,0,1
102556,2000,0.5,4
102556,2002,0.333333333333333,3
102556,2003,0.5,4
102556,2005,0,1
102557,2002,0,2
102558,2000,0.5,8
102558,2001,0,2
102558,2002,0,1
102558,2003,0.454545454545455,11
102558,2004,0,2
102558,2005,0.5,2
102558,2007,0.666666666666667,3
102562,2000,0.5,54
102562,2001,0.607843137254902,51
102562,2002,0.662337662337662,77
102562,2003,0.621621621621622,74
102562,2004,0.650793650793651,63
102562,2005,0.448979591836735,49
102562,2006,0.5,26
102563,2000,0.468085106382979,47
102563,2001,0.648648648648649,74
102563,2002,0.54,50
102563,2004,0.574468085106383,47
102563,2005,0.657534246575342,73
102563,2006,0.379310344827586,29
102563,2007,0.528301886792453,53
102563,2008,0.4,35
102563,2009,0.5,2
102565,2002,0.4,10
102565,2003,0.105263157894737,19
102565,2004,0.4,5
102565,2005,0.473684210526316,19
102565,2006,0.310344827586207,29
102565,2007,0.2,10
102567,2000,0.394736842105263,38
102567,2001,0.357142857142857,28
102567,2002,0.272727272727273,11
102567,2003,0,5
102567,2004,0,1
102567,2005,0.416666666666667,12
102567,2006,0.357142857142857,14
102567,2007,0.2,5
102567,2008,0.2,5
102567,2009,0.5,2
102571,2002,0.285714285714286,7
102571,2003,0.538461538461538,26
102571,2004,0.411764705882353,34
102571,2005,0.266666666666667,15
102571,2006,0,1
102572,2000,0,1
102574,2000,0,1
102574,2001,0.285714285714286,7
102574,2002,0,2
102574,2003,0,1
102585,2000,0.333333333333333,3
102585,2002,0,2
102585,2003,0,1
102595,2000,0,1
102595,2001,0.5,2
102595,2002,1,1
102600,2000,0,1
102607,2000,0.631578947368421,19
102607,2001,0.431818181818182,44
102607,2002,0.368421052631579,19
102607,2003,0,2
102610,2000,0.551724137931034,58
102610,2001,0.551020408163265,49
102610,2002,0.610169491525424,59
102610,2003,0.547619047619048,42
102610,2004,0.454545454545455,44
102610,2005,0.433333333333333,30
102610,2006,0.5,4
102615,2000,0.333333333333333,3
102615,2001,0.25,4
102615,2002,0,1
102615,2003,0.5,12
102615,2004,0.333333333333333,21
102615,2005,0,4
102615,2007,0.5,2
102617,2000,0,1
102617,2002,0.666666666666667,3
102629,2000,0.25,4
102629,2001,0,1
102630,2002,0,1
102630,2005,0.5,4
102630,2006,0.2,5
102630,2007,0.4,5
102630,2008,0.25,4
102642,2000,0.222222222222222,18
102642,2001,0.266666666666667,15
102642,2002,0.272727272727273,11
102642,2003,0.482758620689655,29
102642,2004,0.549019607843137,51
102642,2005,0.380952380952381,42
102642,2006,0.285714285714286,14
102642,2007,0.5,2
102644,2000,0.578947368421053,57
102644,2001,0.482758620689655,58
102644,2002,0.421052631578947,38
102644,2003,0.4375,32
102644,2004,0.526315789473684,19
102647,2000,0,1
102650,2000,0.666666666666667,3
102650,2001,0,1
102652,2000,0.388888888888889,18
102652,2001,0.1875,16
102652,2002,0,2
102652,2003,0,1
102655,2000,0.4,5
102655,2001,0.666666666666667,3
102655,2002,0.2,5
102655,2004,0.5,2
102655,2006,0,1
102667,2000,0,1
102667,2001,0,1
102667,2003,0.5,2
102667,2004,0,2
102667,2006,0.4,5
102667,2007,0,1
102667,2008,0,1
102668,2001,1,1
102669,2001,0.4,10
102687,2000,0.333333333333333,3
102687,2002,0,1
102689,2000,0,2
102693,2002,0,1
102694,2000,0.166666666666667,6
102694,2001,0.424242424242424,33
102694,2002,0.405405405405405,37
102694,2003,0.4,40
102694,2004,0.296296296296296,27
102694,2005,0.222222222222222,27
102694,2006,0.363636363636364,11
102694,2007,0,1
102696,2003,0,4
102696,2005,0.333333333333333,3
102701,2000,0.566037735849057,53
102701,2001,0.596153846153846,52
102701,2002,0.615384615384615,52
102701,2003,0.56,25
102702,2001,0,1
102703,2000,0.625,16
102703,2001,0.366666666666667,30
102703,2002,0.428571428571429,28
102703,2003,0.45,40
102703,2004,0.529411764705882,34
102703,2005,0.387096774193548,31
102703,2006,0.58974358974359,39
102703,2007,0.52,50
102703,2008,0.392857142857143,28
102703,2009,0.5,4
102713,2001,1,1
102714,2000,0,1
102715,2001,0.333333333333333,3
102715,2002,0,1
102720,2000,0.277777777777778,18
102720,2001,0.214285714285714,14
102720,2003,0.166666666666667,6
102720,2004,0.272727272727273,11
102720,2005,0.375,48
102720,2006,0.230769230769231,26
102720,2007,0.428571428571429,7
102720,2008,0,1
102722,2000,0.307692307692308,13
102722,2001,0.538461538461538,13
102722,2002,0.361111111111111,36
102722,2003,0.333333333333333,15
102722,2004,0,2
102730,2000,0.2,5
102730,2001,0.375,16
102730,2002,0.3,20
102730,2003,0.25,12
102730,2004,0.285714285714286,21
102730,2005,0.333333333333333,6
102734,2000,0.333333333333333,3
102735,2000,0,1
102735,2001,0,1
102737,2000,0,4
102737,2001,0.5,2
102737,2002,0.5,2
102737,2004,0.5,2
102737,2005,0.5,2
102738,2000,0.5,2
102740,2002,0.5,2
102740,2003,0.75,4
102740,2004,0.5,4
102740,2006,0,1
102743,2002,0,1
102751,2001,0,1
102753,2000,0.5,2
102755,2000,0,1
102756,2000,0,3
102756,2001,1,1
102765,2000,0.549019607843137,51
102765,2001,0.589285714285714,56
102765,2002,0.612244897959184,49
102765,2003,0.583333333333333,24
102765,2004,0.653846153846154,26
102768,2000,0.444444444444444,9
102768,2001,0.333333333333333,3
102768,2003,0.384615384615385,13
102768,2004,0.333333333333333,3
102770,2000,0.133333333333333,15
102770,2001,0,5
102770,2002,0.5,10
102770,2003,0.409090909090909,22
102770,2004,0.176470588235294,17
102770,2006,0,1
102772,2000,0,1
102772,2001,0.166666666666667,6
102776,2000,0.4375,48
102776,2001,0.408163265306122,49
102776,2002,0,8
102776,2003,0,2
102780,2000,0.5,2
102780,2001,0.2,5
102780,2002,0.666666666666667,3
102780,2003,0.166666666666667,6
102780,2004,0.333333333333333,6
102780,2005,0.25,4
102780,2007,0.333333333333333,3
102780,2008,0.333333333333333,6
102780,2009,0.2,5
102783,2000,0.442307692307692,52
102783,2001,0.522388059701492,67
102783,2002,0.571428571428571,70
102783,2003,0.707070707070707,99
102783,2004,0.491525423728814,59
102783,2005,0.428571428571429,42
102783,2006,0.333333333333333,33
102783,2007,0.363636363636364,22
102783,2008,0.476190476190476,42
102783,2009,0.347826086956522,46
102783,2010,0.433333333333333,30
102783,2011,0.277777777777778,18
102785,2000,0,1
102785,2001,0.5,6
102785,2002,0,1
102785,2003,0,1
102785,2004,0.357142857142857,14
102785,2005,0.333333333333333,6
102785,2006,0,1
102788,2001,0.5,14
102788,2002,0.285714285714286,35
102788,2003,0.294117647058824,17
102788,2004,0.2,15
102788,2005,0.5,2
102788,2006,0.5,2
102788,2007,0.5,2
102788,2008,0.5,2
102789,2003,0,1
102795,2000,0,4
102796,2000,0.734042553191489,94
102796,2001,0.531914893617021,47
102796,2002,0.387096774193548,31
102796,2003,0.344827586206897,29
102800,2001,0.142857142857143,7
102800,2002,0,1
102800,2003,0.25,4
102800,2004,0.5,4
102800,2005,0.5,2
102800,2006,0,1
102800,2007,0,1
102800,2008,0,1
102802,2002,0,1
102802,2003,0.5,2
102805,2001,0,1
102808,2000,0.666666666666667,3
102808,2001,0,1
102809,2000,0.285714285714286,7
102809,2001,0.285714285714286,7
102809,2002,0.285714285714286,7
102811,2001,0,3
102811,2002,1,1
102811,2003,0.666666666666667,3
102811,2004,1,1
102811,2005,0.5,4
102811,2006,0.6,5
102811,2007,0.166666666666667,6
102811,2008,0.333333333333333,3
102812,2000,0,5
102812,2001,1,1
102817,2000,0.6,5
102817,2001,0.333333333333333,18
102817,2002,0.333333333333333,3
102821,2000,0.294117647058824,17
102821,2001,0.357142857142857,28
102821,2002,0.375,24
102821,2003,0.125,16
102821,2004,0.25,4
102821,2005,0.333333333333333,3
102821,2007,1,3
102821,2008,0.285714285714286,7
102821,2009,1,1
102821,2010,0.333333333333333,6
102821,2011,0,2
102826,2004,0,1
102830,2000,0,2
102830,2001,0,2
102831,2000,0.0833333333333333,12
102831,2001,0.375,24
102831,2002,0.166666666666667,6
102831,2003,0,2
102832,2001,0,4
102834,2000,0.452380952380952,42
102834,2001,0.333333333333333,15
102834,2002,0.25,4
102834,2003,0.444444444444444,9
102834,2004,0.4,10
102834,2005,0.52,25
102834,2006,0.432432432432432,37
102834,2007,0.409090909090909,22
102835,2000,0,1
102835,2001,0,1
102836,2000,0,1
102836,2001,0.333333333333333,3
102836,2002,0,1
102836,2003,0,1
102836,2004,0.5,2
102839,2000,0.597222222222222,72
102839,2001,0.545454545454545,55
102839,2002,0.557377049180328,61
102839,2003,0.520833333333333,48
102839,2004,0.304347826086957,23
102839,2005,0.333333333333333,27
102839,2006,0.545454545454545,22
102839,2007,0.416666666666667,24
102839,2008,0.485714285714286,35
102839,2009,0.44,25
102839,2010,0.111111111111111,9
102843,2000,1,2
102843,2001,0.5,6
102843,2002,0,2
102843,2003,1,1
102843,2005,0,4
102843,2006,1,1
102845,2000,0.60377358490566,53
102845,2001,0.593220338983051,59
102845,2002,0.7375,80
102845,2003,0.725,80
102845,2004,0.759493670886076,79
102845,2005,0.615384615384615,52
102845,2006,0.576923076923077,52
102845,2007,0.652173913043478,69
102845,2008,0.531914893617021,47
102845,2009,0.333333333333333,6
102845,2010,0.25,8
102851,2000,0,1
102851,2001,0,1
102851,2002,0.25,4
102851,2003,0.333333333333333,12
102851,2004,0,2
102851,2005,0.333333333333333,3
102851,2006,0.5,2
102854,2000,0.569230769230769,65
102854,2001,0.573529411764706,68
102854,2002,0.5625,64
102854,2003,0.636363636363636,66
102854,2004,0.475,40
102854,2005,0.473684210526316,19
102855,2001,0.5,2
102855,2002,0.166666666666667,6
102855,2003,0,2
102856,2000,0.741176470588235,85
102856,2001,0.769230769230769,78
102856,2002,0.641025641025641,39
102856,2003,0.666666666666667,63
102856,2004,0.638888888888889,36
102856,2005,0.285714285714286,14
102856,2006,0,1
102856,2007,0.222222222222222,9
102856,2008,0,3
102860,2000,0.68421052631579,19
102860,2001,0.428571428571429,28
102860,2002,0.520833333333333,48
102860,2003,0.596491228070175,57
102860,2004,0.525,40
102860,2005,0.511627906976744,43
102860,2006,0.6,50
102860,2007,0.5,52
102860,2008,0.476190476190476,42
102860,2009,0.230769230769231,13
102863,2000,0.5,2
102863,2001,0.666666666666667,9
102863,2002,0.4,10
102863,2003,0.5,8
102863,2004,0.444444444444444,9
102863,2005,0.571428571428571,7
102863,2006,0.75,4
102863,2007,0.5,4
102863,2008,0.75,4
102863,2009,0.666666666666667,3
102864,2003,0,1
102864,2006,0,1
102865,2002,0,1
102869,2000,0.387096774193548,31
102869,2001,0.454545454545455,44
102869,2002,0.307692307692308,26
102869,2003,0.526315789473684,19
102869,2004,0.318181818181818,22
102869,2005,0,3
102869,2006,0.5,2
102872,2000,0.25,12
102873,2003,0,1
102875,2001,0,1
102880,2000,0.473684210526316,19
102880,2001,0.25,12
102880,2002,0.470588235294118,17
102880,2003,0.529411764705882,17
102880,2004,0.423076923076923,26
102880,2005,0.235294117647059,17
102881,2007,0,1
102882,2000,0.651515151515151,66
102882,2001,0.608695652173913,23
102882,2002,0.44,25
102882,2003,0.660714285714286,56
102882,2004,0.366666666666667,30
102882,2005,0.45,20
102882,2006,0.523809523809524,21
102885,2006,0,1
102886,2001,0,1
102886,2003,0.416666666666667,12
102886,2004,0.333333333333333,3
102886,2005,0.5,4
102886,2006,0.5,2
102886,2010,0,1
102887,2000,0.75,4
102887,2001,0.555555555555556,18
102887,2002,0.310344827586207,29
102887,2003,0.5,12
102887,2004,0.571428571428571,7
102887,2005,0.5,4
102887,2006,0.4375,16
102887,2008,0.625,8
102887,2009,0.5,2
102887,2010,0.333333333333333,3
102889,2000,0,1
102902,2002,0.5,4
102902,2003,0,2
102904,2000,0.333333333333333,3
102904,2001,0,2
102905,2000,0.473684210526316,57
102905,2001,0.468085106382979,47
102905,2002,0.446428571428571,56
102905,2003,0.404761904761905,42
102905,2004,0.48,50
102905,2005,0.304347826086957,23
102905,2006,0.6,25
102905,2007,0.450980392156863,51
102905,2008,0.333333333333333,9
102905,2009,0.35,20
102905,2010,0.375,8
102905,2011,0,2
102910,2000,0.5,2
102910,2003,0.5,2
102910,2004,0,1
102911,2000,0.357142857142857,14
102911,2001,0.418604651162791,43
102911,2002,0.347826086956522,23
102911,2003,0.285714285714286,7
102911,2004,0,1
102918,2000,0.5,2
102918,2001,0,1
102921,2001,0.166666666666667,6
102921,2002,0.125,8
102925,2000,0.466666666666667,30
102925,2001,0.2,15
102925,2002,0.416666666666667,12
102925,2003,0.36,25
102925,2004,0.166666666666667,6
102925,2005,0.470588235294118,17
102925,2006,0.411764705882353,34
102925,2007,0.0769230769230769,13
102928,2002,0.5,2
102928,2003,0.5,4
102928,2004,1,1
102928,2006,1,1
102934,2000,0.333333333333333,3
102934,2001,0.5,4
102934,2002,0.380952380952381,21
102934,2003,0.5,4
102938,2000,0,2
102942,2002,0.666666666666667,3
102944,2000,0,1
102945,2005,0,1
102945,2007,0,1
102948,2000,0,1
102950,2000,0.428571428571429,56
102950,2001,0.480769230769231,52
102950,2002,0.450980392156863,51
102950,2003,0.391304347826087,46
102950,2004,0.444444444444444,9
102950,2005,0.375,8
102950,2006,0.227272727272727,22
102950,2007,0,5
102950,2008,0,1
102950,2009,0,1
102956,2001,0,1
102956,2006,0,1
102956,2007,0,1
102957,2000,0.4,5
102957,2001,0.444444444444444,9
102957,2002,0.4,5
102957,2003,0.285714285714286,7
102957,2004,0.333333333333333,3
102959,2000,0.833333333333333,6
102959,2001,0.2,5
102959,2002,0.666666666666667,3
102959,2003,0.5,2
102959,2004,1,2
102959,2005,0.666666666666667,3
102959,2006,1,1
102959,2007,0.5,2
102959,2008,0.666666666666667,3
102961,2000,0,1
102965,2000,0.307692307692308,13
102965,2001,0.2,10
102965,2002,0,4
102965,2003,0,2
102965,2004,0.333333333333333,3
102965,2005,0.25,4
102965,2006,0.333333333333333,3
102966,2000,0.235294117647059,17
102966,2001,0.2,5
102967,2002,0.5,2
102967,2004,0.333333333333333,3
102967,2005,0.6,5
102967,2006,0.586206896551724,29
102967,2007,0.446808510638298,47
102967,2008,0.477272727272727,44
102967,2009,0.456521739130435,46
102967,2010,0.294117647058824,17
102967,2011,0,3
102967,2012,0,1
102967,2013,0,5
102967,2014,0.666666666666667,3
102968,2000,0.5,2
102968,2001,0,1
102968,2002,0.5,4
102968,2003,0.5,2
102969,2003,1,1
102969,2004,0,2
102969,2005,0.5,2
102971,2001,0,4
102978,2000,0,1
102979,2000,0,2
102979,2002,0,1
102982,2000,0.4,5
102982,2001,0,3
102983,2003,0,1
102984,2000,0,1
102985,2004,0,1
102985,2006,0.5,4
102987,2000,0.4,30
102987,2001,0.304347826086957,23
102987,2002,0.444444444444444,45
102987,2003,0.173913043478261,23
102987,2004,0,1
102987,2005,0.666666666666667,3
102987,2006,0,1
102987,2007,0.5,2
102997,2000,1,1
102997,2002,0,1
102997,2003,0.25,8
102997,2004,0.666666666666667,3
102998,2000,0.540983606557377,61
102998,2001,0.580645161290323,62
102998,2002,0.542372881355932,59
102998,2003,0.428571428571429,42
102998,2004,0.418604651162791,43
102998,2005,0.333333333333333,15
102998,2006,0.5,2
102998,2007,0,2
102999,2001,0.333333333333333,3
102999,2002,0.318181818181818,22
102999,2003,0.5,2
102999,2006,0.384615384615385,13
102999,2007,0.272727272727273,11
102999,2008,0.5,2
102999,2010,0,1
102999,2011,0,1
103003,2000,0.5,2
103003,2002,0.333333333333333,6
103007,2000,0,1
103007,2001,0,2
103007,2002,0.666666666666667,3
103007,2003,0,1
103007,2004,0.2,5
103007,2005,0.5,6
103007,2006,0,2
103007,2007,0,1
103007,2008,0,2
103009,2000,0.166666666666667,6
103009,2002,0,1
103009,2003,0.666666666666667,6
103009,2004,0,2
103009,2005,0.375,16
103009,2006,0.157894736842105,19
103015,2001,0,1
103015,2002,0,2
103017,2000,0.652173913043478,46
103017,2001,0.5,58
103017,2002,0.428571428571429,49
103017,2003,0.527777777777778,36
103017,2004,0.649122807017544,57
103017,2005,0.586206896551724,58
103017,2006,0.592592592592593,27
103017,2007,0.620689655172414,29
103017,2008,0.536585365853659,41
103017,2009,0.448275862068966,29
103017,2010,0.25,4
103018,2000,0.542372881355932,59
103018,2001,0.525423728813559,59
103018,2002,0.472727272727273,55
103018,2003,0.584615384615385,65
103018,2004,0.480769230769231,52
103018,2005,0.576271186440678,59
103018,2006,0.468085106382979,47
103018,2007,0.28125,32
103018,2008,0.222222222222222,9
103029,2000,0,1
103029,2001,0,1
103029,2003,0,1
103029,2004,0,3
103029,2005,0.666666666666667,6
103029,2006,0.2,5
103031,2000,0.307692307692308,13
103032,2005,0.333333333333333,3
103033,2002,0,2
103033,2003,0.333333333333333,3
103035,2003,0,1
103035,2004,0.25,4
103035,2005,0.333333333333333,9
103035,2006,0.318181818181818,22
103035,2007,0.333333333333333,15
103035,2010,0,1
103039,2004,0,1
103045,2000,0.5,2
103046,2003,0,1
103046,2004,0,1
103047,2002,0,4
103047,2003,0.428571428571429,7
103050,2004,1,1
103050,2005,0,1
103052,2003,0,1
103053,2000,0,1
103053,2002,0,2
103053,2003,1,1
103060,2000,0.8,5
103060,2001,0.8,5
103060,2002,0.25,4
103060,2004,0.5,2
103060,2005,0,2
103061,2000,0,1
103063,2001,0,1
103063,2002,0.333333333333333,3
103063,2004,0.375,8
103063,2005,0.285714285714286,7
103063,2006,0,1
103063,2007,0,2
103063,2008,0,1
103063,2009,0.5,10
103065,2002,0,1
103065,2003,0.333333333333333,3
103065,2004,1,1
103066,2000,0.6,5
103066,2001,0.2,5
103066,2002,0.5,6
103066,2003,0,2
103066,2004,0.6,5
103066,2005,0.6,5
103066,2006,0,1
103068,2001,0,1
103076,2008,0,1
103077,2000,0.5,2
103077,2001,1,1
103077,2002,0,2
103077,2003,0.8,5
103077,2004,0.333333333333333,3
103077,2005,0.5,2
103077,2006,0.333333333333333,3
103077,2007,0.272727272727273,11
103077,2008,0.333333333333333,3
103077,2011,1,1
103082,2000,0.461538461538462,39
103082,2001,0.25,16
103082,2002,0.5,2
103082,2003,0,1
103082,2004,0,1
103084,2000,0.294117647058824,17
103084,2001,0.704225352112676,71
103084,2002,0.636363636363636,66
103084,2003,0.5,6
103084,2004,0.645161290322581,62
103084,2005,0.685714285714286,35
103084,2007,0.655737704918033,61
103084,2008,0.488888888888889,45
103084,2009,0.277777777777778,18
103096,2000,0.564516129032258,62
103096,2001,0.569230769230769,65
103096,2002,0.559322033898305,59
103096,2003,0.607843137254902,51
103096,2004,0.425,40
103096,2005,0.461538461538462,39
103096,2006,0.551020408163265,49
103096,2007,0.48,50
103096,2008,0.392857142857143,28
103096,2009,0.411764705882353,34
103096,2010,0.4,40
103096,2011,0.352941176470588,17
103096,2012,0.4,5
103097,2002,0,1
103102,2002,0,1
103103,2000,0.602739726027397,73
103103,2001,0.507936507936508,63
103103,2002,0.44,50
103103,2003,0.5,52
103103,2004,0.623188405797101,69
103103,2005,0.623188405797101,69
103103,2006,0.533333333333333,60
103103,2007,0.32258064516129,31
103103,2008,0.357142857142857,14
103103,2009,0.363636363636364,11
103103,2010,0,1
103104,2002,0,1
103104,2003,0.5,2
103104,2004,0,1
103104,2006,0,3
103104,2007,0.5,2
103104,2008,0.5,4
103104,2009,0,1
103105,2001,0.5,2
103105,2002,0,3
103105,2003,0.3125,16
103105,2004,0.269230769230769,26
103105,2005,0.5,10
103105,2006,0.555555555555556,45
103105,2007,0.333333333333333,27
103105,2008,0.142857142857143,7
103105,2009,0.285714285714286,14
103105,2010,0.2,5
103105,2011,0.25,20
103105,2012,0.1875,16
103105,2013,0.285714285714286,7
103105,2014,0,3
103109,2008,0,1
103109,2011,0,2
103110,2004,0.333333333333333,3
103110,2005,0.388888888888889,18
103110,2006,0.428571428571429,42
103110,2007,0.285714285714286,21
103110,2010,0,1
103114,2000,0.2,5
103114,2001,0.476190476190476,21
103114,2002,0.19047619047619,21
103114,2003,0,1
103114,2006,0.333333333333333,3
103118,2000,0,1
103118,2001,0,3
103118,2002,0,1
103118,2003,0.5,2
103125,2003,0.25,4
103130,2002,0,2
103131,2000,0,1
103131,2001,0,2
103131,2002,0,1
103133,2001,0.5,2
103133,2002,0,1
103133,2003,0.470588235294118,34
103133,2004,0.35,20
103133,2005,0,3
103145,2001,0,1
103145,2002,0.6,5
103145,2005,0.5,4
103149,2004,0,1
103151,2000,0.395833333333333,48
103151,2001,0.5,36
103151,2002,0.431372549019608,51
103151,2003,0.571428571428571,56
103151,2004,0.541666666666667,48
103151,2005,0.542857142857143,35
103151,2006,0.333333333333333,12
103151,2007,0.45,20
103151,2008,0,2
103153,2001,0.666666666666667,6
103153,2002,0.666666666666667,6
103153,2003,0.333333333333333,6
103153,2004,0.31578947368421,19
103153,2005,0.25,4
103153,2006,1,1
103154,2002,0,2
103154,2003,0.2,5
103154,2004,0,1
103155,2002,0,2
103157,2000,0.363636363636364,11
103157,2001,0.4,5
103157,2002,0.375,8
103157,2003,0.2,5
103157,2004,0.125,8
103157,2006,0.6,5
103158,2000,0.5,2
103162,2000,0.4,5
103162,2001,0,2
103163,2000,0.614035087719298,57
103163,2001,0.721518987341772,79
103163,2002,0.671641791044776,67
103163,2004,0.637931034482759,58
103163,2005,0.578947368421053,57
103163,2006,0.7,70
103163,2007,0.68421052631579,57
103163,2008,0.545454545454545,33
103163,2009,0.63265306122449,49
103163,2010,0.428571428571429,7
103163,2011,0.388888888888889,18
103163,2012,0.645833333333333,48
103163,2013,0.661971830985915,71
103163,2014,0.56,25
103163,2015,0.111111111111111,9
103163,2017,0.31578947368421,19
103165,2002,0.5,2
103165,2005,0,1
103165,2006,0,3
103165,2007,0,2
103165,2012,0,1
103166,2000,0.64,25
103166,2001,0.333333333333333,39
103166,2002,0.631578947368421,19
103166,2003,0.392857142857143,28
103166,2004,0.454545454545455,11
103166,2005,0.166666666666667,6
103166,2006,0.666666666666667,3
103166,2007,0.333333333333333,3
103166,2008,0,2
103169,2003,0.5,8
103169,2004,0.296296296296296,27
103169,2005,0.272727272727273,22
103169,2006,0.25,8
103169,2007,0.321428571428571,28
103169,2008,0.487179487179487,39
103169,2009,0.357142857142857,42
103169,2010,0.125,16
103171,2000,0.533333333333333,15
103171,2001,0.375,24
103171,2002,0.444444444444444,27
103171,2003,0.454545454545455,44
103171,2004,0.452380952380952,42
103171,2005,0.25,20
103171,2006,0.307692307692308,26
103171,2007,0.444444444444444,9
103171,2008,0,1
103171,2009,0.8,5
103174,2000,0,1
103174,2001,0.416666666666667,12
103174,2002,0.346153846153846,26
103174,2003,0.5,6
103174,2004,0.461538461538462,13
103174,2005,0.357142857142857,14
103174,2006,0.428571428571429,7
103174,2007,0.4,5
103174,2008,0.5,2
103174,2010,0,2
103174,2013,0,1
103175,2005,0.5,2
103175,2006,1,2
103175,2007,0.5,2
103176,2000,0.5,8
103176,2001,0.375,32
103176,2002,0.452380952380952,42
103176,2003,0.469387755102041,49
103176,2004,0.425531914893617,47
103176,2005,0.375,24
103178,2001,0.333333333333333,3
103178,2002,0.5,2
103178,2004,0,1
103181,2000,0.48,25
103181,2001,0.361111111111111,36
103181,2002,0.2,5
103181,2003,0.428571428571429,14
103181,2004,0.363636363636364,11
103181,2005,0.28,25
103181,2006,0.37037037037037,27
103181,2007,0.333333333333333,21
103181,2008,0.318181818181818,22
103181,2009,0,2
103182,2000,0.380952380952381,21
103182,2001,0.457142857142857,35
103182,2002,0.392857142857143,28
103182,2003,0.333333333333333,9
103184,2000,0.363636363636364,11
103184,2001,0.266666666666667,15
103184,2002,0.25,4
103184,2003,0.444444444444444,9
103184,2004,0,1
103184,2005,1,1
103185,2000,0.333333333333333,3
103185,2001,0.25,4
103185,2002,0.333333333333333,3
103188,2000,0.142857142857143,7
103188,2001,0.307692307692308,26
103188,2002,0.263157894736842,19
103188,2003,0.5,2
103188,2006,0,2
103188,2007,0.354838709677419,31
103188,2008,0.333333333333333,6
103188,2009,0.333333333333333,6
103188,2010,0.323529411764706,34
103188,2011,0.4,30
103188,2012,0.5,22
103188,2013,0.318181818181818,22
103188,2014,0.352941176470588,17
103188,2015,0,1
103193,2000,0.583333333333333,12
103193,2001,0.478260869565217,23
103193,2003,0,1
103193,2004,0,2
103193,2005,0.4,25
103193,2006,0,1
103193,2007,0.666666666666667,6
103197,2001,0.5,2
103197,2002,0,1
103197,2003,1,2
103198,2000,0.25,4
103198,2001,1,1
103198,2002,0.333333333333333,3
103198,2005,0,2
103201,2000,0.4,5
103201,2001,0,1
103201,2003,0,1
103201,2004,0.411764705882353,17
103201,2005,0.285714285714286,7
103201,2006,0,3
103201,2007,0,4
103201,2008,0,1
103202,2000,0,1
103202,2001,0.5,6
103202,2003,0,1
103204,2000,0,2
103204,2001,0.4,10
103204,2002,0,2
103204,2003,0,5
103204,2004,0.571428571428571,7
103204,2005,0.166666666666667,6
103204,2006,0.25,4
103204,2007,0.4,5
103204,2008,0.5,2
103205,2000,0,1
103206,2000,0.619718309859155,71
103206,2001,0.662337662337662,77
103206,2002,0.661538461538462,65
103206,2003,0.631578947368421,57
103206,2004,0.651162790697674,43
103206,2005,0.566037735849057,53
103206,2006,0.5625,48
103206,2007,0.512820512820513,39
103206,2008,0.3,20
103206,2009,0.166666666666667,6
103206,2010,0.25,4
103209,2006,0,3
103216,2000,0,2
103216,2001,0,1
103225,2000,0.25,4
103225,2001,0.25,4
103225,2002,0.666666666666667,3
103225,2003,0.5,6
103225,2004,0.142857142857143,7
103226,2003,0.5,2
103226,2008,0.333333333333333,3
103227,2000,1,2
103228,2002,0,1
103228,2003,0.25,4
103228,2004,0,1
103228,2005,0,2
103228,2006,0.238095238095238,21
103228,2007,0,2
103228,2008,0.347826086956522,23
103228,2009,0.35,20
103228,2010,0.230769230769231,13
103228,2011,0,3
103229,2001,0,1
103229,2002,0,1
103229,2004,0.333333333333333,3
103229,2005,0.5,2
103229,2006,0.8,5
103229,2007,0.333333333333333,3
103229,2008,0.666666666666667,3
103229,2010,0,1
103230,2003,0.5,2
103230,2004,0,1
103230,2005,0,1
103238,2003,0,2
103238,2004,0,1
103238,2007,0,1
103238,2008,0.5,2
103239,2000,0,1
103239,2003,0,1
103240,2000,0.285714285714286,7
103240,2001,0.25,4
103240,2002,0.4,5
103240,2003,0,1
103240,2004,0.4,5
103240,2005,0.431818181818182,44
103240,2006,0.28,25
103240,2007,0.176470588235294,17
103240,2008,0,3
103240,2009,0.304347826086957,23
103240,2010,0.25,4
103242,2000,0,1
103242,2002,0.666666666666667,3
103242,2003,0,1
103248,2000,0.484848484848485,33
103248,2001,0.444444444444444,45
103248,2002,0.266666666666667,15
103248,2003,0.333333333333333,9
103248,2004,0.238095238095238,21
103248,2005,0.5,2
103248,2006,0,2
103248,2007,0,1
103248,2008,0,6
103248,2009,0.5,6
103248,2010,0.142857142857143,7
103250,2000,0,2
103250,2002,0,1
103250,2003,0.666666666666667,3
103252,2000,0.42,50
103252,2001,0.564516129032258,62
103252,2002,0.468085106382979,47
103252,2003,0.404761904761905,42
103252,2004,0.469387755102041,49
103252,2005,0.462962962962963,54
103252,2006,0.45,40
103252,2007,0.277777777777778,18
103252,2008,0.285714285714286,7
103252,2009,0.259259259259259,27
103252,2010,0.555555555555556,9
103254,2001,0.5,2
103254,2002,0.4,5
103254,2003,0,2
103254,2004,0,1
103254,2008,1,1
103256,2000,0,1
103256,2001,0,2
103264,2000,0.637931034482759,58
103264,2001,0.235294117647059,17
103264,2002,0.333333333333333,6
103264,2003,0.263157894736842,19
103264,2004,0,1
103264,2005,0.587301587301587,63
103270,2000,0.5,2
103270,2001,0.4,5
103270,2002,0,1
103273,2001,1,1
103273,2003,0,3
103280,2000,0,1
103280,2001,0,1
103280,2002,0.428571428571429,21
103280,2003,0.5,48
103280,2004,0.577777777777778,45
103280,2007,0,9
103280,2008,0,3
103281,2000,0,1
103281,2001,0,1
103281,2002,0,1
103281,2003,0,1
103282,2001,0,3
103285,2001,0.5,4
103285,2002,0.533333333333333,30
103285,2003,0.52,50
103285,2004,0.526315789473684,57
103285,2005,0.628571428571429,70
103285,2006,0.666666666666667,45
103285,2007,0.549019607843137,51
103285,2008,0.589285714285714,56
103285,2009,0.691176470588235,68
103285,2010,0.542857142857143,35
103285,2011,0.563636363636364,55
103285,2012,0.48,50
103285,2013,0.484848484848485,33
103285,2014,0.485714285714286,35
103285,2015,0.375,16
103285,2016,0.476190476190476,21
103285,2017,0.6,5
103286,2000,1,2
103286,2004,0,1
103286,2005,0,1
103286,2006,0.5,2
103286,2007,0,4
103286,2008,0.75,4
103286,2010,1,1
103287,2000,0.666666666666667,3
103287,2001,0.333333333333333,3
103290,2001,0,1
103290,2005,0,1
103292,2000,0.519230769230769,52
103292,2001,0.54,50
103292,2002,0.704918032786885,61
103292,2003,0.606060606060606,66
103292,2004,0.60655737704918,61
103292,2005,0.727272727272727,77
103292,2006,0.541666666666667,48
103292,2007,0.285714285714286,21
103292,2008,0,1
103292,2009,0.166666666666667,6
103292,2010,0,1
103294,2000,0.405405405405405,37
103294,2001,0.358974358974359,39
103294,2002,0.34375,32
103294,2003,0.354838709677419,31
103294,2004,0.37037037037037,27
103294,2005,0.391304347826087,46
103294,2006,0.365853658536585,41
103294,2007,0.285714285714286,14
103294,2008,0.4,10
103294,2009,0.348837209302326,43
103294,2010,0,11
103296,2000,0.666666666666667,3
103296,2001,0.5,2
103296,2003,0,1
103296,2004,0.5,2
103296,2005,0,1
103296,2006,0,1
103296,2007,0,2
103297,2000,0,1
103297,2001,0.25,4
103297,2002,0.3125,16
103297,2003,0.181818181818182,11
103297,2004,0,1
103305,2000,0.444444444444444,9
103305,2001,0.1,10
103305,2002,0,1
103305,2004,0.2,10
103305,2005,0.5,2
103317,2002,0,1
103318,2002,0.4,15
103318,2003,0.0714285714285714,14
103318,2004,0.333333333333333,3
103318,2005,0,1
103319,2000,0,1
103319,2001,0,1
103319,2002,0.409090909090909,22
103319,2003,0.307692307692308,13
103319,2004,0.5,26
103319,2005,0.157894736842105,19
103319,2006,0.5,6
103324,2000,0.404761904761905,42
103324,2001,0.24,25
103324,2002,0.538461538461538,13
103324,2003,0.25,4
103324,2004,0.25,12
103325,2002,0.333333333333333,3
103325,2003,0.5,22
103325,2004,0.346153846153846,26
103325,2005,0.586206896551724,29
103325,2006,0.40625,32
103325,2007,0.4375,16
103328,2004,0,1
103333,2000,1,1
103333,2001,0.333333333333333,3
103333,2002,0,3
103333,2003,0.5625,16
103333,2004,0.409090909090909,44
103333,2005,0.425,40
103333,2006,0.472222222222222,36
103333,2007,0.671641791044776,67
103333,2008,0.553571428571429,56
103333,2009,0.5,46
103333,2010,0.653846153846154,26
103333,2011,0.432432432432432,37
103333,2012,0.484848484848485,33
103333,2013,0.533333333333333,30
103333,2014,0.564516129032258,62
103333,2015,0.603174603174603,63
103333,2016,0.571428571428571,56
103333,2017,0.428571428571429,35
103333,2018,0.451612903225806,31
103333,2019,0.333333333333333,21
103334,2004,0,1
103337,2000,0.4,5
103337,2001,0.5,2
103337,2002,0.666666666666667,3
103337,2003,0.666666666666667,3
103337,2004,0.5,6
103339,2004,0.5,2
103339,2006,0.4,5
103339,2007,0.333333333333333,3
103342,2000,0,1
103344,2000,0.5,44
103344,2001,0.566037735849057,53
103344,2002,0.491228070175439,57
103344,2003,0.538461538461538,52
103344,2004,0.60655737704918,61
103344,2005,0.703703703703704,81
103344,2006,0.753086419753086,81
103344,2007,0.661971830985915,71
103344,2008,0.485714285714286,35
103344,2009,0.581818181818182,55
103344,2010,0.555555555555556,45
103344,2011,0.568181818181818,44
103344,2012,0.333333333333333,9
103348,2000,0,1
103350,2000,0,1
103350,2002,0,2
103350,2003,0,2
103353,2003,0,1
103356,2000,0.470588235294118,17
103356,2001,0.5,52
103356,2002,0.392156862745098,51
103356,2003,0.34375,32
103356,2004,0.333333333333333,15
103356,2007,0,1
103358,2002,0,1
103363,2003,0,1
103365,2001,0,1
103369,2004,0.333333333333333,3
103369,2005,0.4,5
103369,2006,0.2,5
103371,2002,0,1
103373,2000,0.5,2
103373,2003,0.2,5
103373,2005,0,1
103373,2006,0.4,10
103373,2007,0.305555555555556,36
103373,2008,0.28,25
103373,2009,0.125,8
103377,2000,0,1
103377,2001,0,2
103381,2000,0,1
103385,2000,0,1
103385,2003,0.333333333333333,3
103385,2004,0.333333333333333,3
103385,2005,0,2
103385,2007,0,1
103387,2000,0.357142857142857,28
103387,2001,0.433333333333333,30
103387,2002,0.68,75
103387,2003,0.621621621621622,74
103387,2004,0.589041095890411,73
103387,2005,0.53030303030303,66
103387,2006,0.476190476190476,63
103387,2007,0.166666666666667,6
103393,2001,0,2
103393,2004,0.5,2
103393,2005,0,2
103393,2006,0.5,2
103393,2007,0.5,8
103393,2008,0.363636363636364,11
103393,2009,0,2
103393,2010,0.666666666666667,6
103393,2011,0,1
103395,2002,0.333333333333333,3
103395,2003,0,1
103395,2004,0,1
103395,2005,0,1
103395,2006,0,2
103395,2008,0.5,2
103395,2009,0,1
103395,2010,0,1
103397,2000,0,1
103397,2001,0.421052631578947,19
103397,2002,0.166666666666667,12
103397,2004,0,1
103400,2000,0.5,2
103401,2000,0,1
103401,2002,0,1
103401,2004,0.428571428571429,21
103401,2005,0.439024390243902,41
103401,2006,0.447368421052632,38
103401,2007,0.318181818181818,22
103401,2008,0.333333333333333,12
103401,2009,0.294117647058824,34
103401,2010,0,1
103401,2011,0.6,5
103401,2012,0.5,4
103401,2013,0.555555555555556,9
103401,2014,0.5,2
103401,2015,0.5,4
103401,2016,0,1
103402,2000,1,1
103402,2001,0.666666666666667,3
103402,2002,0.5,2
103402,2003,0,1
103402,2004,0,2
103403,2001,0.5,4
103403,2002,0,1
103403,2003,0,1
103403,2004,0.333333333333333,3
103403,2005,0.5,2
103403,2007,0,1
103408,2002,0.5,16
103408,2003,0.3125,32
103408,2004,0.0909090909090909,11
103408,2005,0.333333333333333,3
103408,2006,0.5,2
103413,2002,0.5,2
103413,2003,0,2
103413,2004,0,3
103413,2005,0,3
103413,2006,0,3
103419,2004,0.5,2
103420,2000,0.25,8
103420,2001,0.48780487804878,41
103420,2002,0.4,10
103420,2004,0.5,8
103420,2005,0.285714285714286,14
103420,2008,0,2
103421,2001,1,2
103421,2002,1,2
103421,2003,0,3
103422,2004,0,1
103424,2006,0.5,4
103427,2004,0,3
103427,2010,0,1
103428,2000,0.4375,32
103428,2001,0.5,22
103428,2002,0.628205128205128,78
103428,2003,0.559322033898305,59
103428,2004,0.573770491803279,61
103428,2005,0.518518518518518,54
103428,2006,0.526315789473684,57
103428,2007,0.615384615384615,65
103428,2008,0.538461538461538,26
103428,2009,0.44,25
103428,2010,0.538461538461538,52
103428,2011,0.547169811320755,53
103428,2012,0.333333333333333,18
103429,2003,0.333333333333333,12
103429,2004,0.375,8
103429,2005,0.333333333333333,15
103429,2006,0.375,16
103429,2007,0.25,12
103429,2008,0.333333333333333,18
103429,2009,0.25,8
103429,2010,0.305555555555556,36
103429,2011,0.2,5
103435,2003,0,1
103435,2004,0,3
103435,2008,0.5,2
103437,2008,0,1
103437,2009,0,1
103439,2000,1,1
103439,2004,0.5,2
103444,2000,0.142857142857143,7
103444,2001,0.4,5
103444,2002,0.571428571428571,14
103444,2003,0.419354838709677,31
103444,2004,0.235294117647059,17
103444,2005,0.321428571428571,28
103444,2006,0.166666666666667,6
103444,2007,0.75,4
103444,2008,0.5,6
103444,2009,0.5,4
103444,2011,0.333333333333333,6
103444,2012,0.5,4
103448,2008,0.5,2
103451,2000,0,4
103451,2001,0.333333333333333,6
103451,2002,0.142857142857143,7
103451,2003,0.2,5
103451,2004,0.555555555555556,9
103451,2005,0.416666666666667,24
103451,2006,0.380952380952381,42
103451,2007,0.285714285714286,14
103451,2008,0.428571428571429,7
103451,2009,0.392857142857143,28
103451,2010,0.409090909090909,22
103451,2011,0.222222222222222,9
103451,2012,0.318181818181818,22
103451,2013,0.285714285714286,7
103451,2014,0.6,5
103454,2000,0.519230769230769,52
103454,2001,0.452830188679245,53
103454,2002,0.608695652173913,46
103454,2003,0.642857142857143,56
103454,2004,0.6,70
103454,2005,0.463414634146341,41
103454,2006,0.584615384615385,65
103454,2007,0.395348837209302,43
103454,2008,0.428571428571429,21
103454,2009,0.428571428571429,21
103454,2010,0.333333333333333,12
103454,2011,0,2
103454,2012,0,1
103454,2013,0,1
103455,2003,0.4,5
103455,2004,0,2
103455,2005,0.5,12
103455,2006,0,4
103455,2007,1,2
103455,2008,0,1
103457,2000,0.333333333333333,3
103457,2001,0,1
103460,2003,1,1
103460,2004,0,1
103465,2003,0,1
103465,2005,0,1
103467,2006,0,1
103468,2000,0,2
103468,2001,0,1
103468,2002,0.25,4
103468,2003,0,1
103468,2004,0,2
103468,2005,0.6,5
103470,2003,0.375,16
103470,2004,0.5,8
103470,2005,0,2
103470,2006,0.444444444444444,9
103470,2007,0.217391304347826,23
103470,2008,0.25,12
103470,2009,0.36,25
103470,2010,0,4
103470,2011,0.307692307692308,13
103470,2012,0,1
103472,2000,1,2
103472,2002,0,2
103472,2003,0.666666666666667,3
103472,2004,0,3
103472,2006,0,2
103472,2008,0.666666666666667,3
103472,2009,0,1
103472,2010,0,2
103478,2003,0.5,4
103478,2004,0,1
103483,2002,0,1
103483,2003,0,1
103484,2000,0,4
103484,2001,0.55,20
103484,2002,0.59016393442623,61
103484,2003,0.551724137931034,58
103484,2004,0.535714285714286,28
103484,2005,0.625,56
103484,2006,0.705882352941177,85
103484,2007,0.683544303797468,79
103484,2008,0.666666666666667,72
103484,2009,0.533333333333333,45
103484,2010,0.46875,32
103484,2011,0.542857142857143,35
103484,2012,0.380952380952381,21
103484,2013,0.391304347826087,23
103487,2000,0.5,4
103487,2001,0.45,20
103487,2002,0.166666666666667,6
103487,2005,0.375,8
103487,2006,0.25,4
103487,2007,0.333333333333333,6
103490,2004,0.8,10
103490,2005,0.333333333333333,27
103490,2006,0.333333333333333,3
103490,2007,0.571428571428571,7
103490,2008,0.347826086956522,23
103490,2009,0.384615384615385,13
103490,2010,0.214285714285714,14
103491,2001,0,1
103497,2001,0,1
103498,2000,0.737373737373737,99
103498,2001,0.619718309859155,71
103498,2002,0.682926829268293,82
103498,2003,0.48,25
103498,2004,0.693333333333333,75
103498,2005,0.710526315789474,38
103498,2006,0.59016393442623,61
103498,2007,0.534883720930233,43
103498,2008,0.510204081632653,49
103498,2009,0.463414634146341,41
103499,2004,0.5,2
103499,2005,0.2,5
103499,2006,0,5
103499,2007,0.5,2
103499,2009,0,1
103499,2010,0,1
103499,2013,0.5,2
103499,2016,0,1
103499,2018,0.666666666666667,3
103503,2003,0,1
103503,2005,0.470588235294118,17
103503,2006,0.307692307692308,39
103503,2009,0,1
103504,2003,0.666666666666667,3
103504,2004,1,3
103505,2000,0.333333333333333,3
103505,2001,0.666666666666667,3
103505,2002,0,2
103505,2003,1,1
103505,2004,0,3
103505,2005,0.5,2
103505,2006,0,2
103506,2002,0,2
103506,2003,0,2
103506,2004,0.3,10
103506,2005,0.5,2
103506,2006,0.6,15
103506,2007,0.411764705882353,34
103506,2008,0.277777777777778,18
103506,2009,0.365853658536585,41
103506,2010,0,4
103507,2000,0.633802816901408,71
103507,2001,0.730769230769231,78
103507,2002,0.657534246575342,73
103507,2003,0.761363636363636,88
103507,2004,0.58974358974359,39
103507,2005,0.63013698630137,73
103507,2006,0.549019607843137,51
103507,2007,0.596491228070175,57
103507,2008,0.583333333333333,36
103507,2009,0.636363636363636,55
103507,2010,0.702127659574468,47
103507,2011,0.645161290322581,31
103507,2012,0.294117647058824,17
103510,2005,0.5,2
103510,2006,0,1
103514,2003,1,1
103514,2004,0.333333333333333,3
103514,2010,0,1
103514,2011,1,1
103516,2004,0,2
103516,2005,0.4,5
103516,2006,0.333333333333333,6
103516,2007,0.333333333333333,6
103520,2003,0,1
103520,2006,0,1
103520,2008,0,2
103521,2004,0,1
103521,2006,0.4,5
103521,2008,0.333333333333333,3
103521,2009,0,2
103523,2002,0,2
103523,2003,0.5,4
103523,2005,0,1
103523,2006,0.142857142857143,7
103523,2007,0.2,5
103523,2008,0.625,8
103523,2009,0.333333333333333,6
103523,2010,0.333333333333333,6
103523,2011,0,5
103525,2000,0,1
103525,2001,0.75,4
103525,2002,0.2,5
103525,2003,0.375,16
103525,2004,0.4,5
103525,2005,0,1
103525,2006,0.333333333333333,3
103525,2007,1,3
103525,2008,0,4
103525,2009,0,5
103525,2010,0.5,2
103525,2011,0,1
103527,2004,0.6,5
103529,2000,0.75,4
103529,2001,0,1
103529,2002,0.75,4
103529,2003,0.333333333333333,3
103529,2004,0.333333333333333,3
103529,2005,0.8,5
103529,2006,0.5,6
103529,2007,0.5,8
103529,2008,0.2,5
103529,2010,0.5,2
103529,2015,1,1
103530,2001,0,1
103530,2003,0.4,5
103530,2004,0,2
103530,2005,0.5,2
103530,2006,0,3
103530,2007,0.4,10
103530,2008,0,1
103531,2010,0.666666666666667,3
103531,2011,0,1
103531,2012,0,1
103534,2004,0.5,2
103534,2005,0.5,4
103534,2006,0.333333333333333,3
103534,2007,0.4,25
103534,2008,0.266666666666667,15
103534,2009,0.176470588235294,17
103534,2011,0,1
103534,2012,0.666666666666667,3
103535,2002,0,2
103535,2003,0,1
103535,2004,0.444444444444444,27
103535,2005,0.285714285714286,7
103535,2006,0.272727272727273,11
103535,2007,0.428571428571429,14
103535,2008,0.230769230769231,13
103535,2009,0,2
103535,2010,0,2
103538,2006,0.666666666666667,3
103543,2008,0.333333333333333,6
103543,2010,0.333333333333333,3
103544,2000,0,2
103544,2003,0.25,4
103544,2004,0,4
103544,2005,0.5,2
103544,2006,0,1
103544,2007,1,1
103546,2001,0,1
103553,2001,0,2
103553,2004,0,1
103553,2007,0.333333333333333,6
103553,2008,0.5,4
103559,2005,0.25,4
103560,2004,0.25,4
103563,2004,0,1
103564,2000,0,1
103564,2001,0,1
103565,2004,0.333333333333333,3
103565,2010,0.392857142857143,28
103565,2011,0.285714285714286,7
103565,2012,0,3
103565,2013,0.5,4
103565,2014,0.384615384615385,13
103565,2015,0.142857142857143,7
103565,2016,0.4375,32
103565,2017,0.0833333333333333,12
103565,2018,0.333333333333333,3
103566,2000,0.416666666666667,12
103566,2001,0.368421052631579,19
103566,2002,0.392857142857143,28
103566,2003,0.181818181818182,11
103566,2004,0.625,32
103566,2005,0.3125,32
103566,2006,0.285714285714286,14
103566,2007,0.5,36
103566,2008,0.461538461538462,39
103566,2009,0.515151515151515,33
103566,2010,0.568627450980392,51
103566,2011,0.435897435897436,39
103566,2012,0.461538461538462,26
103566,2013,0.464285714285714,28
103566,2014,0.4,10
103568,2000,0.2,5
103568,2001,0.333333333333333,3
103568,2002,0.25,4
103568,2003,0.333333333333333,3
103568,2005,0,3
103573,2002,0.5,2
103573,2003,0.625,8
103573,2004,0.6,5
103573,2005,0,2
103573,2006,0.2,10
103573,2007,0.428571428571429,7
103573,2008,0.466666666666667,15
103573,2009,0.3,10
103573,2010,0.285714285714286,7
103573,2011,0.454545454545455,11
103573,2012,0,3
103573,2013,0.25,4
103573,2014,0.5,4
103580,2001,0.5,4
103580,2002,0,1
103580,2003,0.5,4
103580,2004,0.266666666666667,15
103580,2005,0,3
103580,2006,0.428571428571429,7
103580,2007,0.25,20
103580,2008,0.444444444444444,9
103580,2009,0.166666666666667,6
103580,2010,0,1
103580,2011,0.5,2
103580,2012,0,1
103581,2001,0.625,8
103581,2002,0.448275862068966,29
103581,2003,0.543478260869565,46
103581,2004,0.441176470588235,34
103581,2005,0.4,10
103581,2006,0.4,20
103581,2007,0.777777777777778,9
103581,2009,0,1
103582,2004,0,1
103582,2005,0.333333333333333,3
103582,2006,0.266666666666667,15
103582,2007,0.5,26
103582,2008,0.25,28
103582,2009,0.384615384615385,13
103582,2010,0.416666666666667,48
103582,2011,0.435897435897436,39
103582,2012,0.3125,16
103582,2013,0.4,5
103582,2014,0.333333333333333,9
103582,2015,0.375,16
103582,2016,0.307692307692308,13
103583,2001,1,2
103586,2003,0,2
103586,2004,0.5,2
103586,2005,0,3
103586,2006,0.5,2
103590,2000,1,1
103590,2001,0,1
103590,2002,0.5,2
103590,2003,0.666666666666667,3
103590,2005,0,1
103592,2004,0.7,10
103592,2005,0.0833333333333333,12
103592,2006,0,1
103592,2007,0,2
103592,2009,0,1
103594,2001,0.5,2
103594,2002,0,2
103594,2003,1,1
103594,2005,0.428571428571429,7
103594,2006,0.448275862068966,29
103594,2007,0.2,5
103594,2008,0,2
103594,2009,0,1
103598,2000,0.5,14
103598,2001,0.622950819672131,61
103598,2002,0.574074074074074,54
103598,2003,0.461538461538462,39
103598,2004,0.469387755102041,49
103598,2005,0.523809523809524,42
103598,2006,0.563636363636364,55
103598,2007,0.705882352941177,17
103598,2008,0.352941176470588,17
103598,2009,0.444444444444444,9
103598,2010,0.488888888888889,45
103598,2011,0.48,50
103598,2012,0.466666666666667,45
103598,2013,0.40625,32
103600,2002,1,1
103600,2004,0.333333333333333,3
103600,2005,0.666666666666667,3
103600,2006,0.5,4
103600,2007,0.5,4
103600,2008,0,2
103600,2009,0.5,2
103600,2010,0,1
103600,2013,0.666666666666667,3
103600,2014,0.666666666666667,3
103602,2000,0.642857142857143,14
103602,2001,0.333333333333333,15
103602,2002,0.645161290322581,62
103602,2003,0.596774193548387,62
103602,2004,0.666666666666667,63
103602,2005,0.684931506849315,73
103602,2006,0.694444444444444,72
103602,2007,0.60655737704918,61
103602,2008,0.714285714285714,56
103602,2009,0.709090909090909,55
103602,2010,0.625,24
103602,2011,0.375,8
103602,2012,0.428571428571429,7
103607,2003,0.75,4
103607,2004,0.5,2
103607,2005,0,1
103607,2006,0,1
103607,2007,1,2
103607,2008,0.333333333333333,3
103607,2009,1,2
103607,2010,0,3
103607,2011,0.666666666666667,3
103607,2012,1,6
103607,2013,0.666666666666667,3
103607,2014,0.473684210526316,19
103607,2015,0.487179487179487,39
103607,2016,0.413793103448276,29
103607,2017,0.444444444444444,18
103607,2018,0.1,10
103609,2003,0,1
103612,2000,0.75,4
103612,2002,0.5,2
103612,2003,0.5,2
103612,2005,0.75,4
103612,2006,0.8,5
103612,2007,0.8,5
103612,2008,0.25,4
103612,2009,1,1
103621,2003,0,1
103623,2006,0,1
103626,2003,0.5,2
103626,2005,0,1
103630,2009,0.5,2
103632,2000,0.75,4
103632,2001,0.166666666666667,6
103632,2002,0.578947368421053,19
103632,2003,0.473684210526316,38
103632,2004,0.516666666666667,60
103632,2005,0.4,40
103632,2006,0.463414634146341,41
103632,2007,0.555555555555556,36
103632,2008,0.346153846153846,26
103632,2009,0.666666666666667,3
103637,2001,0,1
103637,2002,0,2
103638,2003,0.5,4
103638,2004,0.333333333333333,3
103638,2005,0.5,2
103638,2006,0,2
103638,2008,0.666666666666667,3
103638,2009,1,2
103643,2006,0,1
103645,2002,1,1
103646,2005,0,1
103647,2003,0,1
103649,2001,0,1
103653,2006,0,1
103656,2001,0.590909090909091,22
103656,2002,0.4,40
103656,2003,0.375,24
103656,2004,0.392857142857143,28
103656,2005,0.344827586206897,29
103656,2006,0.379310344827586,29
103656,2007,0.489795918367347,49
103656,2008,0.511111111111111,45
103656,2009,0.543478260869565,46
103656,2010,0.612903225806452,62
103656,2011,0.468085106382979,47
103656,2012,0.304347826086957,23
103656,2013,0.486486486486487,37
103656,2014,0.448275862068966,29
103656,2015,0.466666666666667,15
103656,2016,0.466666666666667,15
103656,2017,0.5,2
103657,2004,0,1
103657,2006,0.333333333333333,3
103657,2007,0,1
103657,2008,0,1
103657,2012,0,1
103657,2013,0,1
103659,2000,0.333333333333333,3
103659,2002,0.5,2
103663,2002,0,1
103663,2004,0.5,2
103663,2005,0,2
103666,2003,0,1
103666,2004,0.5,2
103666,2005,0,1
103666,2006,0.5,4
103668,2006,0.6,5
103668,2007,0.5,2
103668,2008,0.5,2
103668,2009,0,1
103672,2001,0.666666666666667,3
103672,2002,0,1
103672,2003,0.384615384615385,13
103672,2004,0.578947368421053,19
103672,2005,0.378378378378378,37
103672,2006,0.307692307692308,13
103672,2007,0.416666666666667,12
103672,2009,0,3
103672,2010,0.388888888888889,18
103672,2011,0.333333333333333,24
103672,2012,0.25,8
103672,2013,0,1
103674,2007,0,3
103675,2006,0.5,4
103675,2007,0,2
103675,2008,0.333333333333333,3
103675,2009,0.2,20
103675,2010,0,2
103675,2011,0.375,8
103675,2012,0.2,5
103676,2006,0,1
103676,2008,0,1
103676,2009,0,3
103676,2010,0,2
103676,2011,0.428571428571429,7
103676,2012,0.333333333333333,3
103677,2000,0,1
103682,2003,0,2
103682,2005,0,1
103682,2007,1,1
103682,2008,0,1
103682,2009,0.666666666666667,3
103682,2010,0,2
103684,2006,0,1
103684,2007,0,1
103684,2008,0,1
103690,2003,0,1
103690,2004,0,1
103690,2007,1,2
103693,2002,0,1
103693,2003,0.375,8
103693,2004,0.357142857142857,28
103693,2005,0.166666666666667,6
103693,2006,0.333333333333333,9
103693,2007,0.375,8
103693,2008,0.111111111111111,9
103693,2009,0.25,4
103693,2010,0,3
103694,2000,0.642857142857143,14
103694,2001,0.3125,32
103694,2002,0.463414634146341,41
103694,2003,0.452830188679245,53
103694,2004,0.441860465116279,43
103694,2005,0.578125,64
103694,2006,0.622641509433962,53
103694,2007,0.404255319148936,47
103694,2008,0.351351351351351,37
103694,2009,0.608695652173913,23
103694,2010,0.394736842105263,38
103694,2011,0.448275862068966,29
103694,2012,0.303030303030303,33
103694,2013,0.285714285714286,7
103699,2003,0,2
103699,2004,0.5,2
103700,2002,0,1
103700,2004,0.25,4
103700,2005,0.333333333333333,3
103700,2006,0.4,5
103700,2007,0.2,10
103701,2006,0.5,4
103701,2007,0.4,35
103701,2008,0.25,8
103702,2006,0.5,2
103704,2002,0,1
103708,2005,0,1
103708,2011,0,4
103708,2013,0.333333333333333,3
103709,2000,0.428571428571429,7
103709,2001,0.620689655172414,29
103709,2002,0.416666666666667,36
103709,2003,0.333333333333333,6
103709,2004,0.25,12
103709,2005,0,2
103709,2006,0.333333333333333,15
103709,2007,0.25,20
103709,2008,0,2
103711,2003,0,1
103714,2000,0.571428571428571,49
103714,2001,0.508771929824561,57
103714,2002,0.277777777777778,18
103714,2003,0.421052631578947,19
103714,2006,0.2,5
103714,2009,0.4,10
103714,2010,0.166666666666667,6
103714,2011,0,1
103714,2013,0,1
103715,2002,0,2
103716,2004,0,1
103716,2005,0.333333333333333,6
103718,2007,0,1
103720,2000,0.7625,80
103720,2001,0.816326530612245,98
103720,2002,0.794871794871795,78
103720,2003,0.787234042553192,47
103720,2004,0.790697674418605,86
103720,2005,0.791666666666667,48
103720,2006,0.6875,48
103720,2007,0.690909090909091,55
103720,2008,0.642857142857143,28
103720,2009,0.62962962962963,54
103720,2010,0.647058823529412,34
103720,2011,0.45,20
103720,2012,0.53125,32
103720,2013,0.622222222222222,45
103720,2014,0.483870967741935,31
103720,2015,0.307692307692308,13
103720,2016,0.5,2
103722,2002,0,1
103722,2003,0,1
103722,2004,0.4,5
103722,2005,0.5,20
103722,2006,0.469387755102041,49
103722,2007,0.418604651162791,43
103722,2008,0.439024390243902,41
103722,2009,0.452830188679245,53
103722,2010,0.41304347826087,46
103722,2011,0.25,16
103722,2012,0.384615384615385,13
103722,2013,0,4
103722,2014,0,1
103726,2004,0,1
103726,2006,0.25,8
103730,2003,0,1
103730,2004,0.5,6
103730,2005,0.333333333333333,3
103730,2006,0,1
103730,2007,0,1
103735,2000,0.333333333333333,3
103735,2003,0,1
103735,2007,0.5,2
103735,2008,0.5,2
103735,2009,0,1
103736,2004,0,1
103737,2002,0,5
103737,2003,0.5,2
103737,2005,0.4,5
103737,2006,0.416666666666667,12
103739,2000,0.5,4
103739,2001,0.75,4
103739,2002,0.5,4
103739,2003,0.5,4
103739,2004,0.5,2
103739,2005,0.5,2
103739,2006,0,1
103739,2008,0,1
103739,2009,0.666666666666667,3
103739,2010,0,1
103746,2001,0,3
103746,2002,0.5,2
103746,2003,0,2
103746,2004,0.75,4
103746,2005,0.333333333333333,3
103746,2006,0.666666666666667,3
103746,2008,0,1
103746,2009,0,1
103746,2011,0.5,2
103746,2012,1,1
103746,2013,1,1
103746,2014,0,1
103747,2006,0.5,2
103747,2007,0.5,4
103747,2008,0.5,2
103747,2009,0,2
103747,2010,0.5,2
103747,2011,0,1
103748,2008,0,2
103751,2000,0.5,2
103752,2003,0,1
103752,2005,0,2
103752,2006,0.407407407407407,27
103752,2007,0.166666666666667,12
103752,2008,0,1
103752,2009,0.5,30
103752,2010,0.342105263157895,38
103752,2011,0.5,6
103754,2001,0,1
103754,2003,0,1
103754,2004,0.5,2
103754,2005,0,1
103758,2000,0.3,10
103758,2001,0.434782608695652,23
103758,2002,0.540540540540541,37
103758,2003,0.682926829268293,41
103758,2004,0.553571428571429,56
103758,2005,0.611111111111111,54
103758,2006,0.2,5
103758,2009,0.444444444444444,27
103758,2010,0.387096774193548,31
103760,2010,0,1
103760,2012,0,2
103761,2004,0.5,2
103761,2005,0.25,4
103761,2006,0,2
103761,2007,0.333333333333333,3
103761,2008,0,1
103762,2005,0,1
103763,2008,0.333333333333333,3
103770,2004,0.5,4
103770,2006,0.333333333333333,3
103775,2005,0,1
103775,2006,0,1
103781,2000,0,5
103781,2001,0.5,2
103781,2002,0.454545454545455,22
103781,2003,0.424242424242424,33
103781,2004,0.5,54
103781,2005,0.5,52
103781,2006,0.566666666666667,60
103781,2007,0.470588235294118,51
103781,2008,0.537037037037037,54
103781,2009,0.553846153846154,65
103781,2010,0.67948717948718,78
103781,2011,0.488888888888889,45
103781,2012,0.458333333333333,48
103781,2013,0.469387755102041,49
103781,2014,0.428571428571429,35
103781,2015,0.428571428571429,21
103781,2016,0.571428571428571,7
103781,2017,0,2
103781,2018,0.666666666666667,3
103782,2006,0,1
103782,2010,0,1
103786,2000,0.75,4
103786,2001,0.304347826086957,23
103786,2002,0.41025641025641,39
103786,2003,0.431034482758621,58
103786,2004,0.532258064516129,62
103786,2005,0.651162790697674,86
103786,2006,0.707070707070707,99
103786,2007,0.629213483146067,89
103786,2008,0.716216216216216,74
103786,2009,0.75,76
103786,2010,0.6,50
103786,2011,0.509803921568627,51
103786,2012,0.518518518518518,54
103786,2013,0.439024390243902,41
103786,2014,0.375,16
103789,2001,0.416666666666667,12
103789,2002,0.310344827586207,29
103789,2003,0.272727272727273,22
103789,2004,0.432432432432432,37
103789,2005,0.352941176470588,17
103789,2006,0.7,10
103789,2007,1,1
103789,2008,0,1
103792,2000,0,1
103792,2002,0,1
103794,2006,0.529411764705882,17
103794,2007,0.4,55
103794,2008,0.321428571428571,28
103794,2009,0.424242424242424,33
103794,2010,0.491803278688525,61
103794,2011,0.25,12
103794,2012,0.4,25
103794,2013,0.333333333333333,30
103794,2014,0.509803921568627,51
103794,2015,0.34375,32
103794,2016,0.333333333333333,27
103794,2017,0,3
103799,2000,0,1
103799,2002,0,1
103799,2003,0.333333333333333,3
103799,2006,0,1
103799,2008,0,4
103799,2011,0,3
103799,2012,0,7
103803,2004,0.5,2
103803,2005,0.333333333333333,3
103803,2007,0,1
103805,2007,0,1
103808,2003,0,1
103808,2004,0.55,20
103808,2005,0.45945945945946,37
103808,2006,0.433333333333333,30
103808,2007,0.509803921568627,51
103808,2008,0.431818181818182,44
103808,2009,0.4,40
103808,2010,0.509803921568627,51
103808,2011,0.48,50
103808,2012,0.307692307692308,26
103808,2013,0.5,2
103808,2014,0.333333333333333,3
103812,2002,0.625,8
103812,2003,0.535714285714286,28
103812,2004,0.431818181818182,44
103812,2005,0.509803921568627,51
103812,2006,0,7
103812,2007,0.444444444444444,18
103812,2008,0.511111111111111,45
103812,2009,0.45,60
103812,2010,0.52,50
103812,2011,0.390243902439024,41
103812,2012,0.3,20
103812,2013,0.444444444444444,45
103812,2014,0.36,25
103812,2015,0.5,2
103813,2000,0.75,4
103813,2001,0.7,10
103813,2002,0.509433962264151,53
103813,2003,0.585714285714286,70
103813,2004,0.512820512820513,39
103813,2005,0.6,55
103813,2006,0.670731707317073,82
103813,2007,0.569230769230769,65
103813,2008,0.4375,48
103813,2009,0.482758620689655,29
103813,2010,0.517241379310345,58
103813,2011,0.479166666666667,48
103813,2012,0.481481481481481,54
103813,2013,0.542372881355932,59
103813,2014,0.490196078431373,51
103813,2015,0.4,30
103813,2016,1,3
103817,2002,0.25,4
103817,2004,0.333333333333333,3
103817,2005,0.5,4
103817,2006,0.2,5
103819,2000,0.545454545454545,66
103819,2001,0.7,70
103819,2002,0.719512195121951,82
103819,2003,0.827956989247312,93
103819,2004,0.925925925925926,81
103819,2005,0.952941176470588,85
103819,2006,0.948453608247423,97
103819,2007,0.884615384615385,78
103819,2008,0.807228915662651,83
103819,2009,0.835616438356164,73
103819,2010,0.835443037974684,79
103819,2011,0.842105263157895,76
103819,2012,0.850574712643678,87
103819,2013,0.727272727272727,66
103819,2014,0.855421686746988,83
103819,2015,0.851351351351351,74
103819,2016,0.75,28
103819,2017,0.916666666666667,60
103819,2018,0.836065573770492,61
103819,2019,0.833333333333333,66
103820,2002,0,1
103820,2003,0,2
103820,2005,0,9
103820,2006,0.5,2
103820,2007,0,1
103821,2000,0,2
103821,2001,0.5,6
103821,2002,0.666666666666667,6
103821,2003,0.571428571428571,7
103821,2004,0.2,5
103821,2005,0.4,10
103821,2006,0.428571428571429,21
103821,2007,0.321428571428571,28
103821,2008,0.333333333333333,6
103821,2009,0.333333333333333,9
103821,2010,0,1
103821,2011,0.8,5
103821,2012,0.25,4
103821,2013,0.666666666666667,3
103821,2015,0,2
103822,2008,0,1
103823,2002,0,1
103823,2005,0.25,4
103823,2006,0.5,18
103823,2007,0,5
103823,2008,0.428571428571429,35
103823,2009,0.181818181818182,11
103823,2011,0.285714285714286,14
103823,2012,0.5,2
103824,2000,0.5,2
103824,2001,0,1
103824,2002,1,2
103824,2003,0.75,4
103824,2004,0.5,2
103824,2005,1,3
103824,2006,0,1
103826,2006,0,1
103828,2001,0.5,2
103828,2002,1,1
103828,2003,1,1
103828,2005,1,1
103828,2006,1,2
103829,2006,0,2
103829,2009,0,1
103830,2003,0,2
103830,2004,0.5,2
103830,2005,0,1
103830,2007,0,1
103830,2008,0,1
103830,2009,0.428571428571429,7
103834,2000,0,1
103834,2001,0,1
103835,2001,0.4,5
103835,2002,0,2
103835,2003,0.5,36
103835,2004,0.581818181818182,55
103835,2005,0.5,56
103835,2006,0.557377049180328,61
103835,2007,0.456521739130435,46
103835,2008,0.296296296296296,27
103835,2009,0,3
103835,2010,0.4,10
103835,2011,0.40625,32
103835,2012,0.34375,32
103835,2013,0.294117647058824,17
103835,2014,0.0625,16
103835,2016,0,2
103837,2002,0.25,4
103837,2003,0,1
103837,2004,0,1
103837,2006,0,1
103841,2003,0,1
103843,2003,0,1
103843,2004,0.363636363636364,11
103843,2005,0.4,5
103843,2006,0.5,10
103843,2007,0.5,6
103843,2009,0.434782608695652,23
103843,2010,0.325581395348837,43
103843,2011,0.428571428571429,7
103843,2012,0.285714285714286,14
103843,2013,0.166666666666667,6
103843,2014,0,4
103843,2015,0.25,4
103843,2016,0.375,8
103843,2017,0.285714285714286,7
103847,2004,0,1
103849,2003,0,1
103849,2004,0,1
103849,2005,0.2,5
103849,2006,0,1
103850,2008,0.5,4
103850,2009,0.666666666666667,3
103850,2011,0,1
103851,2006,0,2
103851,2008,0.5,4
103851,2009,0.666666666666667,3
103851,2010,0.333333333333333,3
103851,2011,0.4,5
103851,2012,0,3
103852,2000,0,1
103852,2001,0.285714285714286,7
103852,2002,0.514285714285714,35
103852,2003,0.53125,64
103852,2004,0.55,60
103852,2005,0.525423728813559,59
103852,2006,0.395833333333333,48
103852,2007,0.519230769230769,52
103852,2008,0.5,52
103852,2009,0.414634146341463,41
103852,2010,0.529411764705882,51
103852,2011,0.580645161290323,62
103852,2012,0.481481481481481,54
103852,2013,0.607843137254902,51
103852,2014,0.615384615384615,65
103852,2015,0.551724137931034,58
103852,2016,0.563636363636364,55
103852,2017,0.510204081632653,49
103852,2018,0.511627906976744,43
103852,2019,0.448275862068966,29
103857,2002,0,1
103857,2003,0,3
103857,2004,0.5,4
103857,2005,0.6,5
103857,2006,0.4,25
103857,2007,0.4,40
103857,2008,0.517241379310345,29
103857,2009,0.340425531914894,47
103857,2010,0.3,20
103857,2011,0.432432432432432,37
103857,2012,0.185185185185185,27
103857,2013,0,1
103860,2002,0,2
103860,2006,0.333333333333333,3
103860,2007,0.5,2
103860,2008,0,1
103860,2009,0,2
103860,2010,0,1
103860,2012,0,1
103863,2001,0,1
103863,2002,0,1
103863,2004,0,1
103863,2007,0,1
103863,2008,0.5,4
103863,2009,0.5,2
103863,2012,0,1
103863,2013,0,1
103864,2003,0.333333333333333,3
103864,2004,0,2
103864,2006,0,2
103864,2008,0,1
103864,2009,1,1
103865,2003,0,1
103865,2004,0.333333333333333,3
103865,2005,0.333333333333333,6
103865,2006,0,1
103865,2007,0.5,2
103868,2004,0,1
103868,2005,0.75,4
103868,2006,0.222222222222222,9
103868,2007,0.434782608695652,23
103868,2008,0.35,20
103868,2009,0.321428571428571,28
103868,2010,0.2,10
103868,2011,0.333333333333333,3
103868,2012,0.5,2
103872,2009,0.25,4
103872,2010,0.333333333333333,3
103875,2005,0.333333333333333,3
103875,2007,0,1
103875,2011,1,1
103875,2015,0,1
103877,2000,0,2
103877,2001,0.75,4
103877,2002,0.6,5
103877,2003,0.5,2
103877,2004,0,1
103877,2005,0,1
103878,2005,0,1
103882,2009,0,1
103888,2000,0.4,5
103888,2001,0.384615384615385,13
103888,2002,0.5,22
103888,2003,0.609375,64
103888,2004,0.591836734693878,49
103888,2005,0.352941176470588,17
103888,2006,0.560975609756098,41
103888,2007,0.51063829787234,47
103888,2008,0.581818181818182,55
103888,2009,0.538461538461538,39
103888,2010,0.727272727272727,55
103888,2011,0.63235294117647,68
103888,2012,0.636363636363636,33
103888,2013,0.444444444444444,9
103888,2015,0.4,5
103891,2002,0,1
103891,2003,0,1
103891,2004,0,2
103891,2005,0,1
103891,2006,0.666666666666667,3
103891,2007,0.5,2
103891,2008,0,2
103891,2011,0,2
103891,2014,0.333333333333333,3
103893,2006,0,1
103893,2007,0.5,2
103893,2009,0,1
103893,2010,0.176470588235294,17
103893,2011,0.4,5
103893,2012,0.357142857142857,28
103893,2013,0.314285714285714,35
103893,2014,0.44,25
103893,2015,0.307692307692308,26
103893,2016,0.509803921568627,51
103893,2017,0.416666666666667,60
103893,2018,0.272727272727273,22
103893,2019,0.4,15
103894,2000,0,4
103894,2006,0.5,2
103894,2007,0,3
103898,2001,0.5,2
103898,2002,0,2
103898,2003,0.3,10
103898,2004,0.482758620689655,29
103898,2005,0.217391304347826,23
103898,2006,0.521739130434783,46
103898,2007,0.431372549019608,51
103898,2008,0.536585365853659,41
103898,2009,0.481481481481481,54
103898,2010,0.577777777777778,45
103898,2011,0.5,42
103898,2012,0.529411764705882,51
103898,2013,0.519230769230769,52
103898,2014,0.530612244897959,49
103898,2015,0.166666666666667,6
103898,2016,0.333333333333333,21
103898,2017,0.481481481481481,27
103898,2018,0.421052631578947,19
103899,2000,0,1
103899,2001,0,2
103899,2002,0.75,4
103899,2003,0,4
103899,2004,1,1
103899,2005,0.333333333333333,3
103899,2006,0.666666666666667,3
103899,2007,0.333333333333333,3
103899,2010,0,3
103900,2000,0,2
103900,2001,0.653846153846154,26
103900,2002,0.6,60
103900,2003,0.666666666666667,63
103900,2004,0.708333333333333,48
103900,2005,0.698412698412698,63
103900,2006,0.698412698412698,63
103900,2007,0.63265306122449,49
103900,2008,0.733333333333333,60
103900,2009,0.636363636363636,22
103900,2010,0.717948717948718,39
103900,2011,0.628571428571429,35
103900,2012,0.552631578947368,38
103900,2013,0.545454545454545,11
103902,2015,1,1
103902,2016,0.5,2
103905,2002,0.333333333333333,3
103905,2003,0.5,2
103908,2000,0.4,5
103908,2001,0.25,4
103908,2002,0.594594594594595,37
103908,2003,0.41025641025641,39
103908,2004,0.45,20
103908,2005,0.491228070175439,57
103908,2006,0.450980392156863,51
103908,2007,0.657534246575342,73
103908,2008,0.526315789473684,57
103908,2009,0.491228070175439,57
103908,2010,0.34375,32
103908,2012,0.448275862068966,29
103908,2013,0.24,25
103908,2014,0.392857142857143,28
103908,2015,0.368421052631579,19
103908,2016,0.473684210526316,38
103908,2017,0.1,10
103909,2000,0.428571428571429,7
103909,2001,0.634146341463415,41
103909,2002,0.578947368421053,38
103909,2003,0.782051282051282,78
103909,2004,0.722222222222222,54
103909,2005,0.670731707317073,82
103909,2006,0.44,25
103909,2008,0.142857142857143,7
103912,2001,0,1
103912,2002,0.333333333333333,3
103912,2003,0.5,2
103913,2004,0.666666666666667,3
103914,2002,0,1
103914,2003,0,1
103914,2004,0,1
103914,2005,0,1
103914,2007,0,1
103914,2011,0,1
103917,2000,0,2
103917,2001,0.2,5
103917,2002,0,1
103917,2003,0.333333333333333,9
103917,2004,0.230769230769231,13
103917,2005,0.166666666666667,6
103917,2006,0.366666666666667,30
103917,2007,0.522727272727273,44
103917,2008,0.375,40
103917,2009,0.5,8
103917,2010,0.3,10
103917,2011,0.478260869565217,23
103917,2012,0.470588235294118,34
103917,2013,0.692307692307692,26
103917,2014,0.371428571428571,35
103917,2015,0.5,22
103917,2016,0.534883720930233,43
103917,2017,0.441176470588235,34
103917,2018,0.357142857142857,14
103917,2019,0.571428571428571,7
103920,2004,0.5,2
103920,2005,0.5,2
103920,2006,0,3
103920,2010,0,1
103921,2003,0,1
103921,2004,0,2
103921,2006,0,2
103923,2002,0,1
103923,2003,1,1
103924,2007,0,1
103925,2003,0,1
103925,2012,0,1
103926,2008,0,1
103926,2009,0,2
103926,2010,0.5,2
103926,2011,0,1
103926,2012,0.428571428571429,7
103926,2013,0.285714285714286,7
103926,2014,0,1
103926,2016,0.1875,16
103936,2000,0,1
103936,2002,0.75,4
103936,2003,0,1
103936,2004,0.5,2
103936,2005,0.6,5
103936,2006,1,2
103936,2007,0,2
103936,2009,0.5,2
103936,2010,0,3
103936,2011,0,1
103937,2004,0.5,2
103937,2005,0,2
103946,2005,1,1
103948,2002,0,2
103948,2003,0.333333333333333,6
103948,2004,0,1
103949,2006,0,1
103956,2006,0,1
103963,2003,0,1
103963,2004,0,1
103963,2005,0,1
103964,2005,0,1
103967,2003,0,1
103967,2005,0.25,4
103967,2006,0,3
103967,2007,0,1
103967,2008,0,2
103967,2009,0.166666666666667,6
103967,2010,0.5,6
103967,2011,0.333333333333333,3
103967,2012,0,1
103967,2013,1,1
103967,2014,0,2
103967,2015,0,1
103969,2011,0,1
103969,2012,0,1
103970,2002,0.611111111111111,18
103970,2003,0.422222222222222,45
103970,2004,0.483333333333333,60
103970,2005,0.597222222222222,72
103970,2006,0.611940298507463,67
103970,2007,0.726190476190476,84
103970,2008,0.656716417910448,67
103970,2009,0.652173913043478,69
103970,2010,0.714285714285714,84
103970,2011,0.756410256410256,78
103970,2012,0.829787234042553,94
103970,2013,0.717647058823529,85
103970,2014,0.701298701298701,77
103970,2015,0.774647887323944,71
103970,2016,0.610169491525424,59
103970,2017,0.543478260869565,46
103970,2018,0.333333333333333,27
103970,2019,0.571428571428571,14
103971,2002,0.222222222222222,9
103971,2003,0.303030303030303,33
103971,2004,0.5,44
103971,2005,0.425531914893617,47
103971,2009,0.363636363636364,11
103971,2010,0.0833333333333333,12
103971,2011,0.285714285714286,14
103971,2012,0.181818181818182,11
103974,2000,0.25,4
103975,2005,0,1
103976,2005,0,3
103976,2006,0,1
103976,2007,0.333333333333333,6
103976,2008,0.3,10
103976,2009,0,2
103976,2011,0.5,2
103978,2006,0.5,2
103978,2007,0.571428571428571,7
103978,2009,0,1
103984,2006,0,1
103986,2002,0,1
103986,2003,0.5,4
103986,2005,0.666666666666667,3
103988,2002,0,1
103990,2000,0,2
103990,2001,0.649122807017544,57
103990,2002,0.559322033898305,59
103990,2003,0.59375,64
103990,2004,0.623188405797101,69
103990,2005,0.63235294117647,68
103990,2006,0.628205128205128,78
103990,2007,0.64,75
103990,2008,0.627118644067797,59
103990,2009,0.647887323943662,71
103990,2010,0.465116279069767,43
103990,2011,0.588235294117647,34
103990,2012,0.428571428571429,14
103990,2013,0.641509433962264,53
103990,2014,0.623188405797101,69
103990,2015,0.533333333333333,45
103990,2016,0.25,8
103990,2017,0.352941176470588,17
103990,2018,0,2
103990,2019,0,1
103997,2001,0.5,2
103997,2003,0.5,2
103997,2004,0.625,8
103997,2005,0.666666666666667,3
103997,2006,0.384615384615385,13
103997,2007,0.4,5
103997,2009,0.5,18
103997,2010,0.390243902439024,41
103997,2011,0.5,34
103997,2012,0.461538461538462,52
103997,2013,0.354838709677419,31
103997,2014,0.266666666666667,15
103997,2015,0.25,4
103998,2001,0,1
103998,2002,0,1
103999,2001,0,1
103999,2006,0.5,6
103999,2007,0.142857142857143,7
103999,2008,0.25,4
103999,2009,0.166666666666667,6
103999,2010,0.166666666666667,6
103999,2011,0,1
103999,2012,0,1
103999,2013,0,2
104000,2000,0.333333333333333,3
104000,2001,0,3
104000,2002,0,2
104000,2003,0,1
104001,2005,0,1
104001,2006,0.5,2
104001,2007,0,2
104003,2005,0,1
104003,2006,0.333333333333333,3
104003,2008,0.5,6
104003,2009,0.291666666666667,24
104003,2010,0.375,8
104003,2011,0.142857142857143,7
104003,2012,0.333333333333333,3
104003,2013,0,1
104004,2002,0,1
104004,2003,0,1
104004,2006,0,1
104004,2007,0.333333333333333,3
104004,2008,0,2
104004,2010,0.25,4
104004,2012,0,2
104007,2006,0.5,2
104007,2011,0,1
104007,2013,0.5,2
104007,2015,0,1
104007,2016,0,1
104008,2004,0,1
104008,2005,0,2
104008,2006,0,2
104008,2007,0.5,2
104008,2008,1,1
104008,2009,1,1
104010,2004,0,1
104010,2005,0,1
104010,2006,0.25,4
104010,2009,0,4
104010,2010,0,2
104011,2002,0,2
104011,2004,1,1
104011,2007,0,1
104014,2000,0.5,2
104014,2001,0.25,4
104014,2003,0.5,2
104014,2004,0,2
104014,2007,0,1
104019,2002,0.8,5
104019,2003,0.2,10
104019,2004,0.391304347826087,23
104019,2005,0.470588235294118,17
104019,2006,0.581818181818182,55
104019,2007,0.363636363636364,44
104019,2008,0.260869565217391,23
104019,2009,0.409090909090909,22
104019,2010,0.166666666666667,12
104021,2005,0,1
104022,2000,0.428571428571429,14
104022,2001,0.48780487804878,41
104022,2002,0.586206896551724,58
104022,2003,0.5,52
104022,2004,0.608695652173913,69
104022,2005,0.488888888888889,45
104022,2006,0.531914893617021,47
104022,2007,0.6875,80
104022,2008,0.511111111111111,45
104022,2009,0.6,70
104022,2010,0.682539682539683,63
104022,2011,0.529411764705882,51
104022,2012,0.596491228070175,57
104022,2013,0.612903225806452,62
104022,2014,0.439024390243902,41
104022,2015,0.28125,32
104022,2016,0.45945945945946,37
104022,2017,0.333333333333333,30
104022,2018,0.28,25
104023,2011,0.5,2
104025,2003,0.25,4
104025,2004,0.285714285714286,7
104025,2005,0.2,5
104025,2006,0.25,4
104025,2007,0.272727272727273,33
104025,2008,0.533333333333333,15
104025,2009,0.375,8
104025,2011,0.6,5
104025,2012,0.6,5
104026,2000,0,1
104026,2001,0,2
104026,2002,0.5,2
104026,2003,0.285714285714286,7
104026,2004,0.614035087719298,57
104026,2005,0.558823529411765,34
104026,2006,0.625,8
104026,2007,0.444444444444444,9
104026,2008,0.5,2
104026,2009,0.6,5
104026,2010,0,1
104026,2011,0.5,2
104027,2000,0,3
104027,2001,0,1
104027,2002,0.666666666666667,3
104027,2003,0,2
104027,2005,0.5,2
104027,2006,0,1
104027,2007,0,1
104028,2006,0,2
104034,2001,0,1
104035,2003,0,2
104035,2004,0,1
104035,2005,0.384615384615385,13
104035,2006,0.0833333333333333,12
104035,2007,0,3
104035,2008,0.40625,32
104035,2009,0.1875,16
104035,2010,0,2
104035,2011,0,3
104035,2012,0.363636363636364,11
104035,2013,0.333333333333333,6
104036,2003,0,1
104036,2004,0.25,4
104036,2007,0,1
104037,2005,0,1
104040,2005,0,1
104040,2006,0,1
104043,2001,0.714285714285714,7
104043,2002,0.5,4
104043,2003,0.333333333333333,6
104043,2004,0.428571428571429,21
104043,2005,0.4,5
104043,2007,0,1
104043,2008,0.25,4
104043,2010,0,2
104043,2013,1,1
104043,2014,0,1
104046,2003,0,2
104046,2005,0.666666666666667,3
104051,2000,0.6,5
104051,2001,0,2
104051,2002,1,1
104051,2004,0,1
104053,2000,0.5,8
104053,2001,0.714285714285714,56
104053,2002,0.717948717948718,78
104053,2003,0.791208791208791,91
104053,2004,0.8,90
104053,2005,0.797297297297297,74
104053,2006,0.7,70
104053,2007,0.771428571428571,70
104053,2008,0.735294117647059,68
104053,2009,0.765625,64
104053,2010,0.727272727272727,66
104053,2011,0.68,50
104053,2012,0.58974358974359,39
104056,2003,0,2
104056,2004,0,2
104056,2005,0.125,8
104056,2006,0.2,5
104056,2007,0.2,10
104056,2008,0.4,20
104056,2009,0.222222222222222,9
104059,2003,0,2
104059,2007,0,1
104063,2000,0,1
104063,2001,0,2
104063,2005,0,3
104063,2007,0.5,4
104067,2009,0.25,4
104068,2001,0.375,8
104068,2002,0.333333333333333,18
104068,2003,0.62,50
104068,2004,0.458333333333333,48
104068,2005,0.616666666666667,60
104068,2006,0.48,50
104068,2007,0.354838709677419,31
104068,2008,0.555555555555556,45
104068,2009,0.382352941176471,34
104068,2010,0.363636363636364,22
104068,2011,0.333333333333333,6
104068,2012,0.333333333333333,6
104068,2013,0.5,4
104068,2014,0.272727272727273,11
104070,2005,0,1
104070,2006,0,2
104070,2007,0,1
104070,2008,0,1
104070,2009,0.5,4
104070,2010,0,2
104071,2009,0.75,4
104071,2010,0.666666666666667,6
104071,2011,0,2
104076,2001,0.4,20
104076,2002,0.547619047619048,42
104076,2003,0.366666666666667,30
104076,2004,0.529411764705882,34
104076,2005,0.509433962264151,53
104076,2006,0.60377358490566,53
104076,2007,0.534883720930233,43
104076,2008,0.509803921568627,51
104076,2009,0.5,42
104076,2010,0.25,4
104076,2011,0.666666666666667,3
104081,2003,0.5,4
104081,2004,0.666666666666667,6
104081,2006,0.303030303030303,33
104081,2007,0.5,20
104081,2008,0.25,16
104081,2009,0,1
104081,2013,0,1
104082,2001,0.5,2
104082,2002,0,1
104082,2008,0,1
104086,2005,0.666666666666667,3
104091,2008,0.333333333333333,3
104093,2003,0,1
104095,2007,0,2
104095,2008,0,2
104095,2009,0.5,4
104095,2010,0,5
104095,2011,0,1
104095,2014,0,2
104095,2015,0,1
104095,2016,0,1
104098,2001,0.75,4
104098,2003,0.4,5
104098,2004,0.413793103448276,29
104098,2005,0.515151515151515,33
104098,2006,0.586666666666667,75
104098,2007,0.555555555555556,54
104098,2008,0.607142857142857,56
104098,2009,0.451612903225806,31
104098,2010,0.4,15
104098,2011,0.513513513513513,37
104098,2012,0.214285714285714,14
104098,2013,0.574074074074074,54
104098,2014,0.424242424242424,33
104098,2016,0.142857142857143,7
104098,2017,0.166666666666667,6
104099,2004,0,1
104099,2005,0,1
104106,2011,0,1
104112,2005,0.333333333333333,3
104112,2006,0.6,5
104112,2007,0.5,6
104112,2008,0.4,5
104112,2009,0.75,4
104112,2010,0.6,5
104112,2011,1,1
104112,2012,0.2,5
104112,2013,0.6,5
104112,2014,0.4,5
104112,2015,0.4,5
104112,2016,0.5,2
104113,2003,0,1
104113,2006,1,1
104113,2007,0,1
104113,2009,0.5,2
104113,2010,1,1
104113,2013,0,1
104115,2005,0,2
104115,2006,0,1
104117,2000,0.5,2
104117,2001,0,3
104117,2003,0.375,8
104117,2004,0,5
104117,2005,0.571428571428571,14
104117,2006,0,2
104117,2009,0.285714285714286,7
104117,2010,0,5
104117,2015,0,1
104117,2016,0,1
104117,2017,0.5,2
104121,2005,0,5
104121,2006,0,1
104121,2007,0.333333333333333,3
104122,2005,0,1
104122,2006,0.238095238095238,21
104122,2007,0.423076923076923,26
104122,2008,0.157894736842105,19
104122,2010,0.5,6
104122,2011,0.394736842105263,38
104122,2012,0.446428571428571,56
104122,2013,0.528301886792453,53
104122,2014,0.5,38
104122,2015,0.444444444444444,18
104122,2016,0.4,10
104122,2017,0.393939393939394,33
104122,2018,0.166666666666667,6
104122,2019,0,3
104126,2002,0,2
104126,2003,0,1
104136,2002,0,1
104136,2004,1,1
104136,2005,1,1
104136,2006,0.5,6
104136,2007,0,2
104136,2008,0,1
104136,2009,0,2
104136,2010,0,1
104136,2011,0.333333333333333,3
104138,2005,0.25,4
104140,2007,0.5,4
104140,2008,0.25,4
104149,2008,0.333333333333333,3
104154,2003,0,1
104154,2004,0.5,2
104154,2005,0.5,4
104154,2006,0.45,20
104154,2007,0.5,26
104154,2008,0.3,20
104154,2009,0.36,25
104154,2010,0.333333333333333,3
104154,2011,0.181818181818182,11
104154,2012,0.3,10
104154,2013,0.4,5
104156,2000,0,1
104158,2009,0,1
104160,2005,0.272727272727273,11
104160,2006,0.266666666666667,30
104160,2007,0.333333333333333,21
104160,2008,0.285714285714286,7
104160,2009,0.5,4
104160,2010,0.5,2
104161,2006,0,1
104162,2004,0.5,2
104162,2005,0.5,2
104162,2006,0,2
104162,2007,1,1
104162,2009,1,1
104162,2010,0,1
104162,2011,1,2
104162,2012,0,1
104166,2001,0,1
104166,2002,0.333333333333333,3
104166,2003,0.384615384615385,13
104166,2004,0.37037037037037,27
104166,2005,0,4
104166,2006,0.5,4
104166,2008,0,2
104166,2009,0.5,6
104166,2010,0,1
104166,2011,0.5625,48
104166,2012,0.272727272727273,44
104166,2013,0.4,15
104166,2014,0.25,8
104167,2004,0,1
104167,2005,0.5,2
104167,2006,0.5,2
104167,2009,0.6,5
104171,2003,0,1
104171,2004,0,1
104171,2005,0,1
104171,2006,0.333333333333333,3
104171,2007,0,3
104171,2008,0,1
104171,2009,0,1
104171,2010,0.75,4
104171,2011,0,1
104173,2006,0.333333333333333,3
104173,2007,0.333333333333333,3
104173,2008,0.333333333333333,9
104179,2001,0,2
104179,2003,0,1
104179,2006,0.666666666666667,3
104179,2007,0,2
104179,2008,0,2
104179,2009,0,1
104180,2001,0.5,4
104180,2002,0.75,4
104180,2003,0.5,4
104180,2004,0.590909090909091,22
104180,2005,0.477272727272727,44
104180,2006,0.393939393939394,33
104180,2007,0.3,10
104180,2008,0.545454545454545,11
104180,2009,0.357142857142857,14
104180,2010,0.5,4
104180,2011,0.586206896551724,29
104180,2012,0.5,42
104180,2013,0.333333333333333,12
104180,2014,0.5,12
104180,2015,0.571428571428571,56
104180,2016,0.593220338983051,59
104180,2017,0.64,50
104180,2018,0.321428571428571,28
104181,2004,0.5,2
104181,2005,0,1
104181,2006,0,1
104182,2003,0.5,2
104182,2004,0,2
104182,2005,0,3
104182,2006,0,2
104191,2010,0,2
104192,2008,0,1
104192,2009,0,1
104192,2011,0,1
104195,2004,0.5,2
104195,2006,0,1
104195,2008,0,1
104195,2010,0.333333333333333,3
104195,2011,0.5,4
104196,2001,0.5,2
104196,2002,0,1
104196,2006,0.6,5
104198,2003,0,1
104198,2004,0.416666666666667,12
104198,2005,0.422222222222222,45
104198,2006,0.428571428571429,35
104198,2007,0.394736842105263,38
104198,2008,0.48780487804878,41
104198,2009,0.509090909090909,55
104198,2010,0.574074074074074,54
104198,2011,0.408163265306122,49
104198,2012,0.434782608695652,46
104198,2013,0.488372093023256,43
104198,2014,0.489795918367347,49
104198,2015,0.56140350877193,57
104198,2016,0.415094339622642,53
104198,2017,0.25,20
104198,2018,0.4,40
104198,2019,0.357142857142857,14
104200,2007,1,2
104205,2001,0,1
104208,2006,0,1
104209,2005,0.5,2
104209,2006,0.5,4
104209,2007,0.5,2
104209,2008,0,2
104210,2004,0.666666666666667,3
104210,2005,1,3
104210,2006,1,1
104211,2009,0,1
104214,2003,0.5,8
104214,2004,0.508771929824561,57
104214,2005,0.558823529411765,68
104214,2006,0.518518518518518,27
104214,2007,0.555555555555556,63
104214,2008,0.581081081081081,74
104214,2009,0.466666666666667,60
104214,2010,0.472222222222222,36
104214,2011,0.377777777777778,45
104214,2012,0.413793103448276,29
104214,2013,0,1
104215,2009,0.333333333333333,3
104215,2012,0,1
104216,2007,0,2
104216,2008,0.444444444444444,9
104216,2009,0.5,26
104216,2010,0.25,12
104216,2011,0.1875,16
104216,2012,0,1
104216,2013,0.5,2
104216,2014,0.428571428571429,7
104216,2015,0,6
104216,2016,0.285714285714286,7
104216,2017,0.5,2
104217,2006,0,1
104217,2007,0.25,4
104217,2008,0.5,8
104217,2010,0,1
104217,2011,0,1
104219,2004,0,1
104219,2005,0,1
104219,2007,0,2
104219,2008,0.6,10
104219,2009,0,4
104219,2010,0,3
104219,2011,0,4
104219,2012,0,1
104219,2013,0,1
104224,2005,0.5,2
104224,2006,0.5,2
104225,2006,0.333333333333333,6
104225,2007,0.263157894736842,19
104225,2008,0,1
104225,2009,0.5,4
104225,2010,0.382352941176471,34
104225,2011,0.0909090909090909,11
104225,2012,0.333333333333333,12
104225,2013,0.391304347826087,23
104225,2014,0,3
104226,2010,0,1
104226,2011,0.333333333333333,3
104226,2013,0,1
104227,2007,0.5,2
104227,2011,0,2
104228,2004,0,1
104228,2006,0,1
104229,2003,0.333333333333333,3
104229,2004,0.285714285714286,14
104229,2005,0.357142857142857,14
104229,2006,0.222222222222222,9
104229,2007,0.318181818181818,22
104229,2008,0.423076923076923,26
104229,2009,0.303030303030303,33
104229,2010,0.428571428571429,35
104229,2011,0.363636363636364,33
104229,2012,0.387096774193548,31
104229,2013,0.5,36
104229,2014,0.511111111111111,45
104229,2015,0.421052631578947,38
104229,2016,0.4375,16
104229,2017,0.391304347826087,23
104230,2003,0,1
104230,2004,0.666666666666667,3
104230,2005,0.333333333333333,3
104230,2007,0.5,2
104230,2008,0.333333333333333,3
104230,2009,0.37037037037037,27
104230,2010,0.25,16
104233,2003,0.333333333333333,3
104233,2007,0.25,4
104233,2008,0,3
104233,2009,0.333333333333333,6
104233,2010,0.25,4
104233,2011,0.5,6
104233,2012,0,2
104233,2013,0,3
104233,2014,0.666666666666667,3
104233,2015,0.25,4
104233,2016,0.6,5
104233,2017,0.833333333333333,6
104233,2018,0.666666666666667,3
104234,2006,0.5,4
104234,2007,0,2
104234,2008,0.333333333333333,3
104234,2009,0,1
104234,2010,0.333333333333333,3
104235,2008,0,1
104235,2009,0,1
104235,2016,1,1
104247,2004,0,1
104247,2005,1,1
104247,2006,0.666666666666667,6
104247,2007,0.333333333333333,3
104247,2008,0.5,4
104250,2002,0,2
104250,2003,0.25,8
104250,2004,0.166666666666667,6
104250,2005,0.5,8
104250,2006,0.285714285714286,7
104250,2007,0.4,5
104250,2008,0.666666666666667,9
104250,2009,0.333333333333333,3
104250,2010,0,1
104250,2012,0.5,2
104250,2013,0.5,2
104251,2003,1,1
104251,2004,0.5,2
104251,2005,0,2
104251,2006,0.25,4
104251,2007,0.5,2
104251,2008,0.333333333333333,3
104251,2009,0.333333333333333,3
104251,2010,0,1
104251,2011,1,1
104251,2012,0,1
104251,2013,0.333333333333333,6
104251,2014,0,2
104251,2016,1,1
104251,2017,0,1
104252,2004,0.5,38
104252,2005,0.456521739130435,46
104252,2006,0.553191489361702,47
104252,2007,0.409090909090909,44
104252,2008,0.181818181818182,11
104252,2009,0.333333333333333,9
104252,2010,0.547619047619048,42
104252,2011,0.633802816901408,71
104252,2012,0.461538461538462,52
104252,2013,0.543859649122807,57
104252,2014,0.454545454545455,11
104252,2015,0.272727272727273,11
104252,2016,0.478260869565217,23
104252,2017,0.37037037037037,27
104252,2018,0.117647058823529,17
104253,2006,0,1
104253,2010,0,1
104256,2012,0.5,2
104259,2002,0,3
104259,2003,0.25,4
104259,2004,0.375,16
104259,2005,0.324324324324324,37
104259,2006,0.533333333333333,45
104259,2007,0.555555555555556,63
104259,2008,0.607843137254902,51
104259,2009,0.597014925373134,67
104259,2010,0.587301587301587,63
104259,2011,0.53448275862069,58
104259,2012,0.61764705882353,68
104259,2013,0.559322033898305,59
104259,2014,0.59016393442623,61
104259,2015,0.589285714285714,56
104259,2016,0.581818181818182,55
104259,2017,0.60377358490566,53
104259,2018,0.489795918367347,49
104259,2019,0.48780487804878,41
104260,2004,0,1
104261,2003,0,1
104261,2005,0.333333333333333,6
104261,2006,0.4,5
104261,2007,0.166666666666667,6
104261,2008,0.25,4
104262,2006,0,1
104262,2007,0.5,2
104262,2008,0.461538461538462,13
104262,2009,0.294117647058824,17
104262,2010,0,1
104262,2011,0.294117647058824,17
104262,2012,0.4,40
104262,2013,0.2,10
104268,2001,1,1
104268,2002,1,1
104268,2004,0.416666666666667,12
104268,2005,0.333333333333333,3
104268,2006,0.466666666666667,15
104268,2007,0.419354838709677,31
104268,2008,0.444444444444444,18
104268,2009,0.25,12
104268,2010,0.411764705882353,34
104268,2011,0.384615384615385,26
104268,2012,0.365853658536585,41
104268,2013,0.411764705882353,34
104268,2014,0.37037037037037,27
104268,2015,0.35,20
104268,2016,0.5,2
104268,2017,0.5,2
104269,2002,0.333333333333333,3
104269,2003,0.368421052631579,19
104269,2004,0.553571428571429,56
104269,2005,0.555555555555556,63
104269,2006,0.543859649122807,57
104269,2007,0.548387096774194,62
104269,2008,0.635135135135135,74
104269,2009,0.675324675324675,77
104269,2010,0.661538461538462,65
104269,2011,0.6,60
104269,2012,0.592592592592593,54
104269,2013,0.545454545454545,55
104269,2014,0.568181818181818,44
104269,2015,0.48,50
104269,2016,0.527272727272727,55
104269,2017,0.537037037037037,54
104269,2018,0.53968253968254,63
104269,2019,0.48,50
104270,2005,0,1
104272,2006,0,2
104273,2004,0.333333333333333,3
104273,2007,0.428571428571429,14
104273,2008,0.166666666666667,6
104273,2009,0.4,5
104273,2010,0.125,8
104273,2011,0.333333333333333,18
104273,2012,0.428571428571429,35
104273,2013,0.5,52
104273,2014,0.386363636363636,44
104273,2015,0.333333333333333,18
104273,2016,0.4,5
104275,2013,0,1
104281,2008,0.5,2
104281,2010,0,2
104283,2005,0,1
104284,2005,0,1
104286,2004,0,1
104287,2005,0,1
104291,2003,0,1
104291,2004,1,3
104291,2008,0,2
104291,2011,0.5,6
104291,2012,0.352941176470588,17
104291,2013,0.5,4
104291,2014,0.444444444444444,18
104291,2015,0.375,32
104291,2016,0.41025641025641,39
104291,2017,0.405405405405405,37
104291,2018,0.511111111111111,45
104291,2019,0.238095238095238,21
104292,2006,0.333333333333333,3
104292,2008,0.5,2
104292,2009,0.625,8
104292,2010,0.4,5
104292,2011,0.6,5
104292,2012,0.444444444444444,9
104294,2004,0.5,2
104294,2005,0,2
104295,2003,0,1
104297,2007,0,1
104297,2010,0,1
104297,2011,0.6,5
104297,2012,0.545454545454545,11
104297,2013,0.111111111111111,9
104297,2014,0.6,5
104297,2015,0,3
104297,2016,0.181818181818182,11
104297,2017,0.32258064516129,31
104297,2018,0.3125,16
104297,2019,0,2
104299,2003,0,2
104299,2004,0,2
104299,2007,0.666666666666667,3
104299,2008,0.5,2
104305,2004,0,1
104305,2005,0.5,2
104305,2006,0.5,2
104305,2007,0.4,5
104305,2008,0.571428571428571,7
104305,2009,0,2
104305,2010,1,1
104308,2004,0,3
104308,2005,1,1
104308,2006,0.5,6
104308,2007,0.571428571428571,7
104308,2008,0.4,5
104308,2009,0.25,4
104308,2010,0.117647058823529,17
104308,2011,0.2,5
104308,2013,0.416666666666667,24
104308,2014,0.166666666666667,24
104308,2015,0.4,5
104308,2016,0,3
104308,2018,0,1
104311,2002,0,2
104311,2003,0,2
104311,2004,0.333333333333333,3
104311,2005,1,1
104311,2008,0.5,2
104311,2010,0.333333333333333,3
104311,2011,0,1
104312,2003,0,2
104312,2004,0.411764705882353,17
104312,2005,0.514285714285714,35
104312,2006,0.4,50
104312,2007,0.468085106382979,47
104312,2008,0.508474576271186,59
104312,2009,0.436363636363636,55
104312,2010,0.461538461538462,52
104312,2011,0.510204081632653,49
104312,2012,0.584615384615385,65
104312,2013,0.508474576271186,59
104312,2014,0.454545454545455,55
104312,2015,0.519230769230769,52
104312,2016,0.444444444444444,45
104312,2017,0.5,36
104312,2018,0.5,48
104312,2019,0.452380952380952,42
104314,2008,0.428571428571429,7
104314,2009,0.3125,16
104314,2010,0.555555555555556,9
104314,2011,0.2,10
104317,2006,0,1
104323,2006,0,2
104323,2007,0.333333333333333,3
104323,2008,0,4
104323,2009,0,4
104325,2002,0,1
104325,2004,0,1
104327,2005,0,1
104327,2006,0,1
104327,2007,0.666666666666667,9
104327,2008,0.488372093023256,43
104327,2009,0.28,25
104327,2010,0.454545454545455,11
104327,2011,0.6,15
104327,2012,0.538461538461538,39
104327,2013,0.363636363636364,11
104327,2014,0,3
104327,2015,0.48,25
104327,2016,0.444444444444444,9
104327,2017,0.48780487804878,41
104327,2019,0.153846153846154,13
104330,2002,0,1
104330,2003,0.5,2
104330,2004,0.25,4
104330,2005,0.5,4
104330,2006,0,1
104330,2007,0.333333333333333,3
104330,2008,0.25,4
104330,2009,0.571428571428571,14
104330,2010,0.25,24
104330,2011,0.4,5
104330,2012,0.411764705882353,17
104330,2013,0.285714285714286,14
104330,2014,0.3,10
104330,2015,0.538461538461538,13
104330,2016,0.387096774193548,31
104330,2017,0.5,4
104332,2003,0.4,5
104332,2004,0.5,2
104332,2005,0,2
104332,2007,0.333333333333333,3
104332,2008,0.526315789473684,19
104332,2009,0.375,40
104332,2010,0.525,40
104332,2011,0.521739130434783,46
104332,2012,0.392857142857143,28
104332,2013,0.375,8
104332,2014,0.333333333333333,3
104334,2008,0,1
104336,2009,0,2
104338,2004,0.551724137931034,29
104338,2005,0.418604651162791,43
104338,2006,0.439024390243902,41
104338,2007,0.683333333333333,60
104338,2008,0.571428571428571,49
104338,2009,0.580645161290323,62
104338,2010,0.6,50
104338,2011,0.525423728813559,59
104338,2012,0.677966101694915,59
104338,2013,0.520833333333333,48
104338,2014,0.523809523809524,42
104338,2015,0.525,40
104338,2016,0.53125,32
104338,2017,0,3
104339,2000,1,2
104339,2001,1,1
104339,2002,0.3,10
104339,2003,0.416666666666667,36
104339,2004,0.529411764705882,51
104339,2005,0.619718309859155,71
104339,2006,0.753424657534247,73
104339,2007,0.541666666666667,24
104339,2008,0.653061224489796,49
104339,2009,0.65,20
104339,2010,0.4,5
104342,2006,1,1
104342,2007,0.5,2
104342,2008,0,1
104348,2002,0.666666666666667,3
104349,2003,0,1
104349,2004,0,2
104349,2005,0.333333333333333,6
104349,2006,0.5,2
104349,2007,0,2
104349,2008,0.571428571428571,7
104349,2009,0.285714285714286,7
104349,2010,0.571428571428571,7
104349,2011,0.277777777777778,18
104349,2012,0.0666666666666667,15
104349,2013,0.5,2
104349,2014,0.666666666666667,3
104349,2015,0.4,5
104352,2008,0.5,2
104352,2013,0.5,2
104355,2004,0,1
104360,2005,0.666666666666667,3
104361,2007,0,1
104368,2005,0,2
104368,2006,0.333333333333333,3
104368,2007,0,1
104368,2008,0.5,4
104368,2009,0.333333333333333,3
104368,2010,0,1
104368,2012,0,1
104368,2013,0.5,2
104371,2004,0.5,2
104371,2005,0.458333333333333,24
104371,2006,0.0666666666666667,15
104371,2007,0.2,5
104371,2008,0.378378378378378,37
104371,2009,0.25,16
104371,2010,1,2
104371,2012,0.333333333333333,3
104372,2002,0,2
104372,2003,0.333333333333333,6
104372,2004,0.25,4
104372,2005,0,2
104372,2006,0.333333333333333,9
104372,2007,0.2,10
104372,2008,0.125,8
104372,2009,0.333333333333333,3
104372,2010,0,1
104372,2011,0,1
104377,2011,0.333333333333333,3
104377,2014,0,1
104378,2004,0.5,2
104378,2005,0,1
104378,2006,0,1
104378,2007,0,2
104379,2002,0,3
104379,2003,0.333333333333333,6
104379,2004,0.5,24
104379,2005,0,3
104383,2003,0,1
104383,2004,0.5,2
104385,2009,0,1
104385,2010,0,1
104386,2001,0.666666666666667,3
104386,2002,0.5,2
104386,2003,0.555555555555556,9
104386,2004,0.461538461538462,13
104386,2005,0.4,25
104386,2006,0.310344827586207,29
104386,2007,0.452380952380952,42
104386,2008,0.531914893617021,47
104386,2009,0.545454545454545,55
104386,2010,0.520833333333333,48
104386,2011,0.666666666666667,81
104386,2012,0.681818181818182,88
104386,2013,0.4,40
104386,2015,0.25,8
104386,2016,0.421052631578947,19
104386,2017,0.294117647058824,17
104386,2019,0.411764705882353,17
104392,2003,0,1
104392,2004,0,1
104392,2009,0.5,6
104393,2014,0,1
104395,2003,0,1
104395,2004,0,1
104395,2005,0.333333333333333,3
104395,2006,0.5,2
104395,2007,1,2
104395,2008,0.5,4
104395,2009,0.5,2
104395,2010,0.333333333333333,3
104395,2011,0.5,2
104395,2012,0.75,4
104395,2013,0.666666666666667,3
104397,2007,0.5,4
104397,2008,0,1
104397,2009,0,4
104397,2010,0.166666666666667,6
104402,2008,1,1
104402,2009,0,1
104412,2007,0,1
104415,2009,0,1
104415,2011,0,1
104416,2002,0,1
104417,2001,0.5,2
104417,2002,0.166666666666667,6
104417,2003,0.625,16
104417,2004,0.525423728813559,59
104417,2005,0.470588235294118,34
104417,2006,0.603448275862069,58
104417,2007,0.627906976744186,43
104417,2008,0.681818181818182,66
104417,2009,0.680555555555556,72
104417,2010,0.721518987341772,79
104417,2011,0.808510638297872,47
104421,2002,0.5,2
104421,2003,0.25,4
104421,2006,1,2
104424,2005,0.333333333333333,3
104424,2006,0.4,5
104424,2007,0.444444444444444,9
104424,2008,0.2,5
104424,2009,0.4,5
104424,2010,0.333333333333333,6
104424,2011,0.461538461538462,13
104424,2012,0.405405405405405,37
104424,2013,0.304347826086957,23
104424,2014,0.333333333333333,6
104424,2015,0.31578947368421,19
104424,2016,0,1
104424,2017,0.25,4
104424,2019,0.5,2
104433,2002,0.285714285714286,7
104433,2003,0.5,2
104433,2004,0.142857142857143,7
104433,2005,0.363636363636364,11
104433,2006,0.388888888888889,18
104433,2007,0.487179487179487,39
104433,2008,0.285714285714286,14
104433,2009,0.454545454545455,22
104433,2010,0.4,5
104433,2011,0.222222222222222,9
104433,2012,0.142857142857143,7
104433,2013,0.428571428571429,7
104433,2014,0.272727272727273,11
104433,2015,0,5
104433,2016,0.5,10
104433,2017,0.5,2
104437,2006,0,1
104438,2005,0,1
104439,2003,0,1
104439,2005,0,1
104444,2003,0,1
104445,2005,0,1
104445,2008,0,2
104446,2014,0,1
104453,2004,0.75,4
104453,2005,0,1
104453,2006,0,1
104453,2007,0.333333333333333,3
104453,2008,0.5,2
104453,2009,0,1
104453,2010,0.5,2
104453,2011,0.333333333333333,6
104453,2012,0,4
104454,2003,0,1
104454,2004,0.5,2
104454,2005,0,1
104454,2007,1,1
104454,2009,0.333333333333333,3
104454,2010,0,2
104454,2011,0,1
104454,2012,0,1
104456,2009,0,1
104460,2003,0,1
104460,2010,0.375,16
104460,2011,0.166666666666667,12
104460,2012,0.4,10
104460,2013,0.571428571428571,7
104460,2014,0.423076923076923,26
104460,2015,0.384615384615385,26
104460,2016,0.52,25
104460,2017,0.333333333333333,30
104460,2018,0,4
104460,2019,0.666666666666667,3
104463,2005,0,3
104463,2006,0.5,4
104463,2007,0,2
104464,2007,0,2
104465,2010,0,1
104467,2004,0.333333333333333,3
104467,2005,0.5,4
104467,2006,0.5,2
104467,2007,1,2
104467,2008,0.75,4
104467,2009,0,3
104467,2012,0.5,2
104467,2014,0.5,2
104467,2015,0.428571428571429,7
104467,2016,0,1
104467,2018,0.6,5
104467,2019,0.5,2
104468,2004,0,1
104468,2005,0.5,12
104468,2006,0.5,48
104468,2007,0.564516129032258,62
104468,2008,0.666666666666667,78
104468,2009,0.608108108108108,74
104468,2010,0.571428571428571,42
104468,2011,0.590909090909091,66
104468,2012,0.633802816901408,71
104468,2013,0.593220338983051,59
104468,2014,0.538461538461538,52
104468,2015,0.641791044776119,67
104468,2016,0.559322033898305,59
104468,2017,0.390243902439024,41
104468,2018,0.583333333333333,60
104468,2019,0.480769230769231,52
104469,2006,0,1
104469,2007,0,2
104469,2010,0,2
104470,2008,0,1
104471,2008,0,1
104471,2009,0.5,4
104471,2010,0.533333333333333,15
104471,2011,0.509803921568627,51
104471,2012,0.372093023255814,43
104471,2013,0.55,60
104471,2014,0.405405405405405,37
104471,2015,0.421052631578947,19
104471,2016,0.304347826086957,23
104471,2017,0.6,5
104473,2012,0,1
104476,2006,0.5,2
104476,2008,1,2
104476,2009,0,1
104476,2010,0.333333333333333,3
104476,2011,0,1
104476,2014,0.5,2
104477,2006,1,1
104477,2010,0.5,4
104477,2011,0,1
104477,2012,0,1
104477,2013,0,1
104478,2007,0,1
104478,2008,0,1
104479,2004,0.5,2
104479,2006,1,1
104479,2007,0,1
104479,2011,0,1
104479,2013,1,1
104484,2007,0,1
104485,2004,0,1
104486,2005,0,1
104486,2006,0,1
104486,2008,0,1
104488,2006,0,1
104489,2010,1,1
104489,2011,0,2
104494,2010,0.6,5
104494,2011,0.375,8
104494,2012,0.0769230769230769,13
104494,2013,0,9
104494,2014,0.333333333333333,6
104494,2015,0.75,4
104494,2016,0.25,8
104494,2017,0.5,2
104494,2018,0.333333333333333,3
104495,2003,0.5,2
104495,2005,0.5,2
104495,2006,1,1
104495,2007,0,1
104496,2004,0,1
104496,2009,1,1
104499,2001,1,1
104499,2003,0.75,4
104499,2004,0.25,4
104499,2005,0.285714285714286,14
104499,2006,0.384615384615385,26
104499,2007,0.714285714285714,7
104499,2011,0.25,4
104499,2012,0.428571428571429,7
104499,2013,0.25,4
104499,2014,0.444444444444444,9
104499,2015,0,1
104500,2006,0,1
104500,2007,0,2
104500,2008,0.166666666666667,6
104500,2009,0.6875,16
104500,2010,0.363636363636364,22
104500,2011,0.454545454545455,44
104500,2012,0.2,5
104500,2013,0.5,24
104500,2014,0.411764705882353,17
104500,2015,0.4,5
104500,2016,0,1
104501,2004,1,1
104501,2005,1,1
104501,2006,0,1
104501,2007,0.142857142857143,7
104501,2008,0.5,2
104503,2002,0,1
104503,2004,0,1
104503,2006,0,1
104503,2009,0,1
104503,2012,0,1
104505,2006,0.5,2
104505,2010,0.333333333333333,3
104505,2011,0,2
104505,2012,0.333333333333333,3
104505,2013,0.666666666666667,3
104505,2014,0,2
104505,2015,0,2
104505,2016,0.428571428571429,7
104505,2017,0.142857142857143,14
104508,2003,0,2
104512,2010,0,2
104515,2006,0.5,2
104515,2007,0.285714285714286,7
104515,2008,0.25,4
104515,2009,0.5,2
104516,2012,0,1
104516,2013,0.333333333333333,3
104519,2006,0,1
104523,2004,0.333333333333333,3
104523,2005,0.75,4
104523,2006,0.666666666666667,6
104523,2007,0.166666666666667,6
104523,2008,0.5,8
104523,2009,0.485714285714286,35
104523,2010,0.434782608695652,23
104523,2011,0.379310344827586,29
104523,2012,0.458333333333333,24
104527,2003,0.333333333333333,6
104527,2004,0,7
104527,2005,0.5,32
104527,2006,0.578947368421053,57
104527,2007,0.5,50
104527,2008,0.62962962962963,54
104527,2009,0.607843137254902,51
104527,2010,0.654545454545455,55
104527,2011,0.642857142857143,56
104527,2012,0.631578947368421,57
104527,2013,0.701298701298701,77
104527,2014,0.690909090909091,55
104527,2015,0.743243243243243,74
104527,2016,0.714285714285714,63
104527,2017,0.702702702702703,37
104527,2018,0.513513513513513,37
104527,2019,0.62,50
104531,2005,0,1
104534,2005,0.5,2
104534,2006,0,2
104534,2007,0.625,16
104534,2008,0.435897435897436,39
104534,2009,0.435897435897436,39
104534,2010,0.444444444444444,36
104534,2011,0.347826086956522,23
104534,2012,0.393939393939394,33
104534,2013,0.333333333333333,15
104534,2014,0.444444444444444,36
104534,2015,0.444444444444444,18
104534,2016,0.357142857142857,28
104534,2017,0.448275862068966,29
104534,2018,0.4375,16
104534,2019,0,2
104535,2006,0,1
104535,2007,0.75,4
104535,2008,0.5,2
104535,2010,1,3
104535,2011,0.2,5
104535,2012,0.5,4
104535,2013,0.333333333333333,3
104535,2015,0.666666666666667,3
104542,2004,0.5,4
104542,2005,0,1
104542,2007,0.607142857142857,28
104542,2008,0.688888888888889,45
104542,2009,0.72,75
104542,2010,0.659574468085106,47
104542,2011,0.703703703703704,81
104542,2012,0.695121951219512,82
104542,2013,0.709090909090909,55
104542,2014,0.660714285714286,56
104542,2015,0.666666666666667,48
104542,2016,0.685185185185185,54
104542,2017,0.703703703703704,54
104542,2018,0.5,16
104542,2019,0.617021276595745,47
104545,2007,0.615384615384615,13
104545,2008,0.366666666666667,30
104545,2009,0.6,45
104545,2010,0.612903225806452,62
104545,2011,0.631578947368421,57
104545,2012,0.681818181818182,66
104545,2013,0.619047619047619,63
104545,2014,0.65,60
104545,2015,0.642857142857143,70
104545,2016,0.611111111111111,54
104545,2017,0.629032258064516,62
104545,2018,0.586206896551724,58
104545,2019,0.625,48
104547,2009,0.5,10
104547,2010,0.363636363636364,44
104547,2011,0.454545454545455,11
104547,2012,0.25,12
104547,2013,0.394736842105263,38
104547,2014,0.4375,16
104547,2015,0.333333333333333,6
104547,2016,0.35,20
104547,2017,0.476190476190476,42
104547,2018,0.44,25
104548,2002,0,1
104548,2003,0,3
104548,2004,0.285714285714286,7
104548,2005,0.4,5
104548,2012,0.44,25
104548,2013,0.428571428571429,7
104548,2016,0.181818181818182,11
104550,2009,0,2
104550,2010,0,2
104550,2011,0,1
104557,2004,0.25,4
104557,2005,0.666666666666667,3
104557,2006,0.5,2
104557,2007,0.666666666666667,3
104557,2008,0,3
104557,2009,0.8,5
104557,2010,0,3
104557,2011,1,2
104557,2012,0.5,4
104557,2013,0.5,2
104557,2014,0,2
104558,2005,0,1
104559,2004,0,2
104559,2005,0.333333333333333,6
104559,2006,0.333333333333333,18
104559,2007,0.256410256410256,39
104559,2008,0.52,25
104559,2009,0.351351351351351,37
104559,2010,0.37037037037037,27
104559,2011,0.333333333333333,30
104559,2012,0.166666666666667,6
104559,2013,0.5,4
104559,2014,0.422222222222222,45
104559,2015,0.435897435897436,39
104559,2016,0.371428571428571,35
104559,2017,0,3
104561,2007,0.666666666666667,3
104561,2008,0,1
104563,2015,0.307692307692308,13
104563,2016,0.166666666666667,6
104563,2017,0,2
104563,2018,0,1
104563,2019,0,1
104565,2005,0,1
104569,2004,0,1
104569,2005,0.333333333333333,3
104569,2006,0.5,6
104569,2007,0.333333333333333,3
104569,2008,0,1
104569,2009,0.5,2
104571,2004,0.5,4
104571,2005,0.478260869565217,23
104571,2006,0.649122807017544,57
104571,2007,0.676056338028169,71
104571,2008,0.56,25
104571,2009,0.6,40
104571,2010,0.614285714285714,70
104571,2011,0.5,54
104571,2012,0.59375,64
104571,2013,0.34375,32
104571,2014,0.388888888888889,18
104571,2015,0.577777777777778,45
104571,2016,0.530612244897959,49
104571,2017,0.529411764705882,34
104571,2018,0.413793103448276,29
104571,2019,0.571428571428571,7
104579,2008,0.5,2
104579,2009,0,1
104579,2010,0,1
104579,2011,0,1
104580,2004,0,4
104580,2008,0,1
104580,2013,0,3
104582,2005,1,1
104582,2006,0,1
104583,2008,1,1
104585,2004,0.5,2
104585,2010,1,1
104586,2007,0,1
104586,2008,0.333333333333333,3
104586,2009,0,1
104586,2010,0,2
104586,2011,0.31578947368421,19
104586,2012,0.512820512820513,39
104586,2013,0.4375,48
104586,2014,0.517241379310345,58
104586,2015,0.4,50
104586,2016,0.4,40
104586,2017,0.428571428571429,7
104586,2018,0.666666666666667,6
104586,2019,0.2,5
104589,2003,0.5,4
104589,2004,0.5,4
104589,2005,0.571428571428571,7
104589,2006,0.428571428571429,7
104589,2007,0.321428571428571,28
104589,2008,0.40625,32
104589,2009,0.5,16
104589,2010,0,2
104589,2011,0.25,4
104589,2012,0.5,2
104589,2013,0.5,2
104589,2014,0,1
104591,2005,0.666666666666667,3
104591,2007,1,1
104592,2005,0.5,2
104592,2006,0.5,6
104592,2007,0.285714285714286,7
104592,2008,0.5,2
104592,2009,0.5,2
104592,2010,0.2,5
104592,2011,0.5,2
104592,2013,0,3
104592,2014,0,1
104593,2004,0,2
104593,2005,0,1
104593,2006,0.333333333333333,6
104593,2008,0.5,14
104593,2009,0.310344827586207,29
104593,2010,0.418604651162791,43
104593,2011,0.264705882352941,34
104593,2012,0.31578947368421,19
104593,2013,0.341463414634146,41
104593,2014,0.366666666666667,30
104593,2015,0.419354838709677,31
104593,2016,0.444444444444444,18
104593,2017,0,1
104593,2018,0,1
104594,2010,0.25,4
104594,2011,0.166666666666667,12
104594,2012,0.444444444444444,36
104594,2013,0.456521739130435,46
104594,2014,0.48780487804878,41
104594,2015,0.157894736842105,19
104595,2009,0,1
104597,2003,0.5,2
104597,2004,0.222222222222222,9
104597,2005,0.371428571428571,35
104597,2006,0.574468085106383,47
104597,2007,0.557377049180328,61
104597,2008,0.679245283018868,53
104597,2009,0.555555555555556,54
104597,2010,0.628571428571429,70
104597,2011,0.671428571428571,70
104597,2012,0.710843373493976,83
104597,2013,0.646153846153846,65
104597,2014,0.6,25
104597,2015,0.473684210526316,38
104597,2016,0.5,44
104597,2017,0.454545454545455,22
104597,2018,0,1
104600,2009,1,2
104600,2010,0.25,4
104600,2011,0.5,2
104600,2012,1,1
104600,2013,0,2
104603,2009,0,1
104603,2015,0,1
104604,2010,0,1
104604,2011,0,1
104604,2013,0.8,5
104604,2017,1,2
104607,2003,0.5,4
104607,2004,0.516129032258065,31
104607,2005,0.53968253968254,63
104607,2006,0.661971830985915,71
104607,2007,0.652173913043478,69
104607,2008,0.614035087719298,57
104607,2009,0.580645161290323,62
104607,2010,0.633802816901408,71
104607,2011,0.688311688311688,77
104607,2012,0.72093023255814,86
104607,2013,0.683544303797468,79
104607,2014,0.714285714285714,77
104607,2015,0.721518987341772,79
104607,2016,0.666666666666667,60
104607,2017,0.648148148148148,54
104607,2018,0.535714285714286,28
104607,2019,0.529411764705882,17
104613,2007,0,1
104615,2013,0,1
104618,2005,0,2
104618,2008,0.5,4
104618,2009,0.5,2
104619,2006,0,1
104619,2007,0.5,2
104619,2008,0.285714285714286,7
104619,2009,0,5
104619,2010,0,1
104619,2011,0.25,8
104619,2012,0.5,4
104619,2013,0.2,5
104619,2014,0.166666666666667,6
104619,2015,0,2
104620,2006,0,4
104620,2007,0.36,25
104620,2008,0.5,58
104620,2009,0.384615384615385,39
104620,2010,0.368421052631579,19
104620,2011,0.357142857142857,14
104620,2012,0.428571428571429,21
104620,2013,0.363636363636364,11
104620,2014,0.4,15
104620,2015,0.509090909090909,55
104620,2016,0.111111111111111,9
104620,2017,0.333333333333333,6
104620,2018,0.545454545454545,11
104620,2019,0,2
104623,2005,0,2
104623,2006,0,2
104623,2007,0,2
104623,2008,0,1
104623,2009,0.166666666666667,6
104623,2012,0,3
104627,2013,0,1
104628,2007,0.5,2
104628,2008,0.166666666666667,6
104628,2010,0,1
104628,2011,0.5,2
104628,2012,0,1
104628,2013,0.5,2
104628,2014,0.5,2
104628,2015,0,2
104628,2016,0,2
104629,2012,0,1
104629,2013,0,2
104629,2015,0.2,5
104629,2017,0.333333333333333,6
104629,2018,0.333333333333333,6
104629,2019,0.25,4
104633,2011,0.5,2
104635,2005,0,1
104635,2007,0.25,4
104635,2008,0,4
104639,2004,0,3
104639,2005,0,2
104639,2006,0,1
104639,2007,0.5,8
104639,2008,0.482758620689655,29
104639,2009,0.434782608695652,23
104639,2010,0.5,14
104639,2011,0,1
104639,2012,0.4,10
104639,2013,0.4,5
104639,2014,0,5
104640,2011,0,1
104644,2009,0,1
104644,2012,0,1
104644,2013,0,1
104646,2007,0,1
104651,2013,0.428571428571429,14
104651,2014,0.333333333333333,3
104654,2010,0,1
104654,2012,0,1
104655,2004,0,1
104655,2005,1,2
104655,2006,0,1
104655,2007,0.666666666666667,3
104655,2008,0.375,24
104655,2009,0.558823529411765,34
104655,2010,0.488372093023256,43
104655,2011,0.5,26
104655,2013,0.333333333333333,6
104655,2014,0.6,30
104655,2015,0.527272727272727,55
104655,2016,0.596491228070175,57
104655,2017,0.48780487804878,41
104655,2018,0.5625,32
104655,2019,0.51063829787234,47
104656,2012,0.5,2
104658,2007,0.333333333333333,3
104658,2008,1,1
104658,2014,0,1
104660,2004,0,1
104660,2005,0.5,6
104660,2006,0.142857142857143,7
104660,2007,0.4,5
104660,2008,0.692307692307692,13
104660,2009,0.533333333333333,30
104660,2010,0.519230769230769,52
104660,2011,0.480769230769231,52
104660,2012,0.340909090909091,44
104660,2013,0.384615384615385,26
104660,2014,0.473684210526316,38
104660,2015,0.41304347826087,46
104660,2016,0.363636363636364,22
104660,2017,0.428571428571429,14
104660,2018,0.3,10
104660,2019,0.5,10
104661,2010,0,1
104661,2011,0.5,2
104661,2012,0,1
104665,2007,0.428571428571429,7
104665,2008,0.333333333333333,9
104665,2009,0.0769230769230769,13
104665,2010,0.5,16
104665,2011,0.471698113207547,53
104665,2012,0.387755102040816,49
104665,2013,0.36734693877551,49
104665,2014,0.511111111111111,45
104665,2015,0.425,40
104665,2016,0.125,8
104665,2018,0.466666666666667,15
104665,2019,0.46875,32
104667,2008,0,1
104667,2012,0.5,2
104667,2014,0,1
104672,2009,0,2
104672,2011,0,4
104672,2012,0.5,2
104672,2014,0.333333333333333,3
104672,2015,0,3
104672,2016,0.428571428571429,7
104672,2017,0.285714285714286,7
104672,2018,0.5,2
104673,2006,0,2
104673,2007,0.666666666666667,3
104673,2008,0.5,2
104673,2009,0,2
104673,2010,0,1
104673,2011,0.75,4
104673,2012,0.75,4
104673,2013,0.666666666666667,3
104673,2014,0.5,2
104676,2004,0.5,2
104676,2005,0.5,2
104676,2006,0,2
104676,2007,0,1
104676,2008,0.416666666666667,12
104676,2009,0.5,44
104676,2010,0.4,25
104676,2011,0,4
104676,2012,0.25,8
104676,2013,0,2
104676,2014,0,3
104676,2015,0,1
104676,2016,0,1
104677,2011,0.333333333333333,3
104677,2012,0.5,2
104677,2013,0,1
104678,2006,0.5,2
104678,2007,0.384615384615385,13
104678,2008,0.525,40
104678,2009,0.524590163934426,61
104678,2010,0.565217391304348,69
104678,2011,0.6,65
104678,2012,0.473684210526316,57
104678,2013,0.5,36
104678,2014,0.666666666666667,12
104678,2015,0.555555555555556,63
104678,2016,0.53968253968254,63
104678,2017,0.471698113207547,53
104678,2018,0.31578947368421,19
104678,2019,0.5,8
104679,2007,0,1
104680,2004,0,1
104681,2004,0,1
104681,2006,0,1
104681,2011,0.5,2
104684,2007,0,1
104692,2008,0,1
104692,2011,0,1
104693,2013,0,1
104695,2006,0.5,2
104695,2010,0,1
104695,2011,0.5,2
104695,2015,0.666666666666667,3
104698,2004,0,1
104700,2004,0,1
104700,2005,0,1
104700,2006,0.666666666666667,3
104700,2007,0,1
104700,2009,0,2
104702,2010,0,2
104702,2011,0,2
104702,2012,0,1
104707,2007,0.333333333333333,3
104707,2008,0,1
104714,2006,0,1
104714,2007,0,1
104714,2010,0.5,10
104714,2011,0.3,10
104714,2012,0.333333333333333,3
104714,2013,0.3,10
104714,2014,0.1,10
104714,2015,0.333333333333333,3
104717,2004,0,1
104717,2005,0,3
104717,2008,0.333333333333333,6
104717,2009,0.375,8
104717,2010,0.333333333333333,3
104718,2011,0,1
104719,2006,0,2
104719,2007,0.5,4
104719,2008,0.428571428571429,35
104719,2009,0.390243902439024,41
104719,2010,0.488372093023256,43
104719,2011,0.519230769230769,52
104719,2012,0.5,46
104719,2013,0.545454545454545,55
104719,2014,0.372093023255814,43
104719,2015,0.4,35
104719,2016,0.468085106382979,47
104719,2017,0.19047619047619,21
104719,2018,0.5,10
104719,2019,0.421052631578947,19
104721,2008,0.285714285714286,7
104721,2009,0.375,8
104721,2010,0.444444444444444,9
104721,2013,0,2
104724,2007,0,1
104724,2008,0.5,30
104724,2009,0.176470588235294,17
104724,2010,0.368421052631579,38
104724,2011,0.4,10
104724,2012,0.444444444444444,9
104729,2011,0,1
104729,2012,0,1
104731,2007,0,1
104731,2008,0.565217391304348,23
104731,2009,0.25,8
104731,2010,0.4375,32
104731,2011,0.608695652173913,69
104731,2012,0.543859649122807,57
104731,2013,0.616666666666667,60
104731,2014,0.619047619047619,63
104731,2015,0.657142857142857,70
104731,2016,0.447368421052632,38
104731,2017,0.60377358490566,53
104731,2018,0.726027397260274,73
104731,2019,0.636363636363636,11
104732,2005,0,1
104732,2006,0,1
104732,2011,0,1
104735,2007,0,1
104735,2008,0,1
104735,2010,0.466666666666667,15
104735,2011,0.394736842105263,38
104735,2012,0.269230769230769,26
104735,2013,0.435897435897436,39
104735,2014,0.36,25
104735,2015,0.166666666666667,6
104735,2016,0.5,10
104735,2017,0.5,4
104735,2019,0,1
104736,2005,0.25,4
104736,2006,0.5,2
104736,2007,0.333333333333333,3
104736,2008,0,3
104736,2009,0.25,4
104736,2010,0.333333333333333,3
104736,2011,0.5,2
104736,2012,0.666666666666667,3
104736,2013,0.5,2
104736,2014,0.166666666666667,6
104736,2015,0,3
104736,2016,0.5,2
104738,2004,1,1
104738,2009,0,1
104738,2011,0.5,2
104739,2010,0,1
104743,2005,0,1
104745,2002,0.5,2
104745,2003,0.56,25
104745,2004,0.625,48
104745,2005,0.887640449438202,89
104745,2006,0.833333333333333,72
104745,2007,0.824175824175824,91
104745,2008,0.886363636363636,88
104745,2009,0.829268292682927,82
104745,2010,0.876543209876543,81
104745,2011,0.823529411764706,85
104745,2012,0.857142857142857,49
104745,2013,0.920454545454545,88
104745,2014,0.8,55
104745,2015,0.753086419753086,81
104745,2016,0.727272727272727,55
104745,2017,0.839506172839506,81
104745,2018,0.918367346938776,49
104745,2019,0.869565217391304,69
104753,2004,1,1
104753,2005,1,1
104753,2006,0.4,5
104753,2007,0.333333333333333,6
104753,2008,0.285714285714286,7
104755,2002,0.25,8
104755,2003,0.125,8
104755,2004,0.464285714285714,28
104755,2005,0.738095238095238,42
104755,2006,0.607142857142857,56
104755,2007,0.662162162162162,74
104755,2008,0.592592592592593,54
104755,2009,0.605263157894737,38
104755,2010,0.612903225806452,62
104755,2011,0.636363636363636,55
104755,2012,0.681159420289855,69
104755,2013,0.657142857142857,70
104755,2014,0.612244897959184,49
104755,2015,0.716666666666667,60
104755,2016,0.660377358490566,53
104755,2017,0.617021276595745,47
104755,2018,0.593220338983051,59
104755,2019,0.485714285714286,35
104760,2005,0,1
104760,2006,0.333333333333333,3
104760,2007,0,1
104763,2007,0.666666666666667,3
104763,2008,0.5,6
104763,2011,0,1
104763,2012,0,1
104763,2013,1,1
104763,2014,0,1
104768,2006,0,2
104768,2007,0.333333333333333,3
104768,2008,0,1
104768,2012,0,2
104768,2013,0,2
104768,2014,0,2
104770,2006,0,1
104770,2007,0,1
104770,2008,0,3
104770,2010,0.4,5
104770,2011,0,5
104770,2012,0.25,4
104770,2013,0,3
104770,2014,1,2
104770,2015,0,1
104775,2005,0,1
104775,2007,0,1
104775,2009,0.5,2
104775,2010,0.333333333333333,3
104775,2011,0.5,2
104775,2012,0.5,2
104778,2011,0,1
104778,2012,0,1
104779,2006,0,3
104779,2007,0.2,5
104779,2008,0.2,5
104779,2010,0.4,5
104779,2011,0.5,2
104779,2012,0.4,5
104779,2013,0,2
104781,2008,0,1
104783,2005,0,1
104783,2006,0.25,4
104783,2007,0.333333333333333,3
104783,2008,0.25,4
104783,2010,0,1
104783,2011,0,1
104783,2012,0,1
104783,2015,0,1
104789,2006,0,2
104789,2008,0.333333333333333,3
104789,2009,0.5,2
104789,2010,0,2
104789,2011,0,1
104789,2012,0.333333333333333,3
104789,2014,0,1
104792,2004,0.6,5
104792,2005,0.531914893617021,47
104792,2006,0.512820512820513,39
104792,2007,0.5,42
104792,2008,0.638297872340426,47
104792,2009,0.67741935483871,62
104792,2010,0.696969696969697,66
104792,2011,0.690909090909091,55
104792,2012,0.65625,32
104792,2013,0.614035087719298,57
104792,2014,0.695652173913043,46
104792,2015,0.653846153846154,52
104792,2016,0.709677419354839,62
104792,2017,0.588235294117647,34
104792,2018,0.6,50
104792,2019,0.637931034482759,58
104797,2005,0.666666666666667,3
104797,2006,0.4,5
104797,2007,0.666666666666667,3
104797,2008,0.714285714285714,7
104797,2009,0.470588235294118,34
104797,2010,0.524590163934426,61
104797,2011,0.352941176470588,34
104797,2012,0.5,66
104797,2013,0.5,60
104797,2014,0.528301886792453,53
104797,2015,0.48936170212766,47
104797,2016,0.3,30
104797,2017,0.470588235294118,34
104797,2018,0.375,32
104797,2019,0.266666666666667,15
104800,2006,0,2
104800,2008,0,1
104800,2010,0,1
104802,2015,0,1
104803,2012,0,1
104803,2013,0,1
104804,2011,0.5,4
104804,2012,0.75,4
104804,2013,0.285714285714286,7
104804,2014,1,1
104804,2015,0.5,2
104804,2016,0.25,4
104807,2006,0,1
104807,2008,0,1
104807,2009,0,1
104807,2010,0,1
104807,2012,0,2
104807,2013,0,1
104810,2008,1,2
104810,2011,0,2
104810,2012,0,1
104810,2015,0.5,2
104810,2016,0,2
104810,2017,1,2
104810,2018,0,1
104810,2019,0.142857142857143,7
104812,2005,0.4,5
104812,2006,0.2,5
104812,2007,0.333333333333333,6
104812,2008,0,2
104812,2009,0.5,2
104813,2005,0.666666666666667,3
104813,2006,0.75,4
104813,2007,0.666666666666667,3
104813,2008,1,1
104813,2009,0.5,6
104813,2010,0.636363636363636,11
104813,2011,0.25,8
104813,2012,0.55,20
104813,2013,0.375,32
104813,2014,0,1
104813,2015,0,2
104813,2016,0,2
104813,2017,0.666666666666667,3
104816,2004,0,1
104816,2005,0,1
104816,2006,0,1
104816,2007,0.2,5
104816,2011,0,1
104816,2017,1,1
104820,2011,0,1
104820,2012,0,1
104822,2015,0,1
104823,2008,0.333333333333333,3
104823,2010,1,2
104823,2012,1,1
104826,2006,0.5,2
104826,2007,1,1
104826,2009,0.333333333333333,3
104830,2008,0,1
104831,2006,0,1
104831,2007,0,5
104839,2011,1,1
104839,2012,0.25,4
104839,2014,0,1
104839,2015,0.333333333333333,3
104842,2005,0.333333333333333,3
104847,2013,0,1
104847,2015,0,2
104847,2016,0,1
104847,2017,0,1
104850,2010,0,1
104850,2011,0.25,4
104850,2012,0,1
104851,2005,0,1
104851,2006,0.5,2
104851,2008,0.142857142857143,7
104851,2011,0,2
104851,2013,0,1
104856,2013,0,2
104857,2011,0.2,5
104857,2012,0.428571428571429,7
104863,2011,1,2
104863,2013,0.25,4
104864,2004,0,1
104864,2005,0,2
104864,2006,0,2
104864,2007,0.333333333333333,12
104864,2011,0,1
104864,2012,0,2
104864,2013,0.285714285714286,7
104864,2014,0.3,10
104864,2016,0,2
104868,2007,0,1
104868,2008,0,2
104868,2009,0.25,4
104868,2010,0.5,10
104868,2011,0.583333333333333,12
104868,2012,0.142857142857143,7
104868,2013,0.2,5
104868,2014,0.294117647058824,17
104868,2015,0.25,16
104868,2016,0,5
104868,2017,0,2
104868,2019,0,3
104869,2005,0.5,2
104869,2006,1,2
104869,2007,0.666666666666667,3
104869,2008,1,2
104869,2009,0,1
104869,2010,0.5,2
104869,2011,0.428571428571429,7
104869,2012,0.111111111111111,9
104871,2006,0.5,4
104871,2007,0,3
104871,2008,0.526315789473684,19
104871,2009,0.555555555555556,63
104871,2010,0.472727272727273,55
104871,2011,0.357142857142857,28
104871,2012,0.533333333333333,45
104871,2013,0.5,50
104871,2014,0.535714285714286,56
104871,2015,0.5,54
104871,2016,0.447368421052632,38
104871,2017,0.461538461538462,39
104871,2018,0.529411764705882,51
104871,2019,0.490196078431373,51
104873,2005,0,1
104873,2013,0,2
104873,2014,0.235294117647059,17
104873,2015,0.25,8
104873,2016,0,3
104873,2017,0,1
104875,2006,0,1
104875,2008,1,1
104875,2009,0,2
104882,2008,0.5,6
104882,2009,0.6,5
104882,2010,0.466666666666667,15
104882,2011,0.4375,32
104882,2012,0.272727272727273,22
104882,2013,0.44,25
104882,2014,0.466666666666667,15
104882,2015,0.230769230769231,13
104882,2017,0.333333333333333,3
104882,2018,0.2,10
104887,2006,1,1
104887,2008,0,1
104887,2009,0.5,2
104887,2010,1,2
104887,2011,0,1
104887,2013,0,2
104890,2006,0.5,2
104890,2007,0,1
104890,2009,0,1
104890,2010,0.555555555555556,9
104890,2011,0.363636363636364,22
104890,2012,0.166666666666667,6
104890,2013,0.3,10
104890,2014,0.384615384615385,13
104890,2015,0.458333333333333,48
104890,2017,0,3
104890,2018,0,9
104893,2012,0,1
104893,2013,0,1
104895,2004,0,1
104895,2005,0.75,4
104895,2006,0,2
104895,2013,0.5,2
104895,2014,1,2
104895,2015,0.5,2
104895,2017,0,2
104896,2009,0.333333333333333,3
104897,2007,0.5,2
104897,2008,0,4
104897,2010,0.333333333333333,3
104897,2011,0.285714285714286,14
104897,2012,0.37037037037037,27
104897,2013,0.166666666666667,6
104897,2014,0.666666666666667,6
104897,2015,0.333333333333333,6
104897,2016,0,1
104897,2018,0.555555555555556,9
104897,2019,0.428571428571429,7
104898,2006,0.25,4
104898,2007,0.535714285714286,28
104898,2008,0.5,24
104898,2010,0.428571428571429,21
104898,2011,0.509433962264151,53
104898,2012,0.408163265306122,49
104898,2013,0.518518518518518,54
104898,2014,0.45,40
104898,2015,0.416666666666667,36
104898,2016,0.388888888888889,36
104898,2017,0.482758620689655,58
104898,2018,0.428571428571429,56
104898,2019,0.451612903225806,31
104901,2010,0,2
104901,2011,1,1
104901,2012,0.5,2
104901,2013,0.666666666666667,3
104901,2017,0.5,2
104905,2013,0,1
104905,2014,0,1
104905,2015,0,1
104907,2005,0.5,2
104907,2007,0,1
104907,2008,0.75,4
104907,2009,0,2
104907,2010,0.833333333333333,6
104907,2011,0.5,2
104907,2012,0,3
104907,2013,0,1
104907,2014,0,3
104907,2015,0.25,4
104907,2016,0,2
104907,2017,0,3
104907,2018,0.5,2
104907,2019,0.5,2
104908,2009,0,1
104909,2005,0,2
104909,2010,0.5,2
104909,2011,0,1
104910,2009,0.333333333333333,3
104910,2013,1,1
104910,2014,1,1
104914,2004,0,2
104914,2005,0,1
104914,2006,0,2
104914,2007,0,1
104914,2008,0.5,2
104914,2010,0.5,2
104914,2011,0,1
104917,2012,0,1
104918,2005,0.583333333333333,24
104918,2006,0.615384615384615,65
104918,2007,0.774193548387097,62
104918,2008,0.757142857142857,70
104918,2009,0.846153846153846,78
104918,2010,0.71875,64
104918,2011,0.808823529411765,68
104918,2012,0.7875,80
104918,2013,0.816326530612245,49
104918,2014,0.756410256410256,78
104918,2015,0.825581395348837,86
104918,2016,0.898876404494382,89
104918,2017,0.722222222222222,36
104918,2018,0.533333333333333,15
104918,2019,0.625,16
104919,2008,0.5,2
104919,2009,0.5,36
104919,2010,0.382352941176471,34
104919,2011,0.363636363636364,11
104919,2012,0.5,28
104919,2013,0.40625,32
104919,2014,0.583333333333333,48
104919,2015,0.549019607843137,51
104919,2016,0.444444444444444,27
104919,2017,0.578947368421053,19
104919,2018,0.458333333333333,48
104919,2019,0.484848484848485,33
104920,2012,1,1
104920,2013,0,2
104921,2008,0,1
104925,2004,0.4,5
104925,2005,0.476190476190476,21
104925,2006,0.689655172413793,58
104925,2007,0.776470588235294,85
104925,2008,0.790123456790123,81
104925,2009,0.804123711340206,97
104925,2010,0.777777777777778,81
104925,2011,0.911392405063291,79
104925,2012,0.862068965517241,87
104925,2013,0.891566265060241,83
104925,2014,0.89041095890411,73
104925,2015,0.932584269662921,89
104925,2016,0.88,75
104925,2017,0.804878048780488,41
104925,2018,0.8,70
104925,2019,0.846153846153846,65
104926,2005,0,1
104926,2006,0.285714285714286,7
104926,2007,0.416666666666667,12
104926,2008,0.470588235294118,34
104926,2009,0.434782608695652,46
104926,2010,0.380952380952381,42
104926,2011,0.471698113207547,53
104926,2012,0.468085106382979,47
104926,2013,0.608695652173913,69
104926,2014,0.615384615384615,65
104926,2015,0.551724137931034,58
104926,2016,0.530612244897959,49
104926,2017,0.610169491525424,59
104926,2018,0.671428571428571,70
104926,2019,0.563636363636364,55
104928,2005,0,1
104928,2007,1,1
104932,2011,0,2
104932,2012,0.2,5
104932,2013,0.347826086956522,23
104932,2014,0.269230769230769,26
104932,2015,0.285714285714286,14
104932,2016,0.166666666666667,6
104932,2017,0.555555555555556,9
104932,2018,0,2
104934,2008,0,1
104934,2010,1,1
104942,2007,1,1
104942,2008,0,1
104942,2010,0.333333333333333,3
104942,2011,0,1
104944,2013,0,1
104944,2014,0,1
104944,2015,0,1
104945,2009,0,1
104945,2010,0.5,4
104945,2011,1,1
104945,2012,1,3
104945,2013,0,2
104945,2014,0.666666666666667,3
104945,2015,0,3
104945,2016,0,1
104947,2009,0.4,5
104947,2010,0.333333333333333,15
104947,2011,0.235294117647059,17
104947,2012,0.428571428571429,7
104947,2014,0,5
104947,2015,0.461538461538462,26
104947,2016,0.25,8
104947,2017,0.6,5
104947,2018,0,1
104948,2010,0.5,2
104949,2007,0,3
104949,2008,0,3
104949,2010,0,2
104951,2005,0,2
104952,2007,0,1
104952,2008,0,2
104952,2009,0.75,4
104952,2010,0.5,2
104952,2014,0.75,4
104952,2015,0,2
104953,2012,0,1
104958,2008,0.5,2
104958,2009,0.625,8
104958,2010,0.333333333333333,15
104958,2011,0,1
104960,2013,0.5,2
104960,2014,0.4,5
104963,2010,0.5,2
104963,2012,0,1
104965,2008,0,1
104965,2011,0.6,5
104965,2012,0.6,5
104967,2010,0.5,2
104967,2011,0,1
104970,2012,0,3
104970,2013,0.363636363636364,11
104970,2014,0,1
104970,2018,0,1
104970,2019,0,1
104971,2012,0,1
104975,2005,0,1
104975,2011,0,1
104976,2006,0.4,5
104976,2007,0.285714285714286,7
104976,2008,0.333333333333333,3
104976,2009,0.25,8
104976,2010,0.307692307692308,13
104976,2011,0.424242424242424,33
104976,2012,0.45,20
104976,2013,0,1
104978,2007,0.5,2
104978,2008,0.2,5
104978,2009,0.583333333333333,12
104978,2010,0.321428571428571,28
104978,2011,0.266666666666667,15
104978,2012,0.470588235294118,17
104978,2013,0.5,46
104978,2014,0.0909090909090909,11
104978,2015,0.666666666666667,3
104978,2016,0.333333333333333,6
104978,2017,0.2,5
104978,2018,0,1
104978,2019,0.5,2
104979,2007,0.333333333333333,3
104979,2008,0.555555555555556,9
104979,2009,0.25,24
104979,2010,0.533333333333333,45
104979,2011,0.1875,32
104979,2012,0.333333333333333,9
104979,2013,0.5,10
104979,2014,0.342857142857143,35
104979,2015,0.214285714285714,14
104986,2007,0,1
104986,2011,0,1
104986,2012,0.333333333333333,3
104988,2007,0,2
104992,2007,0.333333333333333,3
104992,2008,0.5,2
104993,2014,0,1
104996,2007,0,1
104996,2008,0,2
104996,2010,0.5,2
104997,2006,0,1
104997,2007,0,1
104997,2008,0,1
104997,2010,0.428571428571429,7
104997,2011,0.4,5
104997,2012,0.421052631578947,19
104997,2013,0.444444444444444,45
104997,2014,0.27027027027027,37
104997,2015,0.230769230769231,13
104997,2016,0.363636363636364,11
104999,2006,0.5,6
104999,2007,0.4375,16
104999,2008,0.435897435897436,39
104999,2009,0.384615384615385,39
104999,2010,0.4375,32
104999,2011,0.1,20
104999,2012,0,3
104999,2013,0.444444444444444,9
104999,2015,0.466666666666667,15
104999,2016,0.461538461538462,26
104999,2017,0.483870967741935,62
104999,2018,0.395833333333333,48
104999,2019,0.2,15
105001,2009,0.333333333333333,3
105001,2010,0,1
105001,2011,0.333333333333333,3
105001,2013,0,1
105002,2008,0.333333333333333,3
105002,2009,0,1
105004,2011,0.333333333333333,3
105004,2012,0.666666666666667,3
105004,2014,0.75,4
105004,2015,0.5,2
105006,2006,0,1
105006,2010,0,1
105009,2006,0,1
105009,2007,0.5,2
105009,2008,1,1
105009,2011,0,2
105009,2014,0,1
105011,2008,1,1
105011,2009,0.5,10
105011,2010,0.45,40
105011,2011,0.294117647058824,17
105011,2012,0.75,4
105011,2013,0.2,5
105011,2014,0.444444444444444,9
105011,2015,0.416666666666667,12
105011,2016,0.405405405405405,37
105011,2017,0.25,8
105011,2019,0,2
105012,2010,0,1
105012,2011,1,1
105014,2006,0,1
105015,2008,0,1
105015,2010,0.5,6
105015,2011,0,3
105015,2015,0,1
105015,2016,0.166666666666667,6
105015,2017,0.285714285714286,7
105015,2018,0.333333333333333,6
105015,2019,0,1
105016,2006,0,2
105023,2006,0.352941176470588,17
105023,2007,0.465116279069767,43
105023,2008,0.519230769230769,52
105023,2009,0.640625,64
105023,2010,0.619047619047619,63
105023,2011,0.444444444444444,27
105023,2012,0.596774193548387,62
105023,2013,0.557692307692308,52
105023,2014,0.5625,48
105023,2015,0.454545454545455,44
105023,2016,0.549019607843137,51
105023,2017,0.610169491525424,59
105023,2018,0.521739130434783,46
105023,2019,0.585365853658537,41
105026,2015,0,1
105028,2006,0,1
105028,2007,0.4,5
105028,2008,0.32,25
105028,2009,0.466666666666667,15
105028,2010,0.166666666666667,6
105028,2011,0,1
105028,2012,0.304347826086957,23
105028,2013,0.31578947368421,19
105029,2009,0,1
105029,2010,0,2
105029,2011,0,3
105029,2012,0,1
105030,2010,0.333333333333333,3
105030,2011,0.5,2
105030,2012,0,2
105030,2013,1,2
105030,2014,0,2
105030,2015,0.571428571428571,7
105030,2016,0,2
105030,2017,0,1
105031,2014,1,1
105031,2016,0.333333333333333,3
105031,2017,0,1
105032,2008,0.5,2
105032,2009,0.333333333333333,3
105032,2013,0.428571428571429,7
105032,2014,0.368421052631579,19
105032,2015,0.463414634146341,41
105032,2016,0.2,20
105032,2017,0.285714285714286,7
105036,2010,0.5,2
105036,2011,1,1
105041,2006,1,2
105041,2007,0.25,4
105041,2008,0.25,4
105041,2009,0.166666666666667,6
105041,2010,0.463414634146341,41
105041,2011,0.307692307692308,13
105041,2012,0.405405405405405,37
105041,2013,0.413793103448276,29
105041,2014,0.451612903225806,31
105041,2015,0.2,15
105041,2016,0.363636363636364,11
105041,2017,0.411764705882353,17
105041,2018,0.407407407407407,27
105041,2019,0.25,4
105047,2014,0.5,2
105047,2015,0,1
105048,2005,0,1
105051,2010,0.333333333333333,3
105051,2011,0.5,20
105051,2012,0.414634146341463,41
105051,2013,0.388888888888889,18
105051,2014,0.166666666666667,24
105051,2015,0.142857142857143,7
105051,2016,0,4
105051,2017,0.5625,16
105051,2018,0.463414634146341,41
105051,2019,0.2,20
105052,2008,0.5,2
105052,2009,0.5,2
105053,2006,0.666666666666667,3
105053,2007,0.166666666666667,6
105053,2008,0.307692307692308,13
105053,2009,0.2,5
105053,2010,0.454545454545455,44
105053,2011,0.53448275862069,58
105053,2012,0.488372093023256,43
105053,2013,0.390243902439024,41
105053,2014,0.508771929824561,57
105053,2015,0.44,50
105053,2016,0.391304347826087,23
105053,2017,0.352941176470588,17
105053,2018,0.25,4
105053,2019,0.4,5
105059,2014,0,1
105060,2010,0.833333333333333,6
105060,2011,0.25,4
105060,2013,0.5,2
105060,2016,0,1
105060,2017,0,1
105062,2007,0,1
105062,2008,0.5,8
105062,2009,0.538461538461538,13
105062,2010,0.68,25
105062,2011,0.294117647058824,34
105062,2012,0.444444444444444,27
105062,2013,0.461538461538462,13
105062,2014,0.380952380952381,42
105062,2015,0.452380952380952,42
105062,2016,0.371428571428571,35
105062,2017,0.481481481481481,27
105062,2018,0.488372093023256,43
105062,2019,0.458333333333333,48
105063,2014,0,1
105063,2015,0.25,4
105063,2016,0.4,5
105063,2018,0.5,2
105063,2019,0,1
105064,2007,0,1
105064,2008,0.210526315789474,19
105064,2009,0.538461538461538,39
105064,2010,0.583333333333333,60
105064,2011,0.5,50
105064,2012,0.56,50
105064,2013,0.296296296296296,27
105064,2014,0.580645161290323,31
105064,2015,0.5,60
105064,2016,0.441860465116279,43
105064,2017,0.411764705882353,34
105064,2018,0.166666666666667,6
105065,2008,0,1
105065,2010,0.2,5
105065,2011,0.333333333333333,9
105065,2012,0.333333333333333,9
105065,2013,0.4,20
105065,2014,0.388888888888889,18
105065,2015,0.277777777777778,18
105065,2016,0.444444444444444,18
105065,2017,0.125,8
105065,2018,0.333333333333333,18
105065,2019,0.25,4
105066,2006,0,1
105066,2009,0,1
105066,2011,0.5,2
105066,2012,1,1
105070,2008,0,2
105070,2009,0,1
105070,2010,0,1
105070,2015,1,2
105070,2016,1,1
105072,2012,0.333333333333333,3
105072,2014,0,1
105074,2010,0.166666666666667,6
105074,2011,0.166666666666667,6
105074,2012,0.363636363636364,11
105074,2013,0.444444444444444,9
105074,2014,0,2
105074,2015,0.230769230769231,13
105074,2016,0.5,4
105074,2017,0.545454545454545,11
105074,2018,0.272727272727273,22
105074,2019,0,2
105077,2010,0.333333333333333,6
105077,2011,0.448275862068966,29
105077,2012,0.446428571428571,56
105077,2013,0.465116279069767,43
105077,2014,0.40625,32
105077,2015,0.41025641025641,39
105077,2016,0.523076923076923,65
105077,2017,0.515625,64
105077,2018,0.42,50
105077,2019,0.566037735849057,53
105079,2008,1,2
105079,2009,1,1
105079,2010,0.666666666666667,3
105080,2013,0.5,2
105080,2014,0,2
105081,2007,0,1
105084,2010,0,1
105085,2007,1,1
105085,2008,0.333333333333333,3
105085,2011,0,1
105085,2016,0,1
105085,2017,0,2
105085,2018,0,2
105091,2011,0,1
105091,2019,0,1
105094,2007,0,1
105094,2011,0,1
105095,2006,0.5,16
105095,2007,0.456521739130435,46
105095,2008,0.428571428571429,28
105095,2009,0.486486486486487,37
105095,2010,0.375,32
105095,2011,0,1
105095,2012,0.166666666666667,6
105095,2013,0.333333333333333,6
105098,2006,0,1
105098,2007,0,1
105098,2008,0,1
105098,2009,0.5,4
105098,2010,0.333333333333333,3
105098,2015,0,1
105098,2016,0.5,2
105099,2008,0,1
105099,2009,0.666666666666667,3
105099,2010,0.333333333333333,6
105099,2011,0.4,10
105099,2012,0.333333333333333,9
105099,2013,0,5
105099,2015,0,1
105100,2013,0,1
105101,2008,0,2
105103,2008,0,1
105104,2006,0,1
105104,2008,0,1
105111,2008,0,2
105111,2010,0,2
105111,2011,0.666666666666667,3
105111,2012,0,1
105111,2015,0,2
105111,2016,1,1
105111,2017,0,1
105111,2018,0,1
105113,2012,0.5,2
105113,2014,0,1
105113,2017,0.5,2
105116,2010,0,1
105120,2012,0,1
105120,2015,0,1
105122,2006,0,1
105122,2007,0.5,2
105122,2008,0.333333333333333,3
105122,2009,1,1
105122,2010,0,2
105128,2011,0.333333333333333,3
105128,2013,0.333333333333333,3
105131,2007,0,1
105131,2008,0,1
105132,2007,0,2
105132,2010,0.75,4
105132,2011,0.4,5
105132,2012,0.368421052631579,19
105132,2013,0.142857142857143,7
105132,2014,0.333333333333333,3
105132,2015,0,2
105132,2016,0.333333333333333,3
105132,2017,0.333333333333333,3
105132,2018,0.416666666666667,12
105137,2007,0.5,2
105137,2009,0.4,5
105137,2010,0.3,20
105137,2011,0.333333333333333,33
105137,2012,0.125,8
105137,2013,0,2
105137,2014,0.214285714285714,14
105137,2015,0,2
105137,2016,0,1
105138,2009,0,1
105138,2010,0,1
105138,2012,0.388888888888889,18
105138,2013,0.5,44
105138,2014,0.661764705882353,68
105138,2015,0.591549295774648,71
105138,2016,0.684931506849315,73
105138,2017,0.685714285714286,70
105138,2018,0.649122807017544,57
105138,2019,0.610169491525424,59
105145,2007,0,1
105145,2010,0,1
105145,2012,0,1
105147,2008,0,1
105147,2009,0.25,4
105147,2010,0.4,5
105147,2011,0.375,8
105147,2012,0.37037037037037,27
105147,2013,0.384615384615385,13
105147,2014,0.333333333333333,9
105147,2015,0.4,20
105147,2016,0.428571428571429,7
105147,2017,0,2
105147,2018,0,1
105147,2019,0,3
105148,2007,0,1
105148,2010,0.5,2
105149,2007,0,1
105149,2008,0.5,2
105149,2009,0,1
105149,2010,0.666666666666667,3
105149,2011,0.5,4
105149,2017,0.333333333333333,3
105152,2011,0.5,2
105154,2010,0.6,5
105154,2011,0.466666666666667,15
105154,2012,0.375,16
105154,2013,0.2,5
105154,2014,0.25,4
105154,2015,0.28,25
105154,2016,0.333333333333333,3
105154,2017,0.25,4
105155,2007,0,1
105155,2010,1,1
105155,2011,0,1
105155,2012,0,1
105155,2013,0.5,2
105155,2016,0,2
105155,2017,0.75,4
105155,2018,0.4,5
105155,2019,0,8
105156,2010,0,1
105156,2012,0,1
105156,2014,0,3
105156,2015,0.5,2
105156,2017,0,1
105156,2018,0,1
105156,2019,0,1
105159,2007,0,1
105159,2009,0,2
105159,2010,0,1
105159,2011,0,1
105161,2010,0,1
105161,2011,0,1
105161,2014,0.5,4
105161,2016,0,1
105163,2017,0.5,2
105163,2018,0,1
105163,2019,0,1
105166,2006,0,1
105166,2007,0.333333333333333,3
105166,2008,0.5,6
105166,2009,0.333333333333333,6
105166,2010,0.428571428571429,7
105166,2011,0.5,2
105166,2012,0,1
105166,2013,0,1
105166,2014,0.2,10
105166,2016,0.333333333333333,3
105166,2017,0.333333333333333,6
105166,2018,0.214285714285714,14
105166,2019,0,3
105169,2013,0,1
105169,2014,0,1
105173,2008,0.5,6
105173,2009,0,4
105173,2010,0.333333333333333,6
105173,2011,0.425,40
105173,2012,0.125,8
105173,2013,0.384615384615385,26
105173,2014,0.421052631578947,38
105173,2015,0.482758620689655,58
105173,2016,0.481481481481481,54
105173,2017,0.55,60
105173,2018,0.456140350877193,57
105173,2019,0.519230769230769,52
105175,2012,0,1
105177,2011,0,1
105177,2012,0,1
105177,2016,0,1
105177,2017,0,1
105180,2009,0,1
105181,2017,0.333333333333333,3
105182,2012,0,1
105182,2015,0.5,4
105187,2009,0,3
105189,2007,0,1
105194,2007,0.5,2
105194,2008,0,1
105194,2010,0,6
105201,2011,0.5,2
105201,2013,0.333333333333333,3
105207,2012,0,1
105208,2005,0,2
105208,2006,0.666666666666667,6
105208,2007,0.423076923076923,26
105208,2008,0.522727272727273,44
105208,2009,0.434782608695652,46
105208,2010,0.607843137254902,51
105208,2011,0.45,40
105208,2012,0.485714285714286,35
105208,2013,0.660714285714286,56
105208,2014,0.661016949152542,59
105208,2015,0.314285714285714,35
105208,2016,0.333333333333333,21
105208,2017,0.428571428571429,14
105208,2018,0.611111111111111,18
105208,2019,0.2,20
105216,2007,0.666666666666667,3
105216,2008,0,1
105216,2009,0,2
105216,2010,0,2
105216,2011,0.4,5
105216,2012,0.4,5
105216,2013,0.333333333333333,6
105216,2014,0,2
105216,2015,0.25,8
105216,2016,0.375,16
105216,2017,0.567567567567568,37
105216,2018,0.25,32
105216,2019,0.428571428571429,7
105217,2006,0.5,2
105217,2007,0.2,5
105217,2008,0.666666666666667,6
105217,2009,0.333333333333333,9
105217,2010,0.538461538461538,52
105217,2011,0.214285714285714,14
105217,2012,0.5,6
105217,2013,0.473684210526316,19
105217,2014,0.466666666666667,15
105217,2015,0.3,10
105217,2016,0.277777777777778,18
105217,2017,0.333333333333333,3
105217,2018,0.333333333333333,3
105217,2019,0,1
105220,2008,0,1
105221,2008,0.5,2
105221,2010,0.5,2
105221,2012,0,1
105223,2006,0.454545454545455,22
105223,2007,0.509433962264151,53
105223,2008,0.741935483870968,62
105223,2009,0.774647887323944,71
105223,2010,0.5,6
105223,2011,0.720588235294118,68
105223,2012,0.792682926829268,82
105223,2013,0.764705882352941,68
105223,2014,0.7,10
105223,2015,0.5,4
105223,2016,0.727272727272727,44
105223,2017,0.690909090909091,55
105223,2018,0.786885245901639,61
105223,2019,0.615384615384615,13
105226,2009,0.5,4
105226,2010,1,2
105226,2011,0.666666666666667,3
105226,2012,0.555555555555556,9
105226,2013,0.5,2
105226,2017,0.25,4
105226,2018,0,2
105226,2019,0.7,10
105227,2005,0,1
105227,2006,0.3125,16
105227,2007,0.548387096774194,31
105227,2008,0.586206896551724,58
105227,2009,0.695652173913043,69
105227,2010,0.645161290322581,62
105227,2011,0.656716417910448,67
105227,2012,0.666666666666667,60
105227,2013,0.675,40
105227,2014,0.722222222222222,72
105227,2015,0.641509433962264,53
105227,2016,0.671232876712329,73
105227,2017,0.676470588235294,68
105227,2018,0.692307692307692,65
105227,2019,0.523809523809524,42
105229,2005,0,1
105229,2006,0,3
105229,2007,0,1
105229,2010,0,1
105229,2011,0.5,2
105229,2015,0,1
105229,2016,0,1
105231,2006,0,1
105231,2007,0,1
105231,2008,0,1
105233,2013,0,1
105238,2006,0,2
105238,2007,0,2
105238,2009,0.5,2
105238,2010,0.477272727272727,44
105238,2011,0.567164179104478,67
105238,2012,0.573770491803279,61
105238,2013,0.470588235294118,51
105238,2014,0.5625,48
105238,2015,0.5,52
105238,2016,0.485714285714286,35
105238,2017,0.530612244897959,49
105238,2018,0.5,10
105239,2013,1,1
105239,2014,0,3
105239,2015,0,2
105245,2014,0,1
105250,2015,0,1
105254,2009,0,1
105254,2011,0.5,2
105254,2013,0,1
105254,2015,0.5,2
105254,2016,0,2
105254,2017,0,2
105259,2007,0,1
105259,2008,1,2
105259,2009,0,2
105261,2007,0,1
105262,2011,0,1
105269,2015,0.5,2
105270,2011,0.5,2
105270,2012,0,2
105270,2013,0,1
105270,2015,0,1
105271,2013,1,1
105271,2014,0,1
105271,2015,0.333333333333333,3
105271,2016,0,1
105271,2017,0.5,2
105273,2007,0,2
105273,2008,0,1
105273,2009,0.333333333333333,3
105273,2010,0.5,2
105273,2011,1,1
105273,2012,0,2
105273,2013,0.666666666666667,3
105273,2014,0.75,4
105273,2015,1,1
105273,2016,0.666666666666667,6
105273,2017,0,1
105273,2018,0,1
105281,2015,0,1
105283,2011,0,2
105283,2012,0,1
105283,2013,0,1
105284,2010,0,1
105286,2008,0,1
105286,2011,0,3
105286,2012,0,1
105286,2013,0.5,2
105288,2011,0,1
105292,2013,0,3
105292,2014,0.333333333333333,30
105292,2015,0.3125,16
105292,2016,0,5
105292,2017,0,2
105292,2018,1,2
105292,2019,0.5,2
105294,2012,0,1
105299,2012,0.5,6
105299,2013,0,1
105299,2014,0.333333333333333,3
105299,2015,0.75,4
105299,2017,0,2
105299,2018,0,1
105300,2011,0,1
105300,2012,0.666666666666667,3
105302,2013,0,1
105302,2014,0.25,8
105302,2015,0,2
105302,2016,0.5,2
105302,2017,0,1
105305,2009,0,1
105305,2010,0,1
105311,2008,0.333333333333333,3
105311,2010,0,1
105311,2011,0.5,4
105311,2012,0.4,10
105311,2013,0.517241379310345,29
105311,2014,0.406779661016949,59
105311,2015,0.550724637681159,69
105311,2016,0.433333333333333,60
105311,2017,0.43859649122807,57
105311,2018,0.509433962264151,53
105311,2019,0.456140350877193,57
105318,2010,0,1
105318,2011,0.166666666666667,6
105318,2012,1,2
105325,2015,0,1
105331,2009,0,2
105331,2012,0,2
105332,2010,0.2,5
105332,2011,0.333333333333333,15
105332,2012,0.517857142857143,56
105332,2013,0.5,60
105332,2014,0.333333333333333,27
105332,2015,0.595238095238095,42
105332,2016,0.418181818181818,55
105332,2017,0.491803278688525,61
105332,2018,0.5,58
105332,2019,0.533333333333333,60
105334,2009,0,1
105334,2010,0,2
105334,2011,0,1
105334,2012,0,1
105336,2012,0,1
105339,2008,0.5,4
105339,2010,0.5,2
105339,2014,0,1
105339,2015,0.333333333333333,3
105339,2019,0,2
105341,2008,0,1
105341,2010,0,1
105341,2013,0,1
105341,2015,0,3
105341,2016,0.333333333333333,15
105341,2017,0.25,16
105341,2018,0.4,20
105341,2019,0.357142857142857,28
105349,2010,0,2
105349,2011,0,2
105349,2012,0,3
105349,2013,0.666666666666667,3
105349,2016,0.5,4
105349,2018,0.5,6
105349,2019,0,1
105357,2010,0,1
105357,2011,0,1
105357,2012,0.333333333333333,3
105357,2013,0.25,4
105357,2015,0.357142857142857,14
105357,2016,0.475,40
105357,2017,0.333333333333333,9
105357,2018,0.5,40
105357,2019,0.425531914893617,47
105359,2017,0,3
105359,2018,0.4,5
105359,2019,0.25,8
105367,2010,0.5,2
105367,2011,0,3
105367,2012,0,1
105372,2011,0,2
105372,2013,0,1
105373,2007,0.333333333333333,3
105373,2009,0,1
105373,2010,0.428571428571429,7
105373,2011,0.333333333333333,6
105373,2012,0.542857142857143,35
105373,2013,0.342857142857143,35
105373,2014,0.585365853658537,41
105373,2015,0.526315789473684,57
105373,2016,0.464285714285714,28
105373,2017,0.407407407407407,27
105373,2018,0.689655172413793,29
105373,2019,0.333333333333333,30
105376,2010,0,1
105376,2012,0,1
105376,2013,0.666666666666667,6
105376,2014,0.384615384615385,13
105376,2015,0.25,4
105376,2016,0.333333333333333,3
105376,2017,0.608695652173913,23
105376,2018,0.469387755102041,49
105376,2019,0.333333333333333,30
105379,2010,1,1
105379,2011,0.333333333333333,3
105379,2012,0.545454545454545,11
105379,2013,0.357142857142857,28
105379,2014,0.272727272727273,11
105379,2015,0.5,34
105379,2016,0.387096774193548,31
105379,2017,0.513513513513513,37
105379,2018,0.487179487179487,39
105379,2019,0.540540540540541,37
105385,2005,0,7
105385,2006,0,3
105385,2007,0.5,6
105385,2008,0.285714285714286,28
105385,2009,0,4
105385,2010,0.333333333333333,9
105385,2011,0.527777777777778,36
105385,2012,0.172413793103448,29
105385,2013,0.4,5
105385,2014,0.45,40
105385,2015,0.488888888888889,45
105385,2016,0.461538461538462,39
105385,2017,0.531914893617021,47
105385,2018,0.2,15
105385,2019,0,2
105386,2009,1,1
105386,2013,1,1
105386,2014,0,1
105394,2007,0,1
105394,2008,0.5,2
105394,2009,0,2
105401,2015,0,1
105402,2009,0,2
105402,2010,1,1
105402,2011,0,1
105402,2012,0,1
105404,2007,0,1
105404,2012,0.5,2
105406,2017,0,1
105413,2010,0,1
105413,2013,0.2,5
105413,2014,0.5,2
105413,2016,0.666666666666667,15
105413,2017,0.333333333333333,3
105413,2018,0.6,5
105413,2019,0.5,2
105419,2007,0,1
105426,2016,0,2
105427,2013,0,1
105428,2011,1,1
105428,2015,0,1
105430,2009,0.333333333333333,3
105430,2012,0.5,4
105430,2013,0.714285714285714,7
105430,2014,0.7,10
105430,2015,0.285714285714286,7
105430,2016,0.266666666666667,15
105430,2017,0.346153846153846,26
105430,2018,0.333333333333333,36
105430,2019,0.553571428571429,56
105431,2009,0,1
105431,2013,0,1
105431,2014,0,2
105432,2017,0.5,2
105432,2018,0.25,8
105432,2019,0.277777777777778,18
105434,2012,0,1
105434,2013,0,2
105434,2014,0,1
105434,2015,0.5,2
105434,2019,0,1
105436,2012,0,1
105436,2013,0.333333333333333,6
105436,2014,0,1
105436,2015,0,1
105436,2017,1,1
105436,2018,0.5,2
105436,2019,1,1
105438,2010,0,1
105438,2012,0.4,5
105438,2014,0.4,5
105438,2015,0,1
105438,2016,0.361111111111111,36
105438,2017,0,1
105440,2009,0,1
105441,2013,0,1
105441,2014,0,2
105441,2015,0.375,8
105441,2016,0.333333333333333,6
105441,2017,0,3
105441,2018,0,4
105442,2013,0,2
105449,2010,0,1
105449,2011,0,2
105449,2012,0.375,8
105449,2013,0.285714285714286,14
105449,2014,0.5,40
105449,2015,0.569230769230769,65
105449,2016,0.517241379310345,58
105449,2017,0.566037735849057,53
105449,2018,0.529411764705882,51
105449,2019,0.4,35
105450,2014,0,1
105450,2015,0,1
105450,2017,0,1
105453,2007,0.375,8
105453,2008,0.571428571428571,28
105453,2009,0.4,10
105453,2010,0.25,12
105453,2011,0.620689655172414,58
105453,2012,0.666666666666667,60
105453,2013,0.648148148148148,54
105453,2014,0.787878787878788,66
105453,2015,0.763888888888889,72
105453,2016,0.725,80
105453,2017,0.674418604651163,43
105453,2018,0.691176470588235,68
105453,2019,0.641025641025641,39
105454,2008,0,1
105454,2009,0.333333333333333,6
105454,2015,0,1
105454,2016,0,2
105454,2017,0.25,4
105456,2009,1,1
105456,2013,1,1
105456,2014,0.5,2
105463,2008,0,2
105463,2014,0,1
105464,2008,0,2
105464,2009,0.333333333333333,3
105464,2010,0.5,2
105464,2011,0.75,4
105464,2012,1,3
105464,2013,0,5
105464,2015,1,1
105464,2016,1,1
105467,2015,0,2
105467,2016,0,2
105467,2017,0,1
105467,2018,0,1
105471,2008,0,2
105471,2010,0.6,5
105471,2011,0,1
105471,2012,0.4,5
105471,2013,0,1
105471,2014,0,1
105472,2013,0.333333333333333,3
105477,2012,0.5,2
105477,2013,0.5,2
105477,2016,0.333333333333333,6
105477,2017,0.333333333333333,3
105477,2018,0.625,8
105477,2019,0.4,5
105482,2013,0,2
105487,2011,0,2
105487,2012,0.333333333333333,3
105487,2014,0.4,5
105487,2015,0.333333333333333,6
105487,2016,0.352941176470588,17
105487,2017,0.2,15
105487,2018,0.333333333333333,6
105487,2019,0.285714285714286,7
105488,2010,0,1
105490,2014,0,1
105490,2015,0.5,2
105493,2011,0,1
105493,2012,0,1
105493,2013,0,1
105493,2015,0.333333333333333,3
105493,2016,0.5,2
105493,2017,1,1
105493,2018,0,1
105493,2019,0,2
105497,2009,0.5,2
105497,2010,0,1
105497,2012,1,1
105497,2013,0.666666666666667,3
105497,2014,0.5,2
105497,2015,0,3
105497,2016,0,1
105497,2017,0,2
105497,2018,0.666666666666667,3
105497,2019,0.5,2
105499,2009,0.333333333333333,3
105499,2010,0,3
105499,2013,0.666666666666667,3
105499,2014,0.75,4
105499,2016,0.5,2
105499,2017,0.333333333333333,3
105499,2018,0.5,2
105502,2018,0,1
105512,2015,0.5,2
105512,2016,0.333333333333333,3
105515,2016,0,1
105515,2018,0,1
105521,2011,0,1
105526,2013,0.307692307692308,13
105526,2014,0.46875,32
105526,2015,0.208333333333333,24
105526,2016,0.419354838709677,31
105526,2017,0.491228070175439,57
105526,2018,0.469387755102041,49
105526,2019,0.555555555555556,63
105528,2013,0,1
105528,2016,0,2
105528,2017,0,1
105529,2012,0,1
105539,2008,0,1
105539,2009,0,1
105539,2010,0.333333333333333,3
105539,2011,0,2
105539,2012,0,5
105539,2013,0.40625,32
105539,2014,0.307692307692308,13
105539,2015,0.5,12
105539,2016,0.259259259259259,27
105539,2017,0.263157894736842,19
105539,2018,0.394736842105263,38
105539,2019,0.285714285714286,7
105541,2012,1,2
105541,2013,0,3
105541,2015,0,1
105542,2015,0.333333333333333,3
105547,2013,0,2
105550,2012,0,1
105550,2013,0.35,20
105550,2014,0.428571428571429,7
105550,2015,0.2,5
105550,2016,0.41025641025641,39
105550,2017,0.485714285714286,35
105550,2018,0.530612244897959,49
105550,2019,0.576271186440678,59
105551,2017,0,2
105554,2008,0,1
105554,2009,0,3
105554,2010,0,3
105554,2011,0,2
105554,2012,0.4,5
105554,2013,0.545454545454545,11
105554,2014,0.444444444444444,9
105554,2015,0,2
105554,2016,0.473684210526316,19
105554,2017,0.52,25
105554,2018,0.5,2
105554,2019,0.475,40
105558,2009,0.5,2
105558,2010,0.428571428571429,7
105558,2011,0.333333333333333,3
105558,2012,0.272727272727273,11
105558,2013,0.380952380952381,21
105559,2007,0,2
105559,2008,0,1
105559,2017,0,1
105561,2011,0.666666666666667,3
105561,2012,0.2,5
105561,2014,0,1
105561,2016,0.5,2
105561,2017,0.4,15
105561,2018,0.5,2
105561,2019,0.333333333333333,3
105565,2012,0,1
105566,2011,0.5,2
105566,2015,0.5,2
105566,2018,0,1
105572,2008,0,1
105572,2012,0,1
105572,2014,0.5,2
105572,2015,0.388888888888889,18
105572,2016,0.307692307692308,13
105572,2017,0,1
105573,2008,0,1
105573,2009,0.4,5
105573,2010,0.5,4
105573,2011,1,1
105575,2008,0,2
105575,2009,0.333333333333333,3
105575,2010,0.666666666666667,12
105575,2011,0.411764705882353,17
105575,2012,0.666666666666667,15
105575,2013,0.407407407407407,27
105575,2014,0.611111111111111,18
105575,2015,0.411764705882353,34
105575,2016,0.4,25
105575,2017,0.461538461538462,13
105575,2018,0.407407407407407,27
105575,2019,0.388888888888889,18
105577,2008,0,1
105577,2011,0.545454545454545,11
105577,2012,0.25,20
105577,2013,0.512820512820513,39
105577,2014,0.439024390243902,41
105577,2015,0.520833333333333,48
105577,2016,0.303030303030303,33
105577,2017,0.380952380952381,21
105577,2018,0.347826086956522,23
105577,2019,0.5,12
105579,2007,0,2
105579,2009,0,7
105579,2010,0.8,5
105579,2011,0.5,6
105579,2012,0,2
105579,2013,0,1
105579,2016,0.666666666666667,3
105583,2010,0,2
105583,2011,0.375,8
105583,2012,0.666666666666667,3
105583,2013,0,6
105583,2014,0.457142857142857,35
105583,2015,0.447368421052632,38
105583,2016,0.452380952380952,42
105583,2017,0.45,40
105583,2018,0.509803921568627,51
105583,2019,0.422222222222222,45
105585,2009,0.25,4
105585,2010,0.2,5
105585,2011,0.2,5
105585,2012,0.333333333333333,9
105585,2013,0.333333333333333,6
105585,2014,0.2,5
105585,2015,0.375,8
105585,2016,0.5,6
105585,2017,0.2,5
105585,2018,0.5,2
105585,2019,0,3
105586,2013,0,2
105586,2014,0,1
105586,2015,0,2
105586,2016,0,1
105587,2015,0,2
105587,2018,0,1
105589,2010,0,1
105589,2013,0,2
105589,2014,0,4
105589,2015,0.5,8
105589,2016,0.272727272727273,11
105589,2017,0.4375,16
105589,2018,0.4,10
105590,2008,0.4,5
105590,2009,0.5,2
105590,2010,0.166666666666667,6
105590,2011,0.75,4
105590,2012,0.8,5
105590,2013,0.333333333333333,3
105590,2014,0,1
105590,2015,0,2
105591,2013,0,1
105596,2016,0.333333333333333,3
105596,2017,0,2
105601,2010,0,2
105606,2011,0,1
105606,2015,0,1
105609,2010,0,1
105613,2014,0.166666666666667,6
105613,2015,0.142857142857143,7
105613,2017,0.230769230769231,13
105613,2018,0,4
105613,2019,0.6,5
105614,2010,0,1
105614,2011,0,1
105614,2012,0.333333333333333,3
105614,2013,0.25,4
105614,2014,0.153846153846154,13
105614,2018,0.384615384615385,13
105614,2019,0.222222222222222,18
105625,2010,1,1
105626,2015,0,2
105626,2016,0.5,2
105626,2018,0.333333333333333,3
105626,2019,0,2
105630,2016,0,1
105630,2017,0,1
105633,2010,0,1
105633,2012,0,3
105633,2014,0.5,4
105633,2015,0,1
105633,2016,0,2
105633,2017,0.2,5
105633,2018,0.6,5
105633,2019,0.333333333333333,3
105634,2014,0,1
105634,2017,1,1
105634,2018,0.4,5
105634,2019,0,2
105638,2011,0,3
105638,2014,0,2
105641,2010,1,1
105641,2013,0.5,2
105641,2014,0.357142857142857,14
105641,2015,0.4,10
105641,2016,0.5,4
105641,2018,0,1
105641,2019,0,2
105643,2009,0,1
105643,2010,0,2
105643,2011,0.6,5
105643,2012,0.4,15
105643,2013,0.6,20
105643,2014,0.425531914893617,47
105643,2015,0.45945945945946,37
105643,2016,0.529411764705882,51
105643,2017,0.523809523809524,21
105643,2018,0.379310344827586,29
105643,2019,0.411764705882353,34
105649,2011,0.5,8
105649,2012,0.384615384615385,26
105649,2013,0.333333333333333,3
105649,2016,0,1
105649,2017,0.5,12
105649,2018,0,2
105649,2019,0.466666666666667,15
105650,2016,0.5,2
105651,2014,0,1
105655,2012,0.25,4
105655,2014,0,2
105655,2015,0.25,4
105655,2016,0,1
105656,2008,0,3
105656,2010,0.333333333333333,3
105656,2012,0,2
105656,2013,0.333333333333333,3
105656,2014,0,1
105656,2015,1,3
105656,2016,1,2
105656,2017,1,4
105656,2018,0.333333333333333,3
105656,2019,0.666666666666667,3
105657,2009,0.666666666666667,3
105657,2010,0,1
105657,2011,0.25,4
105657,2012,0.5,8
105657,2013,0.363636363636364,11
105657,2014,0.5,10
105657,2015,0.5,12
105657,2016,0.5,10
105657,2017,0.347826086956522,23
105657,2018,0.435897435897436,39
105657,2019,0.296296296296296,27
105662,2009,0,1
105662,2010,0,1
105668,2008,0.333333333333333,3
105668,2009,0.333333333333333,6
105668,2010,0.25,4
105668,2011,0.4,5
105668,2012,0.705882352941177,17
105668,2013,0.574468085106383,47
105668,2014,0.48,50
105668,2015,0.5,48
105668,2016,0,3
105668,2017,0.5,12
105671,2007,0,1
105671,2008,0,3
105671,2011,0,1
105671,2012,0,2
105671,2013,0.333333333333333,6
105671,2014,0.272727272727273,11
105671,2015,0.333333333333333,3
105671,2016,0.461538461538462,26
105671,2017,0.388888888888889,18
105671,2018,0.2,10
105676,2011,0.5,4
105676,2012,0.53125,32
105676,2013,0.290322580645161,31
105676,2014,0.625,40
105676,2015,0.609375,64
105676,2016,0.662162162162162,74
105676,2017,0.710843373493976,83
105676,2018,0.638297872340426,47
105676,2019,0.587301587301587,63
105677,2016,0.5,2
105678,2014,0.5,2
105679,2013,0,1
105679,2014,0,1
105679,2017,0,1
105681,2011,1,1
105683,2009,0,1
105683,2010,0.4,10
105683,2011,0.627450980392157,51
105683,2012,0.671641791044776,67
105683,2013,0.681818181818182,66
105683,2014,0.710144927536232,69
105683,2015,0.673469387755102,49
105683,2016,0.732394366197183,71
105683,2017,0.674418604651163,43
105683,2018,0.648148148148148,54
105683,2019,0.6,35
105688,2011,0,3
105688,2017,0.5,2
105691,2018,0,1
105692,2017,0,1
105703,2014,0,2
105703,2017,0,1
105707,2011,0,1
105707,2013,1,1
105707,2014,0.5,2
105707,2017,0.6,5
105707,2018,0,2
105711,2012,0,1
105711,2013,0,1
105717,2010,0,1
105720,2009,0,3
105720,2012,0,1
105723,2009,0.333333333333333,3
105723,2010,0.2,5
105723,2011,0.333333333333333,6
105723,2012,0.25,8
105723,2013,0.333333333333333,27
105723,2014,0.529411764705882,17
105723,2015,0.454545454545455,22
105723,2016,0.588235294117647,51
105723,2017,0.388888888888889,36
105730,2009,0,2
105730,2010,0,1
105731,2010,0,1
105731,2014,0,1
105731,2016,0.333333333333333,3
105731,2017,0,1
105731,2019,0.5,2
105732,2013,0.25,4
105732,2014,0.333333333333333,15
105732,2015,0.538461538461538,13
105732,2016,0.368421052631579,19
105732,2017,0.333333333333333,30
105732,2018,0.541666666666667,48
105732,2019,0.465116279069767,43
105733,2012,0,2
105733,2013,0.3125,16
105733,2014,0.333333333333333,6
105733,2015,0,1
105738,2008,0,1
105738,2009,1,1
105738,2010,0.285714285714286,7
105738,2011,0,2
105738,2012,0.25,4
105738,2013,0,3
105738,2014,0,2
105738,2016,0.5,2
105747,2012,0.666666666666667,3
105747,2014,0,1
105747,2016,0,1
105747,2018,0.5,4
105747,2019,0,1
105751,2016,0,1
105757,2012,0,1
105757,2018,0,1
105757,2019,0.5,2
105759,2015,0,2
105777,2008,0,1
105777,2009,0.4,10
105777,2010,0.6,5
105777,2011,0.418604651162791,43
105777,2012,0.583333333333333,48
105777,2013,0.596491228070175,57
105777,2014,0.746268656716418,67
105777,2015,0.592592592592593,54
105777,2016,0.606060606060606,66
105777,2017,0.720588235294118,68
105777,2018,0.574468085106383,47
105777,2019,0.5,40
105781,2009,0.5,2
105781,2010,0,3
105781,2012,0,1
105782,2016,0,1
105783,2009,0,1
105783,2014,0,1
105790,2009,0,2
105790,2010,0.333333333333333,6
105790,2011,1,2
105790,2012,1,1
105790,2013,1,1
105790,2014,0.666666666666667,3
105790,2015,1,1
105790,2016,0.5,2
105798,2017,0,1
105806,2013,0.5,4
105806,2014,0.6,5
105806,2015,0.666666666666667,3
105806,2016,0.545454545454545,11
105806,2017,0.666666666666667,6
105806,2018,0.424242424242424,33
105806,2019,0.2,5
105807,2011,0,1
105807,2013,0.466666666666667,15
105807,2014,0.368421052631579,38
105807,2015,0.358974358974359,39
105807,2016,0.611940298507463,67
105807,2017,0.587301587301587,63
105807,2018,0.584905660377358,53
105807,2019,0.576923076923077,52
105812,2013,0,2
105812,2014,0,2
105812,2015,1,1
105812,2017,0,1
105812,2018,0.5,2
105812,2019,0,1
105815,2017,0.25,8
105815,2018,0.432432432432432,37
105815,2019,0.448275862068966,29
105819,2012,0,1
105819,2015,0.5,2
105819,2016,0,1
105819,2017,0.333333333333333,3
105819,2018,0.333333333333333,9
105819,2019,0.3,20
105820,2015,1,2
105821,2017,0,1
105826,2015,0.5,2
105827,2010,0.4,5
105827,2011,0,2
105827,2014,0.5,4
105827,2015,0.333333333333333,3
105827,2016,0.5,4
105827,2017,0.333333333333333,3
105827,2018,0.333333333333333,3
105827,2019,0,1
105830,2014,0.25,4
105831,2008,0,1
105831,2012,0,2
105841,2015,0,1
105841,2016,0,1
105841,2017,0,1
105842,2009,0,1
105842,2010,0.2,5
105842,2011,0.75,4
105842,2012,0.333333333333333,6
105842,2013,0.428571428571429,7
105842,2014,0.666666666666667,6
105842,2015,0.4,5
105842,2016,0.285714285714286,7
105842,2017,0.166666666666667,6
105842,2018,0,3
105842,2019,0.5,2
105852,2013,0,3
105853,2014,0,3
105853,2015,0,3
105853,2016,0,2
105870,2017,0.583333333333333,12
105870,2018,0.142857142857143,7
105870,2019,0,2
105871,2017,0,1
105872,2010,0,1
105872,2011,0,4
105872,2012,0,1
105872,2014,0.5,4
105872,2015,0.2,5
105872,2016,0,1
105872,2017,1,2
105874,2012,0.5,4
105874,2013,0.333333333333333,3
105874,2014,0.333333333333333,6
105874,2016,0,1
105877,2010,0,1
105877,2012,1,1
105877,2013,0.4,5
105877,2014,0.75,4
105877,2015,0.5,2
105877,2016,0.333333333333333,3
105877,2017,0.333333333333333,3
105881,2016,0.5,6
105881,2017,0.5,2
105882,2014,0,1
105882,2017,0.25,4
105882,2018,0.222222222222222,9
105882,2019,0.416666666666667,12
105888,2015,0,2
105894,2010,0,1
105894,2011,0.2,5
105894,2012,0.166666666666667,6
105894,2013,0,1
105899,2010,0,1
105899,2011,0,3
105899,2012,0.5,2
105899,2013,0,1
105899,2014,0.5,2
105899,2015,0,2
105899,2016,1,1
105899,2018,0.333333333333333,3
105899,2019,0,1
105902,2012,0.4,5
105902,2013,0.272727272727273,11
105902,2014,0.142857142857143,7
105902,2015,0.45,20
105902,2016,0.333333333333333,12
105902,2017,0,1
105902,2018,0.222222222222222,9
105902,2019,0,2
105906,2010,0,1
105906,2013,0,1
105906,2019,0.5,2
105909,2012,0.5,2
105909,2013,0,1
105909,2014,0,1
105909,2015,0,4
105912,2011,1,3
105916,2012,0.4,5
105916,2013,0.4,5
105916,2015,0.75,8
105916,2016,0.4,5
105916,2017,0.529411764705882,17
105916,2018,0.5,52
105916,2019,0.468085106382979,47
105917,2010,0,2
105917,2014,0,1
105917,2015,0.5,2
105930,2011,0.5,2
105930,2014,0,1
105932,2014,0,1
105932,2015,0.333333333333333,12
105932,2016,0.4,15
105932,2017,0.480769230769231,52
105932,2018,0.516666666666667,60
105932,2019,0.530612244897959,49
105933,2013,0,1
105933,2016,0,1
105933,2017,0.666666666666667,3
105933,2018,0.4,5
105934,2014,0.5,2
105934,2015,0,1
105935,2011,0.666666666666667,3
105935,2012,0,4
105935,2013,0,1
105935,2014,0.5,2
105935,2015,0.333333333333333,3
105935,2018,1,1
105936,2009,0,1
105936,2010,0.375,8
105936,2012,0.333333333333333,3
105936,2013,0,1
105936,2014,0.636363636363636,11
105936,2015,0.235294117647059,17
105936,2016,0.166666666666667,6
105936,2017,0.75,8
105936,2018,0.451612903225806,31
105936,2019,0.63265306122449,49
105941,2011,0,1
105943,2015,0,1
105943,2016,0,1
105943,2017,0.5,4
105943,2018,0,2
105943,2019,0,1
105946,2013,0.666666666666667,3
105946,2016,1,1
105948,2018,0.5,2
105952,2014,0.666666666666667,3
105952,2015,0.5,4
105952,2016,0.470588235294118,17
105952,2017,0.333333333333333,24
105952,2018,0,1
105954,2015,0.666666666666667,3
105954,2016,0.333333333333333,3
105960,2017,0.333333333333333,3
105960,2018,0,1
105961,2010,1,2
105961,2011,0.5,2
105961,2012,0.5,2
105961,2013,0.75,4
105961,2014,0,2
105961,2015,0.5,2
105961,2018,0,1
105963,2015,0.5,2
105963,2017,0.285714285714286,7
105963,2019,0,1
105967,2009,1,1
105967,2012,0,2
105967,2013,0.333333333333333,9
105967,2014,0.333333333333333,3
105967,2015,0.6,5
105967,2016,0.333333333333333,9
105967,2017,0.478260869565217,23
105967,2018,0.583333333333333,12
105967,2019,0.333333333333333,18
105985,2012,0,1
105985,2013,1,2
105985,2014,1,6
105985,2015,0.666666666666667,6
105985,2016,0,2
105985,2017,0.6,10
105985,2018,0,3
105985,2019,0.333333333333333,3
105987,2009,0,1
105987,2013,0,1
105992,2008,0.5,2
105992,2010,0.307692307692308,13
105992,2011,0.424242424242424,33
105992,2012,0.479166666666667,48
105992,2013,0.34375,32
105992,2014,0.294117647058824,17
105992,2015,0.333333333333333,12
105992,2016,0.5,22
105992,2017,0.465116279069767,43
105992,2018,0.5,44
105992,2019,0.333333333333333,9
105999,2014,0,1
106000,2010,1,2
106000,2012,0,2
106000,2013,0.5,2
106000,2014,0.416666666666667,12
106000,2015,0.470588235294118,17
106000,2016,0.511111111111111,45
106000,2017,0.60655737704918,61
106000,2018,0.43859649122807,57
106000,2019,0.382352941176471,34
106005,2015,0,1
106005,2018,0.333333333333333,3
106005,2019,0,2
106006,2010,0,1
106006,2013,0,1
106006,2016,0,1
106006,2017,0,1
106021,2018,1,1
106021,2019,1,1
106024,2010,0,1
106024,2011,0,1
106024,2013,0,1
106026,2009,0.5,2
106026,2010,0,1
106026,2011,0,1
106026,2012,0.571428571428571,7
106026,2013,0.8,5
106026,2014,0.333333333333333,3
106026,2015,0.4,5
106026,2016,0,3
106026,2017,0.666666666666667,12
106026,2018,0.285714285714286,14
106031,2019,0,1
106032,2013,0,3
106032,2014,0,5
106032,2015,0.166666666666667,6
106032,2016,0,2
106032,2019,0,1
106033,2014,1,4
106033,2015,0.666666666666667,3
106033,2016,0,1
106033,2017,0,1
106034,2013,1,1
106034,2014,0,1
106034,2015,0,2
106034,2017,0.5,4
106034,2018,0.666666666666667,3
106034,2019,0.4,5
106035,2013,0,4
106035,2016,0,3
106035,2017,0.5,2
106043,2013,0.166666666666667,6
106043,2014,0.333333333333333,6
106043,2015,0.333333333333333,33
106043,2016,0.5,34
106043,2017,0.582089552238806,67
106043,2018,0.559322033898305,59
106043,2019,0.606060606060606,66
106044,2016,0.333333333333333,3
106044,2017,0.434782608695652,23
106044,2018,0.4,20
106045,2010,0.5,2
106045,2011,0.5,4
106045,2012,0.222222222222222,9
106045,2013,0.333333333333333,15
106045,2014,0.375,8
106045,2015,0.363636363636364,22
106045,2016,0.285714285714286,28
106045,2017,0.5,2
106045,2018,0.444444444444444,27
106045,2019,0.32258064516129,31
106053,2012,0,1
106053,2014,0.5,2
106058,2010,0,1
106058,2011,0.333333333333333,3
106058,2012,0.416666666666667,12
106058,2013,0.434782608695652,23
106058,2014,0.574468085106383,47
106058,2015,0.660377358490566,53
106058,2016,0.637931034482759,58
106058,2017,0.639344262295082,61
106058,2018,0.290322580645161,31
106058,2019,0.2,5
106065,2013,0,1
106065,2014,0,3
106065,2015,0,4
106065,2016,0.230769230769231,13
106065,2017,0.166666666666667,6
106065,2018,0.52,50
106065,2019,0.314285714285714,35
106066,2014,0,1
106071,2009,0.25,4
106071,2010,0.4,10
106071,2011,0.516129032258065,31
106071,2012,0.480769230769231,52
106071,2013,0.531914893617021,47
106071,2014,0.515151515151515,33
106071,2015,0.582089552238806,67
106071,2016,0.555555555555556,54
106071,2017,0.333333333333333,30
106071,2018,0.5625,16
106071,2019,0.318181818181818,22
106072,2018,0.5,4
106072,2019,0,2
106074,2012,0,1
106075,2016,0.307692307692308,13
106075,2017,0.25,8
106075,2018,0.538461538461538,13
106075,2019,0.1,10
106077,2011,0,3
106077,2012,0,1
106078,2013,0.5,2
106078,2014,0.333333333333333,3
106078,2015,0.833333333333333,6
106078,2016,1,3
106078,2017,1,3
106078,2018,0.666666666666667,6
106078,2019,0.588235294117647,17
106093,2012,0,3
106093,2013,0,1
106093,2016,0,1
106099,2016,0,1
106099,2017,0,1
106099,2018,0.25,4
106099,2019,0.5,12
106100,2011,0,2
106100,2013,0.5,4
106100,2014,0,1
106100,2015,0,2
106105,2011,0,1
106105,2013,0,1
106105,2014,0,3
106105,2015,0,2
106105,2016,0,2
106105,2017,0,2
106105,2018,0.333333333333333,3
106106,2016,0,1
106106,2017,0.333333333333333,3
106106,2018,0,1
106106,2019,0,1
106109,2015,0,1
106109,2017,0,2
106109,2018,0.111111111111111,9
106109,2019,0.5,6
106110,2018,0.25,4
106110,2019,0,1
106120,2018,0.5,6
106121,2014,0.222222222222222,9
106121,2015,0.25,8
106121,2016,0.384615384615385,26
106121,2017,0.285714285714286,14
106121,2018,0.472222222222222,36
106121,2019,0.433333333333333,30
106136,2014,1,1
106136,2015,0.25,4
106137,2016,0.25,4
106137,2017,0,1
106137,2019,0.5,2
106138,2015,0,1
106138,2016,0.5,2
106138,2017,0.5,2
106138,2018,0,1
106148,2013,0,1
106148,2014,0.5,6
106148,2015,0.333333333333333,3
106148,2016,0.4,15
106148,2017,0.6,5
106148,2018,0.451612903225806,31
106148,2019,0.5,38
106150,2011,0.5,2
106150,2012,0,1
106150,2015,0,1
106150,2016,0,1
106150,2017,0,1
106150,2018,0.333333333333333,3
106158,2010,0.5,2
106158,2011,0,1
106158,2012,0.5,2
106158,2013,0.5,4
106165,2012,0,1
106167,2016,0.5,2
106167,2017,0,1
106167,2018,0,2
106169,2013,0,1
106169,2015,0,1
106174,2014,0,2
106174,2015,1,2
106174,2016,0.8,5
106174,2018,0,1
106175,2013,1,3
106175,2014,0.5,4
106175,2015,0,2
106175,2016,0.666666666666667,3
106175,2017,0,2
106175,2018,0.75,4
106177,2018,0.5,2
106184,2011,0,1
106186,2014,0.5,2
106186,2018,0.2,5
106186,2019,0,1
106198,2012,0,2
106198,2014,0.666666666666667,3
106198,2015,0.5,4
106198,2017,0,1
106198,2018,0,1
106198,2019,0.407407407407407,27
106199,2012,0,1
106201,2012,0.5,2
106201,2013,0.4,5
106201,2014,0.5,6
106203,2019,0,1
106207,2011,0,1
106207,2012,0.5,4
106207,2013,0,4
106207,2014,0.333333333333333,3
106207,2015,0,1
106210,2013,0.111111111111111,9
106210,2014,0.483870967741935,31
106210,2015,0.444444444444444,54
106210,2016,0.477272727272727,44
106210,2017,0.48,50
106210,2018,0.472222222222222,36
106210,2019,0.421052631578947,19
106214,2018,0.333333333333333,3
106214,2019,0.25,4
106216,2015,0,2
106216,2016,0.4,15
106216,2017,0.421052631578947,19
106216,2018,0.25,8
106216,2019,0.25,8
106218,2014,0,2
106218,2018,0.5,2
106218,2019,0.333333333333333,6
106220,2011,0,1
106220,2013,1,1
106220,2015,0.8,5
106220,2016,0,3
106220,2017,0,1
106220,2018,0,1
106220,2019,0.333333333333333,3
106223,2019,0.5,2
106225,2016,0.5,2
106225,2017,0.333333333333333,3
106227,2013,1,1
106227,2015,0,1
106227,2019,1,1
106228,2013,0,1
106228,2014,0,1
106228,2018,0,1
106228,2019,0.511627906976744,43
106232,2012,0,2
106232,2013,0.5,2
106232,2015,0,2
106232,2017,0,1
106232,2018,0,2
106232,2019,0,1
106233,2011,0.25,4
106233,2012,0.333333333333333,3
106233,2013,0.571428571428571,7
106233,2014,0.488888888888889,45
106233,2015,0.5625,64
106233,2016,0.714285714285714,84
106233,2017,0.64,75
106233,2018,0.710526315789474,76
106233,2019,0.735294117647059,68
106234,2013,0,2
106234,2014,0,1
106234,2015,0.5,2
106234,2016,0,3
106237,2014,0,1
106238,2014,0,1
106243,2014,0.333333333333333,9
106243,2015,0,5
106244,2011,0,1
106244,2012,0,2
106246,2011,0,1
106246,2012,0,1
106246,2013,0,1
106247,2015,0.5,2
106249,2015,1,1
106249,2017,0.666666666666667,3
106249,2018,0.333333333333333,3
106249,2019,0.5,4
106250,2016,0,2
106250,2017,0,1
106250,2018,0.333333333333333,3
106252,2018,0.333333333333333,3
106261,2012,0.5,2
106261,2015,0,1
106261,2016,0.25,8
106261,2017,0.4,5
106277,2012,0,1
106281,2012,0,1
106281,2015,0.5,2
106281,2016,0,2
106281,2017,0.5,4
106281,2018,0.25,4
106283,2014,0,1
106283,2017,0.25,4
106283,2018,0.25,4
106283,2019,0,1
106288,2016,0.5,2
106288,2017,0,2
106290,2013,0.5,2
106290,2014,0.333333333333333,3
106290,2015,0,3
106291,2013,0,1
106291,2014,0.5,4
106291,2015,0,2
106291,2016,0,1
106293,2014,0,1
106293,2015,0.25,4
106293,2016,0,2
106293,2017,0,1
106293,2019,0.5,4
106296,2016,0,2
106296,2017,0,1
106296,2018,0,4
106296,2019,0.461538461538462,13
106298,2013,0.2,5
106298,2014,0.333333333333333,6
106298,2015,0.461538461538462,26
106298,2016,0.607142857142857,56
106298,2017,0.620689655172414,58
106298,2018,0.543478260869565,46
106298,2019,0.5,42
106299,2014,0,2
106299,2015,0,2
106309,2012,1,1
106309,2013,0,5
106311,2017,0,1
106321,2014,0,1
106324,2017,0,1
106324,2018,0,2
106328,2013,0.5,2
106328,2016,0,1
106328,2017,0,2
106328,2018,0.333333333333333,3
106329,2016,0.461538461538462,13
106329,2017,0.351351351351351,37
106329,2018,0.476190476190476,21
106329,2019,0.266666666666667,15
106331,2017,0,2
106333,2018,0,1
106335,2017,0,1
106342,2012,0,1
106342,2013,0,1
106342,2014,0,1
106342,2015,0.666666666666667,3
106342,2016,0.333333333333333,3
106342,2017,0,1
106348,2018,0,1
106353,2014,0,2
106353,2018,1,2
106353,2019,0,1
106361,2016,0.5,6
106361,2017,0.166666666666667,6
106361,2018,0.666666666666667,3
106362,2014,0,2
106362,2015,0,2
106362,2017,0,1
106368,2013,0.5,2
106368,2015,0,2
106368,2016,0.375,8
106368,2017,0.615384615384615,13
106368,2018,0.5,16
106368,2019,0.2,5
106374,2013,0,1
106378,2013,0.2,5
106378,2014,0,4
106378,2015,0.142857142857143,7
106378,2016,0.523809523809524,42
106378,2017,0.5,60
106378,2018,0.633333333333333,60
106378,2019,0.447368421052632,38
106381,2013,0,1
106381,2014,0,1
106381,2015,0,1
106381,2017,0.5,2
106387,2014,1,1
106388,2019,0,1
106390,2015,0.5,2
106391,2018,0,2
106392,2017,0,2
106393,2014,0.5,2
106393,2015,0.333333333333333,3
106393,2016,0,1
106393,2017,0.666666666666667,3
106393,2018,0,1
106396,2018,0,1
106397,2013,0,2
106397,2014,0,1
106397,2017,1,1
106397,2018,0.75,4
106398,2016,0,1
106398,2018,0,1
106398,2019,0.666666666666667,3
106401,2013,0.5,4
106401,2014,0.526315789473684,19
106401,2015,0.568181818181818,44
106401,2016,0.727272727272727,55
106401,2017,0.627450980392157,51
106401,2018,0.619047619047619,42
106401,2019,0.611111111111111,36
106412,2015,0,1
106412,2016,0.2,5
106412,2017,0,1
106412,2018,0,3
106412,2019,0,1
106415,2014,0,1
106415,2015,0.375,8
106415,2016,0.454545454545455,22
106415,2017,0.5,18
106415,2018,0.454545454545455,22
106415,2019,0.487179487179487,39
106420,2017,0.2,5
106421,2016,0.5,10
106421,2017,0.48,50
106421,2018,0.652173913043478,69
106421,2019,0.736842105263158,76
106423,2013,0,1
106423,2014,0.25,8
106423,2015,0.40625,32
106423,2016,0,1
106423,2017,0.545454545454545,11
106423,2018,0.3,10
106423,2019,0.5,6
106425,2017,0,1
106426,2012,0,1
106426,2013,0.2,5
106426,2014,0.25,4
106426,2015,1,3
106426,2016,0,3
106426,2017,0.5,4
106426,2018,0,3
106426,2019,0.571428571428571,56
106430,2014,0,1
106432,2013,0,2
106432,2014,0.538461538461538,13
106432,2015,0.481481481481481,54
106432,2016,0.48936170212766,47
106432,2017,0.470588235294118,51
106432,2018,0.666666666666667,60
106432,2019,0.54,50
106764,2003,0,1
107098,2003,0,1
107098,2004,0.333333333333333,3
107098,2005,0.5,2
107098,2006,0.333333333333333,3
107098,2007,0.333333333333333,3
107098,2013,1,1
107552,2005,0,1
107552,2006,0,3
107552,2007,0,3
108344,2004,0,2
108344,2007,0,1
108587,2000,0,1
108593,2000,0,2
108594,2009,1,1
108600,2003,1,1
108601,2000,0,1
108607,2005,1,1
108618,2008,0,3
108631,2002,0,1
108632,2001,0,2
108641,2003,0,1
108644,2004,0.333333333333333,3
108644,2005,0,1
108644,2006,0,1
108645,2004,1,1
108646,2002,0,1
108652,2002,0,2
108675,2003,0,1
108682,2003,0,1
108683,2003,0,2
108685,2007,0.333333333333333,3
108690,2009,0,1
108697,2008,0,1
108697,2009,0,1
108698,2008,0,1
108699,2008,0,3
108699,2009,0,2
108701,2008,0,2
108701,2009,1,2
108701,2010,1,1
108701,2012,0.5,2
108701,2013,1,1
108704,2008,0,2
108705,2016,0,1
108709,2009,0,1
108713,2010,0.5,2
108717,2016,0.5,2
108720,2009,0.5,2
108734,2010,0,2
108737,2010,0,1
108739,2016,0.5,2
108739,2017,1,1
108739,2018,0,1
108739,2019,0.5,2
108748,2014,0.5,2
108748,2015,0,1
108748,2016,0.333333333333333,3
108748,2017,1,1
108749,2014,0.25,4
108760,2011,0,1
108761,2011,0,1
108761,2013,0,1
108761,2015,0,1
108761,2016,0.5,2
108761,2017,0,1
108772,2017,0,2
108896,2005,0,2
108901,2003,0,1
108911,2004,0,1
108912,2004,0,1
108912,2005,0,1
108925,2007,0,1
108925,2008,0,2
108925,2009,0,1
108927,2005,0,2
108927,2007,0,2
108930,2008,0.333333333333333,3
108939,2007,0,2
108949,2006,0,1
108950,2006,0,1
108957,2006,0,1
108981,2007,0,1
108984,2007,0,1
108985,2014,0,1
108985,2016,0,1
108997,2008,0,1
109054,2017,0,2
109054,2018,0.333333333333333,3
109303,2017,0.333333333333333,3
109520,2013,0.5,2
109520,2014,0,1
109640,2019,0,1
109699,2019,0,2
109737,2014,0.5,2
109739,2015,0,2
109739,2016,0,2
109739,2017,0,10
109739,2018,0.441860465116279,43
109739,2019,0.285714285714286,14
110476,2012,0,1
110476,2013,0,1
110536,2013,0,1
110536,2014,0,1
110536,2018,0,2
110536,2019,0.5,2
110596,2016,0,1
110602,2013,0,1
110602,2015,0.333333333333333,3
110602,2016,0.25,4
110602,2017,0.5,2
110602,2018,0.545454545454545,11
110602,2019,0.363636363636364,11
110636,2014,0,1
110685,2005,1,2
110685,2008,0,2
110685,2009,1,1
110686,2016,0,1
110686,2017,0,3
110748,2014,0.5,2
110748,2019,0.5,2
110754,2015,0,1
110778,2019,0,1
110781,2000,0,1
111153,2016,0,1
111153,2017,0.4,5
111153,2018,0,1
111153,2019,0.25,8
111156,2014,0,1
111167,2013,0,2
111167,2014,0,3
111167,2015,0,3
111167,2016,0,1
111181,2014,1,2
111181,2015,0,2
111181,2016,0.333333333333333,3
111190,2015,0.5,2
111190,2017,0.666666666666667,3
111190,2018,0,1
111190,2019,0.333333333333333,6
111192,2015,0,1
111192,2018,0,1
111192,2019,0,1
111197,2018,0.5,2
111200,2013,0,1
111200,2014,0.2,5
111200,2015,0.307692307692308,13
111200,2016,0.222222222222222,9
111200,2017,0.444444444444444,9
111200,2018,0.357142857142857,14
111200,2019,0.125,8
111202,2013,0,1
111202,2014,0.666666666666667,3
111202,2015,0.545454545454545,22
111202,2016,0.380952380952381,21
111202,2017,0.6,45
111202,2018,0.604166666666667,48
111202,2019,0.461538461538462,13
111442,2014,0,1
111442,2015,0,1
111442,2016,0.230769230769231,13
111442,2017,0.433333333333333,30
111442,2018,0.142857142857143,14
111442,2019,0.543478260869565,46
111444,2013,0,1
111444,2014,0,1
111453,2014,1,1
111453,2015,0,2
111453,2016,0.5,2
111453,2019,0,1
111456,2016,0,3
111456,2018,0.409090909090909,22
111456,2019,0.428571428571429,21
111459,2018,0,2
111460,2015,0,2
111460,2016,0.333333333333333,9
111460,2017,0.25,8
111460,2018,0.2,5
111460,2019,0,1
111506,2015,0,2
111506,2017,0,1
111511,2014,0,2
111511,2015,0,1
111511,2016,0.333333333333333,6
111511,2017,0.333333333333333,3
111511,2018,0.4,10
111511,2019,0,3
111513,2013,0,1
111513,2015,0,1
111513,2016,0,1
111513,2017,0.583333333333333,12
111513,2018,0.419354838709677,31
111513,2019,0.48780487804878,41
111515,2017,0,2
111515,2018,0,1
111515,2019,0,1
111574,2017,0,1
111574,2018,0,1
111574,2019,0,1
111575,2013,0.75,4
111575,2014,0,3
111575,2015,0,1
111575,2016,0.590909090909091,22
111575,2017,0.456140350877193,57
111575,2018,0.656716417910448,67
111575,2019,0.508771929824561,57
111576,2018,0,2
111576,2019,0,2
111577,2014,0,2
111577,2015,0.363636363636364,11
111577,2016,0.411764705882353,17
111577,2017,0.468085106382979,47
111577,2018,0.424242424242424,33
111577,2019,0.333333333333333,3
111578,2013,0,1
111578,2014,0,1
111578,2015,0,2
111578,2016,0.6,5
111578,2017,0.181818181818182,11
111578,2018,0,1
111581,2016,0,3
111581,2017,0,4
111581,2018,0.538461538461538,13
111581,2019,0,1
111761,2015,0.666666666666667,3
111761,2018,0.666666666666667,3
111761,2019,1,1
111781,2014,0,3
111781,2015,0,1
111781,2016,0,1
111790,2014,0,1
111790,2017,0,3
111790,2018,0,1
111790,2019,0.272727272727273,11
111794,2015,0,1
111794,2016,0.5,2
111794,2017,0,3
111794,2018,0.666666666666667,6
111794,2019,0.25,8
111795,2018,0,1
111795,2019,0,2
111797,2013,0,1
111797,2015,0.6,5
111797,2016,0,4
111797,2017,0.4,5
111797,2018,0.557692307692308,52
111797,2019,0.473684210526316,38
111805,2015,0.5,2
111805,2016,0.5,2
111805,2018,0,1
111815,2017,0.333333333333333,6
111815,2018,0.513513513513513,37
111815,2019,0.456521739130435,46
117352,2016,0,1
117353,2017,0,1
117353,2019,0.5,2
117356,2015,0.166666666666667,6
117356,2016,0.25,4
117356,2017,0.2,5
117356,2018,0,4
117356,2019,0,2
117357,2014,0,1
117357,2016,0.5,2
117357,2017,0,1
117360,2017,0,2
117360,2019,0.333333333333333,3
117361,2016,0,2
117361,2017,0.285714285714286,7
117365,2017,0,3
120401,2015,0.666666666666667,3
120401,2016,0.5,2
120424,2016,0,1
120424,2017,0.5,2
120424,2018,0.384615384615385,13
120424,2019,0.333333333333333,9
120798,2016,0.5,2
121411,2018,0,1
121531,2019,0,1
121896,2015,0,2
121896,2016,0,1
121896,2019,0,1
121971,2015,0,1
122078,2017,0.5,4
122078,2018,0.666666666666667,3
122109,2014,0,1
122109,2016,0,1
122109,2017,0,3
122109,2018,0,2
122109,2019,0.25,4
122236,2018,0,1
122279,2013,0,1
122298,2019,0,1
122321,2015,1,1
122330,2016,0.5,4
122330,2017,0.5,6
122330,2018,0.2,5
122330,2019,0.5,30
122471,2016,0,1
122533,2016,0.333333333333333,3
122533,2017,1,2
122548,2015,0,1
122548,2016,1,1
122548,2017,0,1
122548,2018,0.333333333333333,3
122548,2019,0,1
122570,2016,0,1
122570,2017,0,1
122635,2017,0,1
122669,2015,0,3
122669,2017,0,2
122669,2018,0.333333333333333,3
122669,2019,0,1
122687,2013,0,1
122687,2014,1,1
123755,2015,0.5,2
123755,2018,0.5,4
123755,2019,0.5,8
123768,2018,0,1
123773,2016,0,1
123795,2017,0,1
123795,2018,0,1
123795,2019,0.666666666666667,3
123814,2013,0,1
123828,2016,0,1
123915,2017,0,1
123921,2015,0,1
123921,2016,0.5,2
123921,2017,0,1
123921,2018,0.166666666666667,6
123965,2015,0,1
123983,2014,1,1
123983,2015,0,1
123997,2014,0,4
124014,2016,0.333333333333333,6
124014,2017,0.375,24
124014,2018,0.272727272727273,11
124014,2019,0,1
124022,2018,0,2
124023,2017,0,1
124063,2013,0,1
124063,2015,0,1
124063,2016,0,1
124079,2018,0,2
124079,2019,0,2
124116,2017,0.625,8
124116,2018,0.25,4
124116,2019,0.333333333333333,3
124186,2017,0,1
124186,2019,0,1
124187,2016,0.5,10
124187,2017,0.111111111111111,9
124187,2018,0.5,4
124187,2019,0.54,50
125802,2016,0.8,5
125802,2017,0.5,4
125802,2018,0.375,24
125802,2019,0.388888888888889,18
125803,2016,0,2
126094,2014,0.5,2
126094,2015,0.380952380952381,21
126094,2016,0.375,8
126094,2017,0.538461538461538,39
126094,2018,0.466666666666667,45
126094,2019,0.672727272727273,55
126116,2013,0,2
126120,2016,0,1
126120,2018,0,1
126120,2019,0.5,2
126125,2018,0,1
126125,2019,0,3
126127,2017,0.5,2
126127,2018,0,1
126128,2017,0,1
126149,2017,0,1
126149,2019,0.5,2
126152,2015,0,1
126156,2018,0,1
126156,2019,0.454545454545455,11
126185,2017,0,1
126190,2018,1,1
126190,2019,0,1
126197,2017,0,1
126203,2015,0.5,2
126203,2016,0.371428571428571,35
126203,2017,0.5,26
126203,2018,0.522727272727273,44
126203,2019,0.524590163934426,61
126204,2015,0,1
126204,2017,0,1
126204,2018,0.5,2
126204,2019,0,1
126205,2015,0,1
126205,2016,0.2,5
126205,2017,0.6,10
126205,2018,0.5,4
126205,2019,0.333333333333333,6
126207,2014,0,1
126207,2015,0.166666666666667,6
126207,2016,0.142857142857143,7
126207,2017,0.28,25
126207,2018,0.509090909090909,55
126207,2019,0.46,50
126208,2017,0,1
126223,2014,0,1
126237,2019,0.5,2
126340,2014,0,3
126340,2016,0.5,2
126340,2017,0.666666666666667,3
126340,2018,0,1
126340,2019,0,1
126473,2015,1,1
126502,2018,1,1
126523,2018,0.5,2
126523,2019,0,2
126526,2018,0.5,2
126530,2018,0.5,2
126535,2018,0.333333333333333,3
126555,2019,1,1
126609,2017,0,1
126609,2019,0,1
126610,2017,0,1
126610,2018,0.487179487179487,39
126610,2019,0.641791044776119,67
126627,2016,0,1
126646,2015,0,1
126646,2016,0,1
126652,2018,0.25,4
126652,2019,0.25,4
126689,2016,0,2
126689,2017,0,2
126774,2017,0.285714285714286,14
126774,2018,0.63013698630137,73
126774,2019,0.6875,80
126845,2018,0,1
126846,2018,0,1
126939,2018,1,1
126939,2019,0,1
126952,2017,0,1
126952,2018,0,1
126952,2019,0.5,14
127143,2017,1,2
127143,2018,0.333333333333333,3
127157,2017,0.4,5
127157,2019,0,1
127300,2016,0,1
127300,2018,1,1
127300,2019,1,1
127326,2015,0,1
127339,2018,0,1
127339,2019,0,2
128034,2016,0.25,4
128034,2017,0,2
128034,2018,0.368421052631579,19
128034,2019,0.520833333333333,48
131951,2017,0,1
131951,2019,0,1
132283,2016,0,1
132283,2018,0.454545454545455,11
132283,2019,0.465116279069767,43
132482,2018,0,4
132566,2015,0,1
133297,2018,0.5,4
133297,2019,0,1
133430,2016,0.5,4
133430,2017,0.461538461538462,26
133430,2018,0.555555555555556,63
133430,2019,0.582089552238806,67
133975,2018,0.8,5
133975,2019,1,2
134120,2016,1,2
134120,2017,0,1
134120,2018,0,1
134472,2016,0.25,4
134472,2017,0,2
134770,2016,0.333333333333333,3
134770,2017,0.4,15
134770,2018,0.4,15
134770,2019,0.547619047619048,42
134868,2017,0,2
134868,2018,0.5,2
134868,2019,0.25,4
134886,2016,0.5,2
134886,2018,1,1
136440,2017,0,1
136440,2018,0.333333333333333,3
136440,2019,0.5,8
138431,2018,0,1
138845,2018,1,1
138846,2017,0.5,2
138846,2018,0,1
144642,2017,1,1
144645,2018,0,1
144650,2019,1,1
144707,2015,0,1
144707,2016,0.5,2
144707,2017,0.285714285714286,7
144707,2018,0.555555555555556,9
144707,2019,0.461538461538462,13
144719,2015,0.333333333333333,3
144719,2016,0,1
144719,2017,0,1
144719,2018,0.444444444444444,27
144719,2019,0.416666666666667,36
144747,2016,0,2
144750,2016,0.333333333333333,3
144750,2017,0.75,8
144750,2018,0.4,5
144750,2019,0.434782608695652,23
144760,2016,0,1
144760,2017,0.333333333333333,3
144760,2018,0.333333333333333,3
144773,2016,0,2
144773,2017,0,1
144797,2016,0.5,2
144807,2018,0,1
144813,2016,0.5,2
144813,2017,0,1
144814,2016,0,1
144814,2017,0,1
144817,2018,0.5,4
144817,2019,0,2
144826,2017,0,2
144826,2018,0,1
144854,2017,0,1
144895,2018,0.214285714285714,14
144895,2019,0.333333333333333,15
144940,2017,0,1
144946,2019,0,1
144949,2017,0,1
144972,2017,0,1
144984,2019,0,1
144985,2019,0,1
145016,2015,0,1
2e+05,2018,0.352941176470588,17
2e+05,2019,0.607142857142857,56
200005,2018,0.333333333333333,6
200005,2019,0.421052631578947,38
200031,2017,0,2
200031,2018,0,1
200031,2019,0,1
200059,2017,0.333333333333333,3
200059,2018,0.375,8
200059,2019,0,1
200075,2017,0,2
200075,2018,1,1
200080,2016,0,1
200095,2017,0,1
200095,2018,0.5,2
200095,2019,0.333333333333333,3
200125,2017,0,1
200175,2018,0.25,4
200175,2019,0.522727272727273,44
200218,2018,0,2
200218,2019,0,1
200221,2019,0.230769230769231,13
200247,2017,0,1
200247,2019,0,1
200273,2018,1,4
200273,2019,0,2
200278,2018,0,2
200282,2017,0.285714285714286,7
200282,2018,0.563636363636364,55
200282,2019,0.677966101694915,59
200325,2017,0,1
200325,2018,0.5,6
200325,2019,1,2
200384,2018,0,1
200416,2017,1,1
200436,2018,0.5,4
200436,2019,0,1
200484,2017,0,1
200484,2018,0.4,5
200484,2019,0.285714285714286,7
200514,2018,0,1
200514,2019,0,4
200516,2017,0,1
200553,2019,0.5,2
200572,2017,0,1
200574,2018,0,1
200611,2018,0,1
200611,2019,0.333333333333333,3
200615,2018,0.166666666666667,6
200615,2019,0.379310344827586,29
200624,2018,0,1
200711,2018,0,1
202130,2018,0,1
202165,2018,1,1
202358,2018,0,1
202358,2019,0,1
202382,2017,0.5,2
202382,2018,0,1
202385,2018,0,1
202385,2019,0.5,2
202462,2018,0,2
205734,2018,0,1
205734,2019,0.25,4
206173,2019,0.523809523809524,21
206703,2019,0,2
207139,2018,0,2
207400,2018,0,1
207415,2018,1,1
207479,2018,0,1
207797,2019,1,2
207836,2018,0,1
208029,2019,0.5,2
208230,2019,0,1
208260,2019,0,1
NA,2000,NA,3248
NA,2001,NA,3294
NA,2002,NA,3101
NA,2003,NA,3022
NA,2004,NA,3195
NA,2005,NA,3186
NA,2006,NA,3187
NA,2007,NA,3200
NA,2008,NA,2957
NA,2009,NA,3000
NA,2010,NA,2968
NA,2011,NA,2937
NA,2012,NA,3001
NA,2013,NA,2865
NA,2014,NA,2754
NA,2015,NA,2875
NA,2016,NA,2881
NA,2017,NA,2860
NA,2018,NA,2941
NA,2019,NA,2680
